[2026-08-02 14:47:35.176] [INFO   ] [JuggManagerCreator] Start Init Jugg by embedded on /Users/radar/Downloads/gitlab127001/bayshier
[2026-08-02 14:47:35.179] [FINE   ] [JuggServer] init finished, version: 3.0.33-release, projectId: bayshier, userName: Easin, requestToken: a9d90c78, serverUrl: http://sickworm.com:12305
[2026-08-02 14:47:35.180] [FINE   ] [JuggServerChooser] isForce=true, update server.
[2026-08-02 14:47:35.180] [FINE   ] [JuggServerChooser] Update server rules: [ServerRule(url=http://wormchen-any1.devcloud.woa.com:12305, checkReachableHost=wormchen-any1.devcloud.woa.com), ServerRule(url=http://sickworm.com:12305, checkReachableHost=null)]
[2026-08-02 14:47:35.180] [FINE   ] [JuggServerChooser] Check server rule: ServerRule(url=http://wormchen-any1.devcloud.woa.com:12305, checkReachableHost=wormchen-any1.devcloud.woa.com)
[2026-08-02 14:47:35.182] [INFO   ] [ConstRefEngine] ConstRefEngine io throttle enabled, fullScan=3000ms/50files, fileChange=500ms/200files, preCompile=0ms/1files, onDemand=0ms/1files
[2026-08-02 14:47:35.183] [FINE   ] [McpLocalServer] start: Server is already running
[2026-08-02 14:47:35.184] [FINE   ] [JuggManager] job <Init Jugg> waiting for TaskRunnerManager lock, thread=ApplicationImpl pooled thread 5
[2026-08-02 14:47:35.184] [FINE   ] [JuggManager] job <Init Jugg> acquired TaskRunnerManager lock, waitCost=0ms
[2026-08-02 14:47:35.184] [FINE   ] [JuggManager] job <Init Jugg> start
[2026-08-02 14:47:35.184] [FINE   ] [AsDeployerCompat] IDE version: IdeVersion(name=Android Studio Quail 3 | 2026.1.3, type=AI, mainVersion=261.26222.65, fullVersion=261.26222.65.2613.15948027)
[2026-08-02 14:47:35.184] [WARNING] [AsDeployerCompat] Bad! IDE version higher than IdeVersion(name=Android Studio Quail, type=AI, mainVersion=261.23567.138, fullVersion=261.23567.138), use this for compat, good luck.
[2026-08-02 14:47:35.184] [FINE   ] [CustomConfigManager] Custom config changed from null to 0_1784859917139, reload it.
[2026-08-02 14:47:35.185] [FINE   ] [CustomConfigManager] Load default custom config: ProjectCustomConfig(servers=null, buildFileList=[], buildFileRules=[], dontFilterIgnoredFileRules=[], moduleCustomConfigs=[], customCompilers=null, embeddedApksSearchRules=null)
[2026-08-02 14:47:35.185] [FINE   ] [FileChangesHandler] updateBuildFileRules: [], doNotIgnoreModulePaths: []
[2026-08-02 14:47:35.185] [FINE   ] [CustomCompilerManager] updateCustomCompilers null
[2026-08-02 14:47:35.185] [FINE   ] [CustomCompilerManager] updateCustomCompilers with null config, exit.
[2026-08-02 14:47:35.185] [FINE   ] [JuggManager] JuggConfigurationType currentList: []
[2026-08-02 14:47:35.186] [FINE   ] [JuggServerChooser] Update server rules: [ServerRule(url=http://wormchen-any1.devcloud.woa.com:12305, checkReachableHost=wormchen-any1.devcloud.woa.com), ServerRule(url=http://sickworm.com:12305, checkReachableHost=null)]
[2026-08-02 14:47:35.186] [FINE   ] [JuggServerChooser] Check server rule: ServerRule(url=http://wormchen-any1.devcloud.woa.com:12305, checkReachableHost=wormchen-any1.devcloud.woa.com)
[2026-08-02 14:47:35.186] [FINE   ] [JuggManager] Suggest run configurations: []
[2026-08-02 14:47:35.186] [FINE   ] [JuggManager] No suggest run configuration
[2026-08-02 14:47:35.186] [FINE   ] [ProjectInfoReader] IDE version: IdeVersion(name=Android Studio Quail 3 | 2026.1.3, type=AI, mainVersion=261.26222.65, fullVersion=261.26222.65.2613.15948027)
[2026-08-02 14:47:35.186] [FINE   ] [ProjectInfoReader] plugin info: Version: 3.0.33-release, Compile-Date: 2026-07-23 13:31:49, Compile-Timestamp: 1784784709531, 
[2026-08-02 14:47:35.186] [FINE   ] [ProjectInfoReader] os.name: Mac OS X, os.version: 26.5.2
[2026-08-02 14:47:35.186] [FINE   ] [ProjectInfoReader] Idea JVM version: [25, 0, 2]
[2026-08-02 14:47:35.186] [FINE   ] [ProjectInfoReader] gradleDistributionUrl: [file not found]
[2026-08-02 14:47:35.186] [FINE   ] [ProjectInfoReader] systemPath: /Users/radar/Library/Caches/Google/AndroidStudio2026.1.3
[2026-08-02 14:47:35.186] [FINE   ] [ProjectInfoReader] device MIN API: 26
[2026-08-02 14:47:35.186] [FINE   ] [ProjectInfoReader] printProjectInfo cost: 0 ms
[2026-08-02 14:47:35.187] [FINE   ] [DeployHistoryManager] checkProjectDirChanged, historyProjectDir: /Users/radar/Downloads/gitlab127001/bayshier, realProjectDir: /Users/radar/Downloads/gitlab127001/bayshier
[2026-08-02 14:47:35.187] [FINE   ] [DeployHistoryManager] Project dir is not changed, continue to recover from deploy history later
[2026-08-02 14:47:35.187] [INFO   ] [JuggManager] Start jugg finished.
[2026-08-02 14:47:35.187] [FINE   ] [JuggManager] Checking updates...
[2026-08-02 14:47:35.187] [FINE   ] [JuggManager] JuggDeploymentService.preInit, cost 0ms
[2026-08-02 14:47:35.187] [FINE   ] [JuggManager] job <Init Jugg> finished, cost 3ms
[2026-08-02 14:47:35.226] [FINE   ] [JuggServer] report Init Jugg response: [200] 2349361
[2026-08-02 14:47:35.410] [FINE   ] [JuggManager] job <Init project info> waiting for TaskRunnerManager lock, thread=ApplicationImpl pooled thread 11
[2026-08-02 14:47:35.410] [FINE   ] [JuggManager] job <Init project info> acquired TaskRunnerManager lock, waitCost=0ms
[2026-08-02 14:47:35.410] [FINE   ] [JuggManager] job <Init project info> start
[2026-08-02 14:47:35.411] [FINE   ] [JuggManager] Start recover deploy context
[2026-08-02 14:47:35.414] [FINE   ] [DeployHistoryManager] tryGetContextRecoverInfoFromDb recover feature is available
[2026-08-02 14:47:35.414] [FINE   ] [DeployHistoryManager] getChangedFilesSinceLastFullCompiled isOnInit true
[2026-08-02 14:47:35.416] [INFO   ] [DeployHistoryManager] Project has not been commit yet, fullCompileGitCommitHash is null, need full compile first.
[2026-08-02 14:47:35.416] [FINE   ] [DeployHistoryManager] No compile context db found
[2026-08-02 14:47:35.416] [FINE   ] [DeployHistoryManager] tryGetContextRecoverInfoFromDb, changedFiles: null, cost: 2ms; compileContextInfo: null, cost: 0ms; deployedFiles: null,  cost: 0ms.
[2026-08-02 14:47:35.416] [FINE   ] [DeployHistoryManager] getChangedFilesSinceLastFullCompiled failed, return null
[2026-08-02 14:47:35.416] [FINE   ] [JuggManager] Can not recover from deploy history, please run gradle compile first
[2026-08-02 14:47:35.416] [FINE   ] [JuggManager] job <Init project info> finished, cost 6ms
[2026-08-02 14:47:35.462] [FINE   ] [JuggServer] check update response: [200] {"latestVersion":"3.1.5-release","isNeedUpgrade":false,"downloadUrl":"http://sickworm.com:12305/download_page","templateList":[],"notification":null,"customConfigJson":{"servers":null,"buildFileList":[],"buildFileRules":[],"dontFilterIgnoredFileRules":[],"moduleCustomConfigs":[],"customCompilers":null}}
[2026-08-02 14:47:35.462] [FINE   ] [CheckUpdateHandler] Check update result: VersionData(latestVersion=3.1.5-release, isNeedUpgrade=false, downloadUrl=http://sickworm.com:12305/download_page, templateList=[], notification=null, customConfigJson=ProjectCustomConfig(servers=null, buildFileList=[], buildFileRules=[], dontFilterIgnoredFileRules=[], moduleCustomConfigs=[], customCompilers=null, embeddedApksSearchRules=null))
[2026-08-02 14:47:35.463] [FINE   ] [CustomConfigManager] No need to update default custom config.
[2026-08-02 14:47:35.464] [FINE   ] [JuggHotUpdateDownloader] notifyHotUpdateIfNeeded false
[2026-08-02 14:47:35.464] [FINE   ] [JuggHotUpdateDownloader] notifyInstallUpdateIfNeeded false
[2026-08-02 14:47:35.478] [FINE   ] [JuggServer] report Init project info response: [200] 2349363
[2026-08-02 14:47:37.308] [FINE   ] [McpLocalServer] start: Server is already running
[2026-08-02 14:47:38.575] [FINE   ] [McpLocalServer] start: Server is already running
[2026-08-02 14:47:40.203] [FINE   ] [JuggServerChooser] wormchen-any1.devcloud.woa.com is not reachable
[2026-08-02 14:47:40.203] [FINE   ] [JuggServerChooser] Check server rule: ServerRule(url=http://sickworm.com:12305, checkReachableHost=null)
[2026-08-02 14:47:40.203] [FINE   ] [JuggServerChooser] Choose server http://sickworm.com:12305 for no check condition.
[2026-08-02 14:47:40.203] [FINE   ] [JuggServerChooser] wormchen-any1.devcloud.woa.com is not reachable
[2026-08-02 14:47:40.203] [FINE   ] [JuggServerChooser] Check server rule: ServerRule(url=http://sickworm.com:12305, checkReachableHost=null)
[2026-08-02 14:47:40.203] [FINE   ] [JuggServerChooser] Choose server http://sickworm.com:12305 for no check condition.
[2026-08-02 14:47:40.203] [FINE   ] [JuggServerChooser] No need update server, still use http://sickworm.com:12305
[2026-08-02 14:47:40.204] [FINE   ] [JuggServerChooser] No need update server, still use http://sickworm.com:12305
[2026-08-02 14:47:42.596] [FINE   ] [McpLocalServer] start: Server is already running
[2026-08-02 14:47:45.192] [FINE   ] [JuggManager] background job <Auto update Jugg CLI> start
[2026-08-02 14:47:45.192] [FINE   ] [JuggCliAutoUpdater] Already auto-update check
[2026-08-02 14:47:45.192] [FINE   ] [JuggManager] background job <Auto update Jugg CLI> finished, cost 0ms
[2026-08-02 14:49:28.955] [FINE   ] [JuggHotUpdateDownloader] checkHotUpdate: HotUpdateData(isNeedUpdate=false, targetVersion=, updateInfo=null, jarFileInfos=[], isNeedReinstall=false)
[2026-08-02 14:49:32.848] [FINE   ] [JuggHotUpdateDownloader] checkHotUpdate: HotUpdateData(isNeedUpdate=false, targetVersion=, updateInfo=null, jarFileInfos=[], isNeedReinstall=false)
[2026-08-02 14:49:35.191] [FINE   ] [JuggManager] background job <Cleanup mcp fetch cache> start
[2026-08-02 14:49:35.195] [FINE   ] [McpFetchCleaner] skip mcp_fetch cleanup because /Users/radar/Downloads/gitlab127001/bayshier/build/jugg/mcp_fetch does not exist
[2026-08-02 14:49:35.195] [FINE   ] [JuggManager] background job <Cleanup mcp fetch cache> finished, cost 3ms
[2026-08-02 14:49:35.468] [FINE   ] [JuggHotUpdateDownloader] checkHotUpdate
[2026-08-02 14:49:35.501] [FINE   ] [JuggServer] checkHotUpdate response: [200] {"isNeedUpdate":false,"isNeedReinstall":false,"targetVersion":"","updateInfo":null,"jarFileInfos":[]}
[2026-08-02 14:49:35.503] [FINE   ] [JuggHotUpdateDownloader] checkHotUpdate: HotUpdateData(isNeedUpdate=false, targetVersion=, updateInfo=null, jarFileInfos=[], isNeedReinstall=false)
[2026-08-02 14:49:37.591] [FINE   ] [JuggHotUpdateDownloader] checkHotUpdate: HotUpdateData(isNeedUpdate=false, targetVersion=, updateInfo=null, jarFileInfos=[], isNeedReinstall=false)
[2026-08-02 14:49:38.706] [FINE   ] [JuggHotUpdateDownloader] checkHotUpdate: HotUpdateData(isNeedUpdate=false, targetVersion=, updateInfo=null, jarFileInfos=[], isNeedReinstall=false)
[2026-08-02 14:49:42.800] [FINE   ] [JuggHotUpdateDownloader] checkHotUpdate: HotUpdateData(isNeedUpdate=false, targetVersion=, updateInfo=null, jarFileInfos=[], isNeedReinstall=false)
[2026-08-02 18:49:29.157] [FINE   ] [JuggHotUpdateDownloader] checkHotUpdate: HotUpdateData(isNeedUpdate=false, targetVersion=, updateInfo=null, jarFileInfos=[], isNeedReinstall=false)
[2026-08-02 18:49:35.632] [FINE   ] [JuggHotUpdateDownloader] checkHotUpdate
[2026-08-02 18:49:35.675] [FINE   ] [JuggServer] checkHotUpdate response: [200] {"isNeedUpdate":false,"isNeedReinstall":false,"targetVersion":"","updateInfo":null,"jarFileInfos":[]}
[2026-08-02 18:49:35.680] [FINE   ] [JuggHotUpdateDownloader] checkHotUpdate: HotUpdateData(isNeedUpdate=false, targetVersion=, updateInfo=null, jarFileInfos=[], isNeedReinstall=false)
[2026-08-02 18:49:37.755] [FINE   ] [JuggHotUpdateDownloader] checkHotUpdate: HotUpdateData(isNeedUpdate=false, targetVersion=, updateInfo=null, jarFileInfos=[], isNeedReinstall=false)
[2026-08-02 18:49:38.874] [FINE   ] [JuggHotUpdateDownloader] checkHotUpdate: HotUpdateData(isNeedUpdate=false, targetVersion=, updateInfo=null, jarFileInfos=[], isNeedReinstall=false)
[2026-08-02 18:49:42.963] [FINE   ] [JuggHotUpdateDownloader] checkHotUpdate: HotUpdateData(isNeedUpdate=false, targetVersion=, updateInfo=null, jarFileInfos=[], isNeedReinstall=false)
[2026-08-02 22:49:29.264] [FINE   ] [JuggHotUpdateDownloader] checkHotUpdate: HotUpdateData(isNeedUpdate=false, targetVersion=, updateInfo=null, jarFileInfos=[], isNeedReinstall=false)
[2026-08-02 22:49:35.699] [FINE   ] [JuggHotUpdateDownloader] checkHotUpdate
[2026-08-02 22:49:35.732] [FINE   ] [JuggServer] checkHotUpdate response: [200] {"isNeedUpdate":false,"isNeedReinstall":false,"targetVersion":"","updateInfo":null,"jarFileInfos":[]}
[2026-08-02 22:49:35.734] [FINE   ] [JuggHotUpdateDownloader] checkHotUpdate: HotUpdateData(isNeedUpdate=false, targetVersion=, updateInfo=null, jarFileInfos=[], isNeedReinstall=false)
[2026-08-02 22:49:37.810] [FINE   ] [JuggHotUpdateDownloader] checkHotUpdate: HotUpdateData(isNeedUpdate=false, targetVersion=, updateInfo=null, jarFileInfos=[], isNeedReinstall=false)
[2026-08-02 22:49:38.921] [FINE   ] [JuggHotUpdateDownloader] checkHotUpdate: HotUpdateData(isNeedUpdate=false, targetVersion=, updateInfo=null, jarFileInfos=[], isNeedReinstall=false)
[2026-08-02 22:49:43.015] [FINE   ] [JuggHotUpdateDownloader] checkHotUpdate: HotUpdateData(isNeedUpdate=false, targetVersion=, updateInfo=null, jarFileInfos=[], isNeedReinstall=false)
[2026-08-03 02:49:29.337] [FINE   ] [JuggHotUpdateDownloader] checkHotUpdate: HotUpdateData(isNeedUpdate=false, targetVersion=, updateInfo=null, jarFileInfos=[], isNeedReinstall=false)
[2026-08-03 02:49:35.738] [FINE   ] [JuggHotUpdateDownloader] checkHotUpdate
[2026-08-03 02:49:35.778] [FINE   ] [JuggServer] checkHotUpdate response: [200] {"isNeedUpdate":false,"isNeedReinstall":false,"targetVersion":"","updateInfo":null,"jarFileInfos":[]}
[2026-08-03 02:49:35.780] [FINE   ] [JuggHotUpdateDownloader] checkHotUpdate: HotUpdateData(isNeedUpdate=false, targetVersion=, updateInfo=null, jarFileInfos=[], isNeedReinstall=false)
[2026-08-03 02:49:37.843] [FINE   ] [JuggHotUpdateDownloader] checkHotUpdate: HotUpdateData(isNeedUpdate=false, targetVersion=, updateInfo=null, jarFileInfos=[], isNeedReinstall=false)
[2026-08-03 02:49:38.960] [FINE   ] [JuggHotUpdateDownloader] checkHotUpdate: HotUpdateData(isNeedUpdate=false, targetVersion=, updateInfo=null, jarFileInfos=[], isNeedReinstall=false)
[2026-08-03 02:49:43.054] [FINE   ] [JuggHotUpdateDownloader] checkHotUpdate: HotUpdateData(isNeedUpdate=false, targetVersion=, updateInfo=null, jarFileInfos=[], isNeedReinstall=false)
[2026-08-03 06:49:29.286] [FINE   ] [JuggHotUpdateDownloader] checkHotUpdate: HotUpdateData(isNeedUpdate=false, targetVersion=, updateInfo=null, jarFileInfos=[], isNeedReinstall=false)
[2026-08-03 06:49:35.660] [FINE   ] [JuggHotUpdateDownloader] checkHotUpdate
[2026-08-03 06:49:35.695] [FINE   ] [JuggServer] checkHotUpdate response: [200] {"isNeedUpdate":false,"isNeedReinstall":false,"targetVersion":"","updateInfo":null,"jarFileInfos":[]}
[2026-08-03 06:49:35.698] [FINE   ] [JuggHotUpdateDownloader] checkHotUpdate: HotUpdateData(isNeedUpdate=false, targetVersion=, updateInfo=null, jarFileInfos=[], isNeedReinstall=false)
[2026-08-03 06:49:37.757] [FINE   ] [JuggHotUpdateDownloader] checkHotUpdate: HotUpdateData(isNeedUpdate=false, targetVersion=, updateInfo=null, jarFileInfos=[], isNeedReinstall=false)
[2026-08-03 06:49:38.874] [FINE   ] [JuggHotUpdateDownloader] checkHotUpdate: HotUpdateData(isNeedUpdate=false, targetVersion=, updateInfo=null, jarFileInfos=[], isNeedReinstall=false)
[2026-08-03 06:49:42.969] [FINE   ] [JuggHotUpdateDownloader] checkHotUpdate: HotUpdateData(isNeedUpdate=false, targetVersion=, updateInfo=null, jarFileInfos=[], isNeedReinstall=false)
[2026-08-03 10:49:29.489] [FINE   ] [JuggHotUpdateDownloader] checkHotUpdate: HotUpdateData(isNeedUpdate=false, targetVersion=, updateInfo=null, jarFileInfos=[], isNeedReinstall=false)
[2026-08-03 10:49:35.808] [FINE   ] [JuggHotUpdateDownloader] checkHotUpdate
[2026-08-03 10:49:35.839] [FINE   ] [JuggServer] checkHotUpdate response: [200] {"isNeedUpdate":false,"isNeedReinstall":false,"targetVersion":"","updateInfo":null,"jarFileInfos":[]}
[2026-08-03 10:49:35.841] [FINE   ] [JuggHotUpdateDownloader] checkHotUpdate: HotUpdateData(isNeedUpdate=false, targetVersion=, updateInfo=null, jarFileInfos=[], isNeedReinstall=false)
[2026-08-03 10:49:37.903] [FINE   ] [JuggHotUpdateDownloader] checkHotUpdate: HotUpdateData(isNeedUpdate=false, targetVersion=, updateInfo=null, jarFileInfos=[], isNeedReinstall=false)
[2026-08-03 10:49:39.014] [FINE   ] [JuggHotUpdateDownloader] checkHotUpdate: HotUpdateData(isNeedUpdate=false, targetVersion=, updateInfo=null, jarFileInfos=[], isNeedReinstall=false)
[2026-08-03 10:49:43.164] [FINE   ] [JuggHotUpdateDownloader] checkHotUpdate: HotUpdateData(isNeedUpdate=false, targetVersion=, updateInfo=null, jarFileInfos=[], isNeedReinstall=false)
[2026-08-03 14:49:29.422] [FINE   ] [JuggHotUpdateDownloader] checkHotUpdate: HotUpdateData(isNeedUpdate=false, targetVersion=, updateInfo=null, jarFileInfos=[], isNeedReinstall=false)
[2026-08-03 14:49:35.716] [FINE   ] [JuggHotUpdateDownloader] checkHotUpdate
[2026-08-03 14:49:35.740] [FINE   ] [JuggServer] checkHotUpdate response: [200] {"isNeedUpdate":false,"isNeedReinstall":false,"targetVersion":"","updateInfo":null,"jarFileInfos":[]}
[2026-08-03 14:49:35.742] [FINE   ] [JuggHotUpdateDownloader] checkHotUpdate: HotUpdateData(isNeedUpdate=false, targetVersion=, updateInfo=null, jarFileInfos=[], isNeedReinstall=false)
[2026-08-03 14:49:37.812] [FINE   ] [JuggHotUpdateDownloader] checkHotUpdate: HotUpdateData(isNeedUpdate=false, targetVersion=, updateInfo=null, jarFileInfos=[], isNeedReinstall=false)
[2026-08-03 14:49:38.920] [FINE   ] [JuggHotUpdateDownloader] checkHotUpdate: HotUpdateData(isNeedUpdate=false, targetVersion=, updateInfo=null, jarFileInfos=[], isNeedReinstall=false)
[2026-08-03 14:49:43.156] [FINE   ] [JuggHotUpdateDownloader] checkHotUpdate: HotUpdateData(isNeedUpdate=false, targetVersion=, updateInfo=null, jarFileInfos=[], isNeedReinstall=false)
[2026-08-03 18:49:29.577] [FINE   ] [JuggHotUpdateDownloader] checkHotUpdate: HotUpdateData(isNeedUpdate=false, targetVersion=, updateInfo=null, jarFileInfos=[], isNeedReinstall=false)
[2026-08-03 18:49:35.756] [FINE   ] [JuggHotUpdateDownloader] checkHotUpdate
[2026-08-03 18:49:35.785] [FINE   ] [JuggServer] checkHotUpdate response: [200] {"isNeedUpdate":false,"isNeedReinstall":false,"targetVersion":"","updateInfo":null,"jarFileInfos":[]}
[2026-08-03 18:49:35.788] [FINE   ] [JuggHotUpdateDownloader] checkHotUpdate: HotUpdateData(isNeedUpdate=false, targetVersion=, updateInfo=null, jarFileInfos=[], isNeedReinstall=false)
[2026-08-03 18:49:37.855] [FINE   ] [JuggHotUpdateDownloader] checkHotUpdate: HotUpdateData(isNeedUpdate=false, targetVersion=, updateInfo=null, jarFileInfos=[], isNeedReinstall=false)
[2026-08-03 18:49:38.958] [FINE   ] [JuggHotUpdateDownloader] checkHotUpdate: HotUpdateData(isNeedUpdate=false, targetVersion=, updateInfo=null, jarFileInfos=[], isNeedReinstall=false)
[2026-08-03 18:49:43.202] [FINE   ] [JuggHotUpdateDownloader] checkHotUpdate: HotUpdateData(isNeedUpdate=false, targetVersion=, updateInfo=null, jarFileInfos=[], isNeedReinstall=false)
[2026-08-03 22:49:29.500] [FINE   ] [JuggHotUpdateDownloader] checkHotUpdate: HotUpdateData(isNeedUpdate=true, targetVersion=3.0.35-release, updateInfo=NotificationData(title=Jugg 已更新至：3.0.35-release, content=<html><p>更新内容：(2026.07.23)</p><p>1. 修复复合工程存在同名 app 模块时 Application R.jar 丢失，导致增量编译找不到 R 的问题</p><p>2. 隐藏可恢复的 DataBinding 编译失败警告，仅保留调试日志</p><p>3. 修复 Android Studio Quail 单选设备时错误部署到所有已连接设备的问题</p></html>, buttonText=null, jumpUrl=null, isSticky=true), jarFileInfos=[JarFileInfo(uniqueName=kotlin-daemon-embeddable-1.9.23.jar, url=https://jugg.sickworm.com/download_hot_update?version=3.0.35-release&fileKey=kotlin-daemon-embeddable-1.9.23.jar, md5=9b1362b8576bd085058d8be2ae34c316), JarFileInfo(uniqueName=trove4j-1.0.20200330.jar, url=https://jugg.sickworm.com/download_hot_update?version=3.0.35-release&fileKey=trove4j-1.0.20200330.jar, md5=bb75697e375d588a9d3f8f2653b30f77), JarFileInfo(uniqueName=v_narwhal-12dc464b5.jar, url=https://jugg.sickworm.com/download_hot_update?version=3.0.35-release&fileKey=v_narwhal-12dc464b5.jar, md5=1c87efc67da528bb93b3ecf026320a7e), JarFileInfo(uniqueName=kotlin-reflect-1.9.23.jar, url=https://jugg.sickworm.com/download_hot_update?version=3.0.35-release&fileKey=kotlin-reflect-1.9.23.jar, md5=08f576baf497678c7a08b5cd14bc707a), JarFileInfo(uniqueName=databinding-compiler-common-8.7.3.jar, url=https://jugg.sickworm.com/download_hot_update?version=3.0.35-release&fileKey=databinding-compiler-common-8.7.3.jar, md5=eab0027e90ef13434c8d7e23e68cc3bb), JarFileInfo(uniqueName=JavaEWAH-1.2.3.jar, url=https://jugg.sickworm.com/download_hot_update?version=3.0.35-release&fileKey=JavaEWAH-1.2.3.jar, md5=8fdeda28c1fb10e67b3d79f86bef5e61), JarFileInfo(uniqueName=kotlinx-metadata-jvm-0.9.0.jar, url=https://jugg.sickworm.com/download_hot_update?version=3.0.35-release&fileKey=kotlinx-metadata-jvm-0.9.0.jar, md5=b339ca5ef7c29e18529bf487a0fb9f4d), JarFileInfo(uniqueName=v_narwhal_feature-12dc464b5.jar, url=https://jugg.sickworm.com/download_hot_update?version=3.0.35-release&fileKey=v_narwhal_feature-12dc464b5.jar, md5=21d5b536f6e1da6fd7722986d8cec17f), JarFileInfo(uniqueName=kotlin-script-runtime-1.9.23.jar, url=https://jugg.sickworm.com/download_hot_update?version=3.0.35-release&fileKey=kotlin-script-runtime-1.9.23.jar, md5=c741a84781d9661f79b3ad7b3cac63d5), JarFileInfo(uniqueName=FastInfoset-1.2.16.jar, url=https://jugg.sickworm.com/download_hot_update?version=3.0.35-release&fileKey=FastInfoset-1.2.16.jar, md5=f7f4be4695e2501a6d585beca305c74c), JarFileInfo(uniqueName=kotlin-stdlib-jdk7-1.9.23.jar, url=https://jugg.sickworm.com/download_hot_update?version=3.0.35-release&fileKey=kotlin-stdlib-jdk7-1.9.23.jar, md5=3818d01fbd742c4ef31bdccaa1825524), JarFileInfo(uniqueName=jakarta.xml.bind-api-2.3.2.jar, url=https://jugg.sickworm.com/download_hot_update?version=3.0.35-release&fileKey=jakarta.xml.bind-api-2.3.2.jar, md5=dabb40ba58199304c640b7bd8bb2fbac), JarFileInfo(uniqueName=gson-2.10.1.jar, url=https://jugg.sickworm.com/download_hot_update?version=3.0.35-release&fileKey=gson-2.10.1.jar, md5=df6097815738cb31fc56391553210843), JarFileInfo(uniqueName=databinding-compiler-8.7.3.jar, url=https://jugg.sickworm.com/download_hot_update?version=3.0.35-release&fileKey=databinding-compiler-8.7.3.jar, md5=20c1d22a79fcfed926a47493708c1c02), JarFileInfo(uniqueName=javapoet-1.10.0.jar, url=https://jugg.sickworm.com/download_hot_update?version=3.0.35-release&fileKey=javapoet-1.10.0.jar, md5=58f542814fa3501790a57c212f20dafe), JarFileInfo(uniqueName=v_otter-0bd665c7d.jar, url=https://jugg.sickworm.com/download_hot_update?version=3.0.35-release&fileKey=v_otter-0bd665c7d.jar, md5=c6c18314450bcb3a8966af031dbfbbca), JarFileInfo(uniqueName=annotations-13.0.jar, url=https://jugg.sickworm.com/download_hot_update?version=3.0.35-release&fileKey=annotations-13.0.jar, md5=f4fb462172517b46b6cd90003508515a), JarFileInfo(uniqueName=aapt2-inclink-ae75b9235.jar, url=https://jugg.sickworm.com/download_hot_update?version=3.0.35-release&fileKey=aapt2-inclink-ae75b9235.jar, md5=5a950f00b73be8231db08ce156bd084e), JarFileInfo(uniqueName=classgraph-4.8.110.jar, url=https://jugg.sickworm.com/download_hot_update?version=3.0.35-release&fileKey=classgraph-4.8.110.jar, md5=8a9143146fb4e5089159a8eba84c34ee), JarFileInfo(uniqueName=v_giraffe-21061cc13.jar, url=https://jugg.sickworm.com/download_hot_update?version=3.0.35-release&fileKey=v_giraffe-21061cc13.jar, md5=7ac4f7c12576f6f3498e48558a3c6d26), JarFileInfo(uniqueName=jugg-repackage-asm-tree-9.8.jar, url=https://jugg.sickworm.com/download_hot_update?version=3.0.35-release&fileKey=jugg-repackage-asm-tree-9.8.jar, md5=f9e2cd9467098c52d353736c12407e70), JarFileInfo(uniqueName=jugg-repackage-asm-commons-9.8.jar, url=https://jugg.sickworm.com/download_hot_update?version=3.0.35-release&fileKey=jugg-repackage-asm-commons-9.8.jar, md5=669e4797e611944b7ee7e05be66668a3), JarFileInfo(uniqueName=commons-codec-1.16.0.jar, url=https://jugg.sickworm.com/download_hot_update?version=3.0.35-release&fileKey=commons-codec-1.16.0.jar, md5=6e26920fa7228891980890cce06b718c), JarFileInfo(uniqueName=baseLibrary-8.7.3.jar, url=https://jugg.sickworm.com/download_hot_update?version=3.0.35-release&fileKey=baseLibrary-8.7.3.jar, md5=d4fb415454f1c7211401c41c9be31e05), JarFileInfo(uniqueName=databinding-common-8.7.3.jar, url=https://jugg.sickworm.com/download_hot_update?version=3.0.35-release&fileKey=databinding-common-8.7.3.jar, md5=53eabd81209a65d44483e3f3460cda42), JarFileInfo(uniqueName=org.eclipse.jgit-6.8.0.202311291450-r.jar, url=https://jugg.sickworm.com/download_hot_update?version=3.0.35-release&fileKey=org.eclipse.jgit-6.8.0.202311291450-r.jar, md5=7b4362927e7a0f004ce94fd589dfb0ce), JarFileInfo(uniqueName=jakarta.activation-api-1.2.1.jar, url=https://jugg.sickworm.com/download_hot_update?version=3.0.35-release&fileKey=jakarta.activation-api-1.2.1.jar, md5=9b647398add993324d3d9e5effa6005a), JarFileInfo(uniqueName=dex-reader-api-2.1.jar, url=https://jugg.sickworm.com/download_hot_update?version=3.0.35-release&fileKey=dex-reader-api-2.1.jar, md5=5127ff8b033d6abe773d1b45d6ad7098), JarFileInfo(uniqueName=jaxb-runtime-2.3.2.jar, url=https://jugg.sickworm.com/download_hot_update?version=3.0.35-release&fileKey=jaxb-runtime-2.3.2.jar, md5=9c3bf13a58e56c1b955bf5a365ca10b2), JarFileInfo(uniqueName=kotlin-compiler-embeddable-1.9.23.jar, url=https://jugg.sickworm.com/download_hot_update?version=3.0.35-release&fileKey=kotlin-compiler-embeddable-1.9.23.jar, md5=197302b41a67b9e516873683cf3925b8), JarFileInfo(uniqueName=okio-jvm-3.6.0.jar, url=https://jugg.sickworm.com/download_hot_update?version=3.0.35-release&fileKey=okio-jvm-3.6.0.jar, md5=26370180ff99a7e8a12dcaac2a70cc6e), JarFileInfo(uniqueName=r8-8.4.21.jar, url=https://jugg.sickworm.com/download_hot_update?version=3.0.35-release&fileKey=r8-8.4.21.jar, md5=4c0eab3750756708f6a9da1d703a9046), JarFileInfo(uniqueName=juniversalchardet-1.0.3.jar, url=https://jugg.sickworm.com/download_hot_update?version=3.0.35-release&fileKey=juniversalchardet-1.0.3.jar, md5=d9ea0a9a275336c175b343f2e4cd8f27), JarFileInfo(uniqueName=dex-reader-2.1.jar, url=https://jugg.sickworm.com/download_hot_update?version=3.0.35-release&fileKey=dex-reader-2.1.jar, md5=0707784d37773cc37070fa7a672b979a), JarFileInfo(uniqueName=arscblamer-1.2.0.jar, url=https://jugg.sickworm.com/download_hot_update?version=3.0.35-release&fileKey=arscblamer-1.2.0.jar, md5=c35033307f3c63655c46c453ccd187c8), JarFileInfo(uniqueName=v_quail-786a1a6f2.jar, url=https://jugg.sickworm.com/download_hot_update?version=3.0.35-release&fileKey=v_quail-786a1a6f2.jar, md5=63f906d7c18cb808b56ee15b21550c4e), JarFileInfo(uniqueName=annotations-31.7.3.jar, url=https://jugg.sickworm.com/download_hot_update?version=3.0.35-release&fileKey=annotations-31.7.3.jar, md5=7be23e27227539b36c14255f6e90d537), JarFileInfo(uniqueName=v_panda-0bd665c7d.jar, url=https://jugg.sickworm.com/download_hot_update?version=3.0.35-release&fileKey=v_panda-0bd665c7d.jar, md5=74d91a4040f938089b01437b29867cd9), JarFileInfo(uniqueName=stax-ex-1.8.1.jar, url=https://jugg.sickworm.com/download_hot_update?version=3.0.35-release&fileKey=stax-ex-1.8.1.jar, md5=8fea4418fa80e957e39c174cec08053c), JarFileInfo(uniqueName=okhttp-4.12.0.jar, url=https://jugg.sickworm.com/download_hot_update?version=3.0.35-release&fileKey=okhttp-4.12.0.jar, md5=6acba053af88fed87e710c6c29911d7c), JarFileInfo(uniqueName=dex-writer-2.1.jar, url=https://jugg.sickworm.com/download_hot_update?version=3.0.35-release&fileKey=dex-writer-2.1.jar, md5=401ec8782c0febd65ecac023d3ab90ad), JarFileInfo(uniqueName=v_iguana-12dc464b5.jar, url=https://jugg.sickworm.com/download_hot_update?version=3.0.35-release&fileKey=v_iguana-12dc464b5.jar, md5=91471d80b5a8aca52dad8764340a65fc), JarFileInfo(uniqueName=kotlin-stdlib-2.2.21.jar, url=https://jugg.sickworm.com/download_hot_update?version=3.0.35-release&fileKey=kotlin-stdlib-2.2.21.jar, md5=493bc156c79fe10064e9f6b605c8297c), JarFileInfo(uniqueName=kotlinx-coroutines-core-jvm-1.6.4.jar, url=https://jugg.sickworm.com/download_hot_update?version=3.0.35-release&fileKey=kotlinx-coroutines-core-jvm-1.6.4.jar, md5=9ba1873872fe1406d39bc40683050c45), JarFileInfo(uniqueName=commons-io-2.13.0.jar, url=https://jugg.sickworm.com/download_hot_update?version=3.0.35-release&fileKey=commons-io-2.13.0.jar, md5=8d000fa8939b71b8894637f0ef6ea28c), JarFileInfo(uniqueName=jugg-repackage-asm-9.8.jar, url=https://jugg.sickworm.com/download_hot_update?version=3.0.35-release&fileKey=jugg-repackage-asm-9.8.jar, md5=83193072c4e696be9de47a8a7a5d4ad1), JarFileInfo(uniqueName=idea-3.0.35-release.jar, url=https://jugg.sickworm.com/download_hot_update?version=3.0.35-release&fileKey=idea-3.0.35-release.jar, md5=37fdb17712746aaae3b7e00d4c392569), JarFileInfo(uniqueName=kotlin-android-extensions-1.9.23_modified.jar, url=https://jugg.sickworm.com/download_hot_update?version=3.0.35-release&fileKey=kotlin-android-extensions-1.9.23_modified.jar, md5=e5ef8e367b28103cdb2e497f4bf63545), JarFileInfo(uniqueName=auto-common-0.10.jar, url=https://jugg.sickworm.com/download_hot_update?version=3.0.35-release&fileKey=auto-common-0.10.jar, md5=1d531d399cde06e9ab49b7d84e7603dc), JarFileInfo(uniqueName=kotlin-metadata-jvm-2.2.21.jar, url=https://jugg.sickworm.com/download_hot_update?version=3.0.35-release&fileKey=kotlin-metadata-jvm-2.2.21.jar, md5=8a642fb1eaaaedfc37a11a0754e6802c), JarFileInfo(uniqueName=jsch-0.2.16.jar, url=https://jugg.sickworm.com/download_hot_update?version=3.0.35-release&fileKey=jsch-0.2.16.jar, md5=589aba7ea9cd9d438307c5076997c479), JarFileInfo(uniqueName=v_chipmunk-21061cc13.jar, url=https://jugg.sickworm.com/download_hot_update?version=3.0.35-release&fileKey=v_chipmunk-21061cc13.jar, md5=415de684987d18b0cb7e61effa43f666), JarFileInfo(uniqueName=kotlin-stdlib-jdk8-1.9.23.jar, url=https://jugg.sickworm.com/download_hot_update?version=3.0.35-release&fileKey=kotlin-stdlib-jdk8-1.9.23.jar, md5=c98840426f61010d8212343807f646e8), JarFileInfo(uniqueName=main-3a9e106d9.jar, url=https://jugg.sickworm.com/download_hot_update?version=3.0.35-release&fileKey=main-3a9e106d9.jar, md5=8087bbc77c68ea1d84e88e5fd4246906), JarFileInfo(uniqueName=interface-1d2fe1215.jar, url=https://jugg.sickworm.com/download_hot_update?version=3.0.35-release&fileKey=interface-1d2fe1215.jar, md5=334b52cc7d5ee3c48bbcd6baf84718a0), JarFileInfo(uniqueName=sqlite-jdbc-3.42.0.0-lite.jar, url=https://jugg.sickworm.com/download_hot_update?version=3.0.35-release&fileKey=sqlite-jdbc-3.42.0.0-lite.jar, md5=3a6532c30c1842c5d5bacb8317077719), JarFileInfo(uniqueName=istack-commons-runtime-3.0.8.jar, url=https://jugg.sickworm.com/download_hot_update?version=3.0.35-release&fileKey=istack-commons-runtime-3.0.8.jar, md5=d8555a2f242c55d6727b4d0e82ab8446), JarFileInfo(uniqueName=jetifier-core-1.0.0-beta10.jar, url=https://jugg.sickworm.com/download_hot_update?version=3.0.35-release&fileKey=jetifier-core-1.0.0-beta10.jar, md5=45a718d6bdbf73f9450dec94c2880f6c), JarFileInfo(uniqueName=txw2-2.3.2.jar, url=https://jugg.sickworm.com/download_hot_update?version=3.0.35-release&fileKey=txw2-2.3.2.jar, md5=3f278f148c5d27dc608c25cb7d093b94), JarFileInfo(uniqueName=v_meerkat-6717fd4bd.jar, url=https://jugg.sickworm.com/download_hot_update?version=3.0.35-release&fileKey=v_meerkat-6717fd4bd.jar, md5=9264e92c605fbde63e3dcb881c9b33e4), JarFileInfo(uniqueName=javaparser-core-3.17.0.jar, url=https://jugg.sickworm.com/download_hot_update?version=3.0.35-release&fileKey=javaparser-core-3.17.0.jar, md5=1cdfeabd6f748e469816a447c54f096e), JarFileInfo(uniqueName=v_hedgehog-3f5b2d677.jar, url=https://jugg.sickworm.com/download_hot_update?version=3.0.35-release&fileKey=v_hedgehog-3f5b2d677.jar, md5=1ca40429561290993e4c6770c803804b)], isNeedReinstall=false)
[2026-08-03 22:49:29.501] [FINE   ] [JuggHotUpdateDownloader] downloadHotUpdate start, target dir: /Users/radar/.jugg/hot_update/jars
[2026-08-03 22:49:29.504] [FINE   ] [JuggHotUpdateDownloader] downloadHotUpdate needDownloadJars: [kotlin-daemon-embeddable-1.9.23.jar, trove4j-1.0.20200330.jar, v_narwhal-12dc464b5.jar, kotlin-reflect-1.9.23.jar, databinding-compiler-common-8.7.3.jar, JavaEWAH-1.2.3.jar, kotlinx-metadata-jvm-0.9.0.jar, v_narwhal_feature-12dc464b5.jar, kotlin-script-runtime-1.9.23.jar, FastInfoset-1.2.16.jar, kotlin-stdlib-jdk7-1.9.23.jar, jakarta.xml.bind-api-2.3.2.jar, gson-2.10.1.jar, databinding-compiler-8.7.3.jar, javapoet-1.10.0.jar, v_otter-0bd665c7d.jar, annotations-13.0.jar, aapt2-inclink-ae75b9235.jar, classgraph-4.8.110.jar, v_giraffe-21061cc13.jar, jugg-repackage-asm-tree-9.8.jar, jugg-repackage-asm-commons-9.8.jar, commons-codec-1.16.0.jar, baseLibrary-8.7.3.jar, databinding-common-8.7.3.jar, org.eclipse.jgit-6.8.0.202311291450-r.jar, jakarta.activation-api-1.2.1.jar, dex-reader-api-2.1.jar, jaxb-runtime-2.3.2.jar, kotlin-compiler-embeddable-1.9.23.jar, okio-jvm-3.6.0.jar, r8-8.4.21.jar, juniversalchardet-1.0.3.jar, dex-reader-2.1.jar, arscblamer-1.2.0.jar, v_quail-786a1a6f2.jar, annotations-31.7.3.jar, v_panda-0bd665c7d.jar, stax-ex-1.8.1.jar, okhttp-4.12.0.jar, dex-writer-2.1.jar, v_iguana-12dc464b5.jar, kotlin-stdlib-2.2.21.jar, kotlinx-coroutines-core-jvm-1.6.4.jar, commons-io-2.13.0.jar, jugg-repackage-asm-9.8.jar, idea-3.0.35-release.jar, kotlin-android-extensions-1.9.23_modified.jar, auto-common-0.10.jar, kotlin-metadata-jvm-2.2.21.jar, jsch-0.2.16.jar, v_chipmunk-21061cc13.jar, kotlin-stdlib-jdk8-1.9.23.jar, main-3a9e106d9.jar, interface-1d2fe1215.jar, sqlite-jdbc-3.42.0.0-lite.jar, istack-commons-runtime-3.0.8.jar, jetifier-core-1.0.0-beta10.jar, txw2-2.3.2.jar, v_meerkat-6717fd4bd.jar, javaparser-core-3.17.0.jar, v_hedgehog-3f5b2d677.jar]
[2026-08-03 22:49:29.512] [FINE   ] [JuggHotUpdateDownloader] download kotlin-daemon-embeddable-1.9.23.jar start, url https://jugg.sickworm.com/download_hot_update?version=3.0.35-release&fileKey=kotlin-daemon-embeddable-1.9.23.jar
[2026-08-03 22:49:29.931] [FINE   ] [JuggHotUpdateDownloader] download kotlin-daemon-embeddable-1.9.23.jar finished
[2026-08-03 22:49:29.932] [FINE   ] [JuggHotUpdateDownloader] download trove4j-1.0.20200330.jar start, url https://jugg.sickworm.com/download_hot_update?version=3.0.35-release&fileKey=trove4j-1.0.20200330.jar
[2026-08-03 22:49:30.005] [FINE   ] [JuggHotUpdateDownloader] download trove4j-1.0.20200330.jar finished
[2026-08-03 22:49:30.005] [FINE   ] [JuggHotUpdateDownloader] download v_narwhal-12dc464b5.jar start, url https://jugg.sickworm.com/download_hot_update?version=3.0.35-release&fileKey=v_narwhal-12dc464b5.jar
[2026-08-03 22:49:30.024] [FINE   ] [JuggHotUpdateDownloader] download v_narwhal-12dc464b5.jar finished
[2026-08-03 22:49:30.024] [FINE   ] [JuggHotUpdateDownloader] download kotlin-reflect-1.9.23.jar start, url https://jugg.sickworm.com/download_hot_update?version=3.0.35-release&fileKey=kotlin-reflect-1.9.23.jar
[2026-08-03 22:49:30.403] [FINE   ] [JuggHotUpdateDownloader] download kotlin-reflect-1.9.23.jar finished
[2026-08-03 22:49:30.406] [FINE   ] [JuggHotUpdateDownloader] download databinding-compiler-common-8.7.3.jar start, url https://jugg.sickworm.com/download_hot_update?version=3.0.35-release&fileKey=databinding-compiler-common-8.7.3.jar
[2026-08-03 22:49:30.506] [FINE   ] [JuggHotUpdateDownloader] download databinding-compiler-common-8.7.3.jar finished
[2026-08-03 22:49:30.507] [FINE   ] [JuggHotUpdateDownloader] download JavaEWAH-1.2.3.jar start, url https://jugg.sickworm.com/download_hot_update?version=3.0.35-release&fileKey=JavaEWAH-1.2.3.jar
[2026-08-03 22:49:30.543] [FINE   ] [JuggHotUpdateDownloader] download JavaEWAH-1.2.3.jar finished
[2026-08-03 22:49:30.544] [FINE   ] [JuggHotUpdateDownloader] download kotlinx-metadata-jvm-0.9.0.jar start, url https://jugg.sickworm.com/download_hot_update?version=3.0.35-release&fileKey=kotlinx-metadata-jvm-0.9.0.jar
[2026-08-03 22:49:30.667] [FINE   ] [JuggHotUpdateDownloader] download kotlinx-metadata-jvm-0.9.0.jar finished
[2026-08-03 22:49:30.672] [FINE   ] [JuggHotUpdateDownloader] download v_narwhal_feature-12dc464b5.jar start, url https://jugg.sickworm.com/download_hot_update?version=3.0.35-release&fileKey=v_narwhal_feature-12dc464b5.jar
[2026-08-03 22:49:30.698] [FINE   ] [JuggHotUpdateDownloader] download v_narwhal_feature-12dc464b5.jar finished
[2026-08-03 22:49:30.699] [FINE   ] [JuggHotUpdateDownloader] download kotlin-script-runtime-1.9.23.jar start, url https://jugg.sickworm.com/download_hot_update?version=3.0.35-release&fileKey=kotlin-script-runtime-1.9.23.jar
[2026-08-03 22:49:30.721] [FINE   ] [JuggHotUpdateDownloader] download kotlin-script-runtime-1.9.23.jar finished
[2026-08-03 22:49:30.723] [FINE   ] [JuggHotUpdateDownloader] download FastInfoset-1.2.16.jar start, url https://jugg.sickworm.com/download_hot_update?version=3.0.35-release&fileKey=FastInfoset-1.2.16.jar
[2026-08-03 22:49:30.770] [FINE   ] [JuggHotUpdateDownloader] download FastInfoset-1.2.16.jar finished
[2026-08-03 22:49:30.771] [FINE   ] [JuggHotUpdateDownloader] download kotlin-stdlib-jdk7-1.9.23.jar start, url https://jugg.sickworm.com/download_hot_update?version=3.0.35-release&fileKey=kotlin-stdlib-jdk7-1.9.23.jar
[2026-08-03 22:49:30.791] [FINE   ] [JuggHotUpdateDownloader] download kotlin-stdlib-jdk7-1.9.23.jar finished
[2026-08-03 22:49:30.792] [FINE   ] [JuggHotUpdateDownloader] download jakarta.xml.bind-api-2.3.2.jar start, url https://jugg.sickworm.com/download_hot_update?version=3.0.35-release&fileKey=jakarta.xml.bind-api-2.3.2.jar
[2026-08-03 22:49:30.825] [FINE   ] [JuggHotUpdateDownloader] download jakarta.xml.bind-api-2.3.2.jar finished
[2026-08-03 22:49:30.826] [FINE   ] [JuggHotUpdateDownloader] download gson-2.10.1.jar start, url https://jugg.sickworm.com/download_hot_update?version=3.0.35-release&fileKey=gson-2.10.1.jar
[2026-08-03 22:49:30.869] [FINE   ] [JuggHotUpdateDownloader] download gson-2.10.1.jar finished
[2026-08-03 22:49:30.869] [FINE   ] [JuggHotUpdateDownloader] download databinding-compiler-8.7.3.jar start, url https://jugg.sickworm.com/download_hot_update?version=3.0.35-release&fileKey=databinding-compiler-8.7.3.jar
[2026-08-03 22:49:31.003] [FINE   ] [JuggHotUpdateDownloader] download databinding-compiler-8.7.3.jar finished
[2026-08-03 22:49:31.005] [FINE   ] [JuggHotUpdateDownloader] download javapoet-1.10.0.jar start, url https://jugg.sickworm.com/download_hot_update?version=3.0.35-release&fileKey=javapoet-1.10.0.jar
[2026-08-03 22:49:31.032] [FINE   ] [JuggHotUpdateDownloader] download javapoet-1.10.0.jar finished
[2026-08-03 22:49:31.033] [FINE   ] [JuggHotUpdateDownloader] download v_otter-0bd665c7d.jar start, url https://jugg.sickworm.com/download_hot_update?version=3.0.35-release&fileKey=v_otter-0bd665c7d.jar
[2026-08-03 22:49:31.059] [FINE   ] [JuggHotUpdateDownloader] download v_otter-0bd665c7d.jar finished
[2026-08-03 22:49:31.060] [FINE   ] [JuggHotUpdateDownloader] download annotations-13.0.jar start, url https://jugg.sickworm.com/download_hot_update?version=3.0.35-release&fileKey=annotations-13.0.jar
[2026-08-03 22:49:31.080] [FINE   ] [JuggHotUpdateDownloader] download annotations-13.0.jar finished
[2026-08-03 22:49:31.080] [FINE   ] [JuggHotUpdateDownloader] download aapt2-inclink-ae75b9235.jar start, url https://jugg.sickworm.com/download_hot_update?version=3.0.35-release&fileKey=aapt2-inclink-ae75b9235.jar
[2026-08-03 22:49:31.855] [FINE   ] [JuggHotUpdateDownloader] download aapt2-inclink-ae75b9235.jar finished
[2026-08-03 22:49:31.855] [FINE   ] [JuggHotUpdateDownloader] download classgraph-4.8.110.jar start, url https://jugg.sickworm.com/download_hot_update?version=3.0.35-release&fileKey=classgraph-4.8.110.jar
[2026-08-03 22:49:31.932] [FINE   ] [JuggHotUpdateDownloader] download classgraph-4.8.110.jar finished
[2026-08-03 22:49:31.933] [FINE   ] [JuggHotUpdateDownloader] download v_giraffe-21061cc13.jar start, url https://jugg.sickworm.com/download_hot_update?version=3.0.35-release&fileKey=v_giraffe-21061cc13.jar
[2026-08-03 22:49:31.950] [FINE   ] [JuggHotUpdateDownloader] download v_giraffe-21061cc13.jar finished
[2026-08-03 22:49:31.951] [FINE   ] [JuggHotUpdateDownloader] download jugg-repackage-asm-tree-9.8.jar start, url https://jugg.sickworm.com/download_hot_update?version=3.0.35-release&fileKey=jugg-repackage-asm-tree-9.8.jar
[2026-08-03 22:49:31.973] [FINE   ] [JuggHotUpdateDownloader] download jugg-repackage-asm-tree-9.8.jar finished
[2026-08-03 22:49:31.974] [FINE   ] [JuggHotUpdateDownloader] download jugg-repackage-asm-commons-9.8.jar start, url https://jugg.sickworm.com/download_hot_update?version=3.0.35-release&fileKey=jugg-repackage-asm-commons-9.8.jar
[2026-08-03 22:49:32.003] [FINE   ] [JuggHotUpdateDownloader] download jugg-repackage-asm-commons-9.8.jar finished
[2026-08-03 22:49:32.004] [FINE   ] [JuggHotUpdateDownloader] download commons-codec-1.16.0.jar start, url https://jugg.sickworm.com/download_hot_update?version=3.0.35-release&fileKey=commons-codec-1.16.0.jar
[2026-08-03 22:49:32.057] [FINE   ] [JuggHotUpdateDownloader] download commons-codec-1.16.0.jar finished
[2026-08-03 22:49:32.058] [FINE   ] [JuggHotUpdateDownloader] download baseLibrary-8.7.3.jar start, url https://jugg.sickworm.com/download_hot_update?version=3.0.35-release&fileKey=baseLibrary-8.7.3.jar
[2026-08-03 22:49:32.076] [FINE   ] [JuggHotUpdateDownloader] download baseLibrary-8.7.3.jar finished
[2026-08-03 22:49:32.077] [FINE   ] [JuggHotUpdateDownloader] download databinding-common-8.7.3.jar start, url https://jugg.sickworm.com/download_hot_update?version=3.0.35-release&fileKey=databinding-common-8.7.3.jar
[2026-08-03 22:49:32.096] [FINE   ] [JuggHotUpdateDownloader] download databinding-common-8.7.3.jar finished
[2026-08-03 22:49:32.097] [FINE   ] [JuggHotUpdateDownloader] download org.eclipse.jgit-6.8.0.202311291450-r.jar start, url https://jugg.sickworm.com/download_hot_update?version=3.0.35-release&fileKey=org.eclipse.jgit-6.8.0.202311291450-r.jar
[2026-08-03 22:49:32.422] [FINE   ] [JuggHotUpdateDownloader] download org.eclipse.jgit-6.8.0.202311291450-r.jar finished
[2026-08-03 22:49:32.423] [FINE   ] [JuggHotUpdateDownloader] download jakarta.activation-api-1.2.1.jar start, url https://jugg.sickworm.com/download_hot_update?version=3.0.35-release&fileKey=jakarta.activation-api-1.2.1.jar
[2026-08-03 22:49:32.449] [FINE   ] [JuggHotUpdateDownloader] download jakarta.activation-api-1.2.1.jar finished
[2026-08-03 22:49:32.450] [FINE   ] [JuggHotUpdateDownloader] download dex-reader-api-2.1.jar start, url https://jugg.sickworm.com/download_hot_update?version=3.0.35-release&fileKey=dex-reader-api-2.1.jar
[2026-08-03 22:49:32.475] [FINE   ] [JuggHotUpdateDownloader] download dex-reader-api-2.1.jar finished
[2026-08-03 22:49:32.476] [FINE   ] [JuggHotUpdateDownloader] download jaxb-runtime-2.3.2.jar start, url https://jugg.sickworm.com/download_hot_update?version=3.0.35-release&fileKey=jaxb-runtime-2.3.2.jar
[2026-08-03 22:49:32.586] [FINE   ] [JuggHotUpdateDownloader] download jaxb-runtime-2.3.2.jar finished
[2026-08-03 22:49:32.587] [FINE   ] [JuggHotUpdateDownloader] download kotlin-compiler-embeddable-1.9.23.jar start, url https://jugg.sickworm.com/download_hot_update?version=3.0.35-release&fileKey=kotlin-compiler-embeddable-1.9.23.jar
[2026-08-03 22:49:35.612] [FINE   ] [JuggHotUpdateDownloader] checkHotUpdate
[2026-08-03 22:49:35.706] [FINE   ] [JuggServer] checkHotUpdate response: [200] {"isNeedUpdate":true,"isNeedReinstall":false,"targetVersion":"3.0.35-release","updateInfo":{"title":"Jugg 已更新至：3.0.35-release","content":"<html><p>更新内容：(2026.07.23)</p><p>1. 修复复合工程存在同名 app 模块时 Application R.jar 丢失，导致增量编译找不到 R 的问题</p><p>2. 隐藏可恢复的 DataBinding 编译失败警告，仅保留调试日志</p><p>3. 修复 Android Studio Quail 单选设备时错误部署到所有已连接设备的问题</p></html>","buttonText":null,"jumpUrl":null,"isSticky":true},"jarFileInfos":[{"uniqueName":"kotlin-daemon-embeddable-1.9.23.jar","url":"https://jugg.sickworm.com/download_hot_update?version=3.0.35-release&fileKey=kotlin-daemon-embeddable-1.9.23.jar","md5":"9b1362b8576bd085058d8be2ae34c316"},{"uniqueName":"trove4j-1.0.20200330.jar","url":"https://jugg.sickworm.com/download_hot_update?version=3.0.35-release&fileKey=trove4j-1.0.20200330.jar","md5":"bb75697e375d588a9d3f8f2653b30f77"},{"uniqueName":"v_narwhal-12dc464b5.jar","url":"https://jugg.sickworm.com/download_hot_update?version=3.0.35-release&fileKey=v_narwhal-12dc464b5.jar","md5":"1c87efc67da528bb93b3ecf026320a7e"},{"uniqueName":"kotlin-reflect-1.9.23.jar","url":"https://jugg.sickworm.com/download_hot_update?version=3.0.35-release&fileKey=kotlin-reflect-1.9.23.jar","md5":"08f576baf497678c7a08b5cd14bc707a"},{"uniqueName":"databinding-compiler-common-8.7.3.jar","url":"https://jugg.sickworm.com/download_hot_update?version=3.0.35-release&fileKey=databinding-compiler-common-8.7.3.jar","md5":"eab0027e90ef13434c8d7e23e68cc3bb"},{"uniqueName":"JavaEWAH-1.2.3.jar","url":"https://jugg.sickworm.com/download_hot_update?version=3.0.35-release&fileKey=JavaEWAH-1.2.3.jar","md5":"8fdeda28c1fb10e67b3d79f86bef5e61"},{"uniqueName":"kotlinx-metadata-jvm-0.9.0.jar","url":"https://jugg.sickworm.com/download_hot_update?version=3.0.35-release&fileKey=kotlinx-metadata-jvm-0.9.0.jar","md5":"b339ca5ef7c29e18529bf487a0fb9f4d"},{"uniqueName":"v_narwhal_feature-12dc464b5.jar","url":"https://jugg.sickworm.com/download_hot_update?version=3.0.35-release&fileKey=v_narwhal_feature-12dc464b5.jar","md5":"21d5b536f6e1da6fd7722986d8cec17f"},{"uniqueName":"kotlin-script-runtime-1.9.23.jar","url":"https://jugg.sickworm.com/download_hot_update?version=3.0.35-release&fileKey=kotlin-script-runtime-1.9.23.jar","md5":"c741a84781d9661f79b3ad7b3cac63d5"},{"uniqueName":"FastInfoset-1.2.16.jar","url":"https://jugg.sickworm.com/download_hot_update?version=3.0.35-release&fileKey=FastInfoset-1.2.16.jar","md5":"f7f4be4695e2501a6d585beca305c74c"},{"uniqueName":"kotlin-stdlib-jdk7-1.9.23.jar","url":"https://jugg.sickworm.com/download_hot_update?version=3.0.35-release&fileKey=kotlin-stdlib-jdk7-1.9.23.jar","md5":"3818d01fbd742c4ef31bdccaa1825524"},{"uniqueName":"jakarta.xml.bind-api-2.3.2.jar","url":"https://jugg.sickworm.com/download_hot_update?version=3.0.35-release&fileKey=jakarta.xml.bind-api-2.3.2.jar","md5":"dabb40ba58199304c640b7bd8bb2fbac"},{"uniqueName":"gson-2.10.1.jar","url":"https://jugg.sickworm.com/download_hot_update?version=3.0.35-release&fileKey=gson-2.10.1.jar","md5":"df6097815738cb31fc56391553210843"},{"uniqueName":"databinding-compiler-8.7.3.jar","url":"https://jugg.sickworm.com/download_hot_update?version=3.0.35-release&fileKey=databinding-compiler-8.7.3.jar","md5":"20c1d22a79fcfed926a47493708c1c02"},{"uniqueName":"javapoet-1.10.0.jar","url":"https://jugg.sickworm.com/download_hot_update?version=3.0.35-release&fileKey=javapoet-1.10.0.jar","md5":"58f542814fa3501790a57c212f20dafe"},{"uniqueName":"v_otter-0bd665c7d.jar","url":"https://jugg.sickworm.com/download_hot_update?version=3.0.35-release&fileKey=v_otter-0bd665c7d.jar","md5":"c6c18314450bcb3a8966af031dbfbbca"},{"uniqueName":"annotations-13.0.jar","url":"https://jugg.sickworm.com/download_hot_update?version=3.0.35-release&fileKey=annotations-13.0.jar","md5":"f4fb462172517b46b6cd90003508515a"},{"uniqueName":"aapt2-inclink-ae75b9235.jar","url":"https://jugg.sickworm.com/download_hot_update?version=3.0.35-release&fileKey=aapt2-inclink-ae75b9235.jar","md5":"5a950f00b73be8231db08ce156bd084e"},{"uniqueName":"classgraph-4.8.110.jar","url":"https://jugg.sickworm.com/download_hot_update?version=3.0.35-release&fileKey=classgraph-4.8.110.jar","md5":"8a9143146fb4e5089159a8eba84c34ee"},{"uniqueName":"v_giraffe-21061cc13.jar","url":"https://jugg.sickworm.com/download_hot_update?version=3.0.35-release&fileKey=v_giraffe-21061cc13.jar","md5":"7ac4f7c12576f6f3498e48558a3c6d26"},{"uniqueName":"jugg-repackage-asm-tree-9.8.jar","url":"https://jugg.sickworm.com/download_hot_update?version=3.0.35-release&fileKey=jugg-repackage-asm-tree-9.8.jar","md5":"f9e2cd9467098c52d353736c12407e70"},{"uniqueName":"jugg-repackage-asm-commons-9.8.jar","url":"https://jugg.sickworm.com/download_hot_update?version=3.0.35-release&fileKey=jugg-repackage-asm-commons-9.8.jar","md5":"669e4797e611944b7ee7e05be66668a3"},{"uniqueName":"commons-codec-1.16.0.jar","url":"https://jugg.sickworm.com/download_hot_update?version=3.0.35-release&fileKey=commons-codec-1.16.0.jar","md5":"6e26920fa7228891980890cce06b718c"},{"uniqueName":"baseLibrary-8.7.3.jar","url":"https://jugg.sickworm.com/download_hot_update?version=3.0.35-release&fileKey=baseLibrary-8.7.3.jar","md5":"d4fb415454f1c7211401c41c9be31e05"},{"uniqueName":"databinding-common-8.7.3.jar","url":"https://jugg.sickworm.com/download_hot_update?version=3.0.35-release&fileKey=databinding-common-8.7.3.jar","md5":"53eabd81209a65d44483e3f3460cda42"},{"uniqueName":"org.eclipse.jgit-6.8.0.202311291450-r.jar","url":"https://jugg.sickworm.com/download_hot_update?version=3.0.35-release&fileKey=org.eclipse.jgit-6.8.0.202311291450-r.jar","md5":"7b4362927e7a0f004ce94fd589dfb0ce"},{"uniqueName":"jakarta.activation-api-1.2.1.jar","url":"https://jugg.sickworm.com/download_hot_update?version=3.0.35-release&fileKey=jakarta.activation-api-1.2.1.jar","md5":"9b647398add993324d3d9e5effa6005a"},{"uniqueName":"dex-reader-api-2.1.jar","url":"https://jugg.sickworm.com/download_hot_update?version=3.0.35-release&fileKey=dex-reader-api-2.1.jar","md5":"5127ff8b033d6abe773d1b45d6ad7098"},{"uniqueName":"jaxb-runtime-2.3.2.jar","url":"https://jugg.sickworm.com/download_hot_update?version=3.0.35-release&fileKey=jaxb-runtime-2.3.2.jar","md5":"9c3bf13a58e56c1b955bf5a365ca10b2"},{"uniqueName":"kotlin-compiler-embeddable-1.9.23.jar","url":"https://jugg.sickworm.com/download_hot_update?version=3.0.35-release&fileKey=kotlin-compiler-embeddable-1.9.23.jar","md5":"197302b41a67b9e516873683cf3925b8"},{"uniqueName":"okio-jvm-3.6.0.jar","url":"https://jugg.sickworm.com/download_hot_update?version=3.0.35-release&fileKey=okio-jvm-3.6.0.jar","md5":"26370180ff99a7e8a12dcaac2a70cc6e"},{"uniqueName":"r8-8.4.21.jar","url":"https://jugg.sickworm.com/download_hot_update?version=3.0.35-release&fileKey=r8-8.4.21.jar","md5":"4c0eab3750756708f6a9da1d703a9046"},{"uniqueName":"juniversalchardet-1.0.3.jar","url":"https://jugg.sickworm.com/download_hot_update?version=3.0.35-release&fileKey=juniversalchardet-1.0.3.jar","md5":"d9ea0a9a275336c175b343f2e4cd8f27"},{"uniqueName":"dex-reader-2.1.jar","url":"https://jugg.sickworm.com/download_hot_update?version=3.0.35-release&fileKey=dex-reader-2.1.jar","md5":"0707784d37773cc37070fa7a672b979a"},{"uniqueName":"arscblamer-1.2.0.jar","url":"https://jugg.sickworm.com/download_hot_update?version=3.0.35-release&fileKey=arscblamer-1.2.0.jar","md5":"c35033307f3c63655c46c453ccd187c8"},{"uniqueName":"v_quail-786a1a6f2.jar","url":"https://jugg.sickworm.com/download_hot_update?version=3.0.35-release&fileKey=v_quail-786a1a6f2.jar","md5":"63f906d7c18cb808b56ee15b21550c4e"},{"uniqueName":"annotations-31.7.3.jar","url":"https://jugg.sickworm.com/download_hot_update?version=3.0.35-release&fileKey=annotations-31.7.3.jar","md5":"7be23e27227539b36c14255f6e90d537"},{"uniqueName":"v_panda-0bd665c7d.jar","url":"https://jugg.sickworm.com/download_hot_update?version=3.0.35-release&fileKey=v_panda-0bd665c7d.jar","md5":"74d91a4040f938089b01437b29867cd9"},{"uniqueName":"stax-ex-1.8.1.jar","url":"https://jugg.sickworm.com/download_hot_update?version=3.0.35-release&fileKey=stax-ex-1.8.1.jar","md5":"8fea4418fa80e957e39c174cec08053c"},{"uniqueName":"okhttp-4.12.0.jar","url":"https://jugg.sickworm.com/download_hot_update?version=3.0.35-release&fileKey=okhttp-4.12.0.jar","md5":"6acba053af88fed87e710c6c29911d7c"},{"uniqueName":"dex-writer-2.1.jar","url":"https://jugg.sickworm.com/download_hot_update?version=3.0.35-release&fileKey=dex-writer-2.1.jar","md5":"401ec8782c0febd65ecac023d3ab90ad"},{"uniqueName":"v_iguana-12dc464b5.jar","url":"https://jugg.sickworm.com/download_hot_update?version=3.0.35-release&fileKey=v_iguana-12dc464b5.jar","md5":"91471d80b5a8aca52dad8764340a65fc"},{"uniqueName":"kotlin-stdlib-2.2.21.jar","url":"https://jugg.sickworm.com/download_hot_update?version=3.0.35-release&fileKey=kotlin-stdlib-2.2.21.jar","md5":"493bc156c79fe10064e9f6b605c8297c"},{"uniqueName":"kotlinx-coroutines-core-jvm-1.6.4.jar","url":"https://jugg.sickworm.com/download_hot_update?version=3.0.35-release&fileKey=kotlinx-coroutines-core-jvm-1.6.4.jar","md5":"9ba1873872fe1406d39bc40683050c45"},{"uniqueName":"commons-io-2.13.0.jar","url":"https://jugg.sickworm.com/download_hot_update?version=3.0.35-release&fileKey=commons-io-2.13.0.jar","md5":"8d000fa8939b71b8894637f0ef6ea28c"},{"uniqueName":"jugg-repackage-asm-9.8.jar","url":"https://jugg.sickworm.com/download_hot_update?version=3.0.35-release&fileKey=jugg-repackage-asm-9.8.jar","md5":"83193072c4e696be9de47a8a7a5d4ad1"},{"uniqueName":"idea-3.0.35-release.jar","url":"https://jugg.sickworm.com/download_hot_update?version=3.0.35-release&fileKey=idea-3.0.35-release.jar","md5":"37fdb17712746aaae3b7e00d4c392569"},{"uniqueName":"kotlin-android-extensions-1.9.23_modified.jar","url":"https://jugg.sickworm.com/download_hot_update?version=3.0.35-release&fileKey=kotlin-android-extensions-1.9.23_modified.jar","md5":"e5ef8e367b28103cdb2e497f4bf63545"},{"uniqueName":"auto-common-0.10.jar","url":"https://jugg.sickworm.com/download_hot_update?version=3.0.35-release&fileKey=auto-common-0.10.jar","md5":"1d531d399cde06e9ab49b7d84e7603dc"},{"uniqueName":"kotlin-metadata-jvm-2.2.21.jar","url":"https://jugg.sickworm.com/download_hot_update?version=3.0.35-release&fileKey=kotlin-metadata-jvm-2.2.21.jar","md5":"8a642fb1eaaaedfc37a11a0754e6802c"},{"uniqueName":"jsch-0.2.16.jar","url":"https://jugg.sickworm.com/download_hot_update?version=3.0.35-release&fileKey=jsch-0.2.16.jar","md5":"589aba7ea9cd9d438307c5076997c479"},{"uniqueName":"v_chipmunk-21061cc13.jar","url":"https://jugg.sickworm.com/download_hot_update?version=3.0.35-release&fileKey=v_chipmunk-21061cc13.jar","md5":"415de684987d18b0cb7e61effa43f666"},{"uniqueName":"kotlin-stdlib-jdk8-1.9.23.jar","url":"https://jugg.sickworm.com/download_hot_update?version=3.0.35-release&fileKey=kotlin-stdlib-jdk8-1.9.23.jar","md5":"c98840426f61010d8212343807f646e8"},{"uniqueName":"main-3a9e106d9.jar","url":"https://jugg.sickworm.com/download_hot_update?version=3.0.35-release&fileKey=main-3a9e106d9.jar","md5":"8087bbc77c68ea1d84e88e5fd4246906"},{"uniqueName":"interface-1d2fe1215.jar","url":"https://jugg.sickworm.com/download_hot_update?version=3.0.35-release&fileKey=interface-1d2fe1215.jar","md5":"334b52cc7d5ee3c48bbcd6baf84718a0"},{"uniqueName":"sqlite-jdbc-3.42.0.0-lite.jar","url":"https://jugg.sickworm.com/download_hot_update?version=3.0.35-release&fileKey=sqlite-jdbc-3.42.0.0-lite.jar","md5":"3a6532c30c1842c5d5bacb8317077719"},{"uniqueName":"istack-commons-runtime-3.0.8.jar","url":"https://jugg.sickworm.com/download_hot_update?version=3.0.35-release&fileKey=istack-commons-runtime-3.0.8.jar","md5":"d8555a2f242c55d6727b4d0e82ab8446"},{"uniqueName":"jetifier-core-1.0.0-beta10.jar","url":"https://jugg.sickworm.com/download_hot_update?version=3.0.35-release&fileKey=jetifier-core-1.0.0-beta10.jar","md5":"45a718d6bdbf73f9450dec94c2880f6c"},{"uniqueName":"txw2-2.3.2.jar","url":"https://jugg.sickworm.com/download_hot_update?version=3.0.35-release&fileKey=txw2-2.3.2.jar","md5":"3f278f148c5d27dc608c25cb7d093b94"},{"uniqueName":"v_meerkat-6717fd4bd.jar","url":"https://jugg.sickworm.com/download_hot_update?version=3.0.35-release&fileKey=v_meerkat-6717fd4bd.jar","md5":"9264e92c605fbde63e3dcb881c9b33e4"},{"uniqueName":"javaparser-core-3.17.0.jar","url":"https://jugg.sickworm.com/download_hot_update?version=3.0.35-release&fileKey=javaparser-core-3.17.0.jar","md5":"1cdfeabd6f748e469816a447c54f096e"},{"uniqueName":"v_hedgehog-3f5b2d677.jar","url":"https://jugg.sickworm.com/download_hot_update?version=3.0.35-release&fileKey=v_hedgehog-3f5b2d677.jar","md5":"1ca40429561290993e4c6770c803804b"}]}
[2026-08-03 22:49:35.714] [FINE   ] [JuggHotUpdateDownloader] checkHotUpdate: HotUpdateData(isNeedUpdate=true, targetVersion=3.0.35-release, updateInfo=NotificationData(title=Jugg 已更新至：3.0.35-release, content=<html><p>更新内容：(2026.07.23)</p><p>1. 修复复合工程存在同名 app 模块时 Application R.jar 丢失，导致增量编译找不到 R 的问题</p><p>2. 隐藏可恢复的 DataBinding 编译失败警告，仅保留调试日志</p><p>3. 修复 Android Studio Quail 单选设备时错误部署到所有已连接设备的问题</p></html>, buttonText=null, jumpUrl=null, isSticky=true), jarFileInfos=[JarFileInfo(uniqueName=kotlin-daemon-embeddable-1.9.23.jar, url=https://jugg.sickworm.com/download_hot_update?version=3.0.35-release&fileKey=kotlin-daemon-embeddable-1.9.23.jar, md5=9b1362b8576bd085058d8be2ae34c316), JarFileInfo(uniqueName=trove4j-1.0.20200330.jar, url=https://jugg.sickworm.com/download_hot_update?version=3.0.35-release&fileKey=trove4j-1.0.20200330.jar, md5=bb75697e375d588a9d3f8f2653b30f77), JarFileInfo(uniqueName=v_narwhal-12dc464b5.jar, url=https://jugg.sickworm.com/download_hot_update?version=3.0.35-release&fileKey=v_narwhal-12dc464b5.jar, md5=1c87efc67da528bb93b3ecf026320a7e), JarFileInfo(uniqueName=kotlin-reflect-1.9.23.jar, url=https://jugg.sickworm.com/download_hot_update?version=3.0.35-release&fileKey=kotlin-reflect-1.9.23.jar, md5=08f576baf497678c7a08b5cd14bc707a), JarFileInfo(uniqueName=databinding-compiler-common-8.7.3.jar, url=https://jugg.sickworm.com/download_hot_update?version=3.0.35-release&fileKey=databinding-compiler-common-8.7.3.jar, md5=eab0027e90ef13434c8d7e23e68cc3bb), JarFileInfo(uniqueName=JavaEWAH-1.2.3.jar, url=https://jugg.sickworm.com/download_hot_update?version=3.0.35-release&fileKey=JavaEWAH-1.2.3.jar, md5=8fdeda28c1fb10e67b3d79f86bef5e61), JarFileInfo(uniqueName=kotlinx-metadata-jvm-0.9.0.jar, url=https://jugg.sickworm.com/download_hot_update?version=3.0.35-release&fileKey=kotlinx-metadata-jvm-0.9.0.jar, md5=b339ca5ef7c29e18529bf487a0fb9f4d), JarFileInfo(uniqueName=v_narwhal_feature-12dc464b5.jar, url=https://jugg.sickworm.com/download_hot_update?version=3.0.35-release&fileKey=v_narwhal_feature-12dc464b5.jar, md5=21d5b536f6e1da6fd7722986d8cec17f), JarFileInfo(uniqueName=kotlin-script-runtime-1.9.23.jar, url=https://jugg.sickworm.com/download_hot_update?version=3.0.35-release&fileKey=kotlin-script-runtime-1.9.23.jar, md5=c741a84781d9661f79b3ad7b3cac63d5), JarFileInfo(uniqueName=FastInfoset-1.2.16.jar, url=https://jugg.sickworm.com/download_hot_update?version=3.0.35-release&fileKey=FastInfoset-1.2.16.jar, md5=f7f4be4695e2501a6d585beca305c74c), JarFileInfo(uniqueName=kotlin-stdlib-jdk7-1.9.23.jar, url=https://jugg.sickworm.com/download_hot_update?version=3.0.35-release&fileKey=kotlin-stdlib-jdk7-1.9.23.jar, md5=3818d01fbd742c4ef31bdccaa1825524), JarFileInfo(uniqueName=jakarta.xml.bind-api-2.3.2.jar, url=https://jugg.sickworm.com/download_hot_update?version=3.0.35-release&fileKey=jakarta.xml.bind-api-2.3.2.jar, md5=dabb40ba58199304c640b7bd8bb2fbac), JarFileInfo(uniqueName=gson-2.10.1.jar, url=https://jugg.sickworm.com/download_hot_update?version=3.0.35-release&fileKey=gson-2.10.1.jar, md5=df6097815738cb31fc56391553210843), JarFileInfo(uniqueName=databinding-compiler-8.7.3.jar, url=https://jugg.sickworm.com/download_hot_update?version=3.0.35-release&fileKey=databinding-compiler-8.7.3.jar, md5=20c1d22a79fcfed926a47493708c1c02), JarFileInfo(uniqueName=javapoet-1.10.0.jar, url=https://jugg.sickworm.com/download_hot_update?version=3.0.35-release&fileKey=javapoet-1.10.0.jar, md5=58f542814fa3501790a57c212f20dafe), JarFileInfo(uniqueName=v_otter-0bd665c7d.jar, url=https://jugg.sickworm.com/download_hot_update?version=3.0.35-release&fileKey=v_otter-0bd665c7d.jar, md5=c6c18314450bcb3a8966af031dbfbbca), JarFileInfo(uniqueName=annotations-13.0.jar, url=https://jugg.sickworm.com/download_hot_update?version=3.0.35-release&fileKey=annotations-13.0.jar, md5=f4fb462172517b46b6cd90003508515a), JarFileInfo(uniqueName=aapt2-inclink-ae75b9235.jar, url=https://jugg.sickworm.com/download_hot_update?version=3.0.35-release&fileKey=aapt2-inclink-ae75b9235.jar, md5=5a950f00b73be8231db08ce156bd084e), JarFileInfo(uniqueName=classgraph-4.8.110.jar, url=https://jugg.sickworm.com/download_hot_update?version=3.0.35-release&fileKey=classgraph-4.8.110.jar, md5=8a9143146fb4e5089159a8eba84c34ee), JarFileInfo(uniqueName=v_giraffe-21061cc13.jar, url=https://jugg.sickworm.com/download_hot_update?version=3.0.35-release&fileKey=v_giraffe-21061cc13.jar, md5=7ac4f7c12576f6f3498e48558a3c6d26), JarFileInfo(uniqueName=jugg-repackage-asm-tree-9.8.jar, url=https://jugg.sickworm.com/download_hot_update?version=3.0.35-release&fileKey=jugg-repackage-asm-tree-9.8.jar, md5=f9e2cd9467098c52d353736c12407e70), JarFileInfo(uniqueName=jugg-repackage-asm-commons-9.8.jar, url=https://jugg.sickworm.com/download_hot_update?version=3.0.35-release&fileKey=jugg-repackage-asm-commons-9.8.jar, md5=669e4797e611944b7ee7e05be66668a3), JarFileInfo(uniqueName=commons-codec-1.16.0.jar, url=https://jugg.sickworm.com/download_hot_update?version=3.0.35-release&fileKey=commons-codec-1.16.0.jar, md5=6e26920fa7228891980890cce06b718c), JarFileInfo(uniqueName=baseLibrary-8.7.3.jar, url=https://jugg.sickworm.com/download_hot_update?version=3.0.35-release&fileKey=baseLibrary-8.7.3.jar, md5=d4fb415454f1c7211401c41c9be31e05), JarFileInfo(uniqueName=databinding-common-8.7.3.jar, url=https://jugg.sickworm.com/download_hot_update?version=3.0.35-release&fileKey=databinding-common-8.7.3.jar, md5=53eabd81209a65d44483e3f3460cda42), JarFileInfo(uniqueName=org.eclipse.jgit-6.8.0.202311291450-r.jar, url=https://jugg.sickworm.com/download_hot_update?version=3.0.35-release&fileKey=org.eclipse.jgit-6.8.0.202311291450-r.jar, md5=7b4362927e7a0f004ce94fd589dfb0ce), JarFileInfo(uniqueName=jakarta.activation-api-1.2.1.jar, url=https://jugg.sickworm.com/download_hot_update?version=3.0.35-release&fileKey=jakarta.activation-api-1.2.1.jar, md5=9b647398add993324d3d9e5effa6005a), JarFileInfo(uniqueName=dex-reader-api-2.1.jar, url=https://jugg.sickworm.com/download_hot_update?version=3.0.35-release&fileKey=dex-reader-api-2.1.jar, md5=5127ff8b033d6abe773d1b45d6ad7098), JarFileInfo(uniqueName=jaxb-runtime-2.3.2.jar, url=https://jugg.sickworm.com/download_hot_update?version=3.0.35-release&fileKey=jaxb-runtime-2.3.2.jar, md5=9c3bf13a58e56c1b955bf5a365ca10b2), JarFileInfo(uniqueName=kotlin-compiler-embeddable-1.9.23.jar, url=https://jugg.sickworm.com/download_hot_update?version=3.0.35-release&fileKey=kotlin-compiler-embeddable-1.9.23.jar, md5=197302b41a67b9e516873683cf3925b8), JarFileInfo(uniqueName=okio-jvm-3.6.0.jar, url=https://jugg.sickworm.com/download_hot_update?version=3.0.35-release&fileKey=okio-jvm-3.6.0.jar, md5=26370180ff99a7e8a12dcaac2a70cc6e), JarFileInfo(uniqueName=r8-8.4.21.jar, url=https://jugg.sickworm.com/download_hot_update?version=3.0.35-release&fileKey=r8-8.4.21.jar, md5=4c0eab3750756708f6a9da1d703a9046), JarFileInfo(uniqueName=juniversalchardet-1.0.3.jar, url=https://jugg.sickworm.com/download_hot_update?version=3.0.35-release&fileKey=juniversalchardet-1.0.3.jar, md5=d9ea0a9a275336c175b343f2e4cd8f27), JarFileInfo(uniqueName=dex-reader-2.1.jar, url=https://jugg.sickworm.com/download_hot_update?version=3.0.35-release&fileKey=dex-reader-2.1.jar, md5=0707784d37773cc37070fa7a672b979a), JarFileInfo(uniqueName=arscblamer-1.2.0.jar, url=https://jugg.sickworm.com/download_hot_update?version=3.0.35-release&fileKey=arscblamer-1.2.0.jar, md5=c35033307f3c63655c46c453ccd187c8), JarFileInfo(uniqueName=v_quail-786a1a6f2.jar, url=https://jugg.sickworm.com/download_hot_update?version=3.0.35-release&fileKey=v_quail-786a1a6f2.jar, md5=63f906d7c18cb808b56ee15b21550c4e), JarFileInfo(uniqueName=annotations-31.7.3.jar, url=https://jugg.sickworm.com/download_hot_update?version=3.0.35-release&fileKey=annotations-31.7.3.jar, md5=7be23e27227539b36c14255f6e90d537), JarFileInfo(uniqueName=v_panda-0bd665c7d.jar, url=https://jugg.sickworm.com/download_hot_update?version=3.0.35-release&fileKey=v_panda-0bd665c7d.jar, md5=74d91a4040f938089b01437b29867cd9), JarFileInfo(uniqueName=stax-ex-1.8.1.jar, url=https://jugg.sickworm.com/download_hot_update?version=3.0.35-release&fileKey=stax-ex-1.8.1.jar, md5=8fea4418fa80e957e39c174cec08053c), JarFileInfo(uniqueName=okhttp-4.12.0.jar, url=https://jugg.sickworm.com/download_hot_update?version=3.0.35-release&fileKey=okhttp-4.12.0.jar, md5=6acba053af88fed87e710c6c29911d7c), JarFileInfo(uniqueName=dex-writer-2.1.jar, url=https://jugg.sickworm.com/download_hot_update?version=3.0.35-release&fileKey=dex-writer-2.1.jar, md5=401ec8782c0febd65ecac023d3ab90ad), JarFileInfo(uniqueName=v_iguana-12dc464b5.jar, url=https://jugg.sickworm.com/download_hot_update?version=3.0.35-release&fileKey=v_iguana-12dc464b5.jar, md5=91471d80b5a8aca52dad8764340a65fc), JarFileInfo(uniqueName=kotlin-stdlib-2.2.21.jar, url=https://jugg.sickworm.com/download_hot_update?version=3.0.35-release&fileKey=kotlin-stdlib-2.2.21.jar, md5=493bc156c79fe10064e9f6b605c8297c), JarFileInfo(uniqueName=kotlinx-coroutines-core-jvm-1.6.4.jar, url=https://jugg.sickworm.com/download_hot_update?version=3.0.35-release&fileKey=kotlinx-coroutines-core-jvm-1.6.4.jar, md5=9ba1873872fe1406d39bc40683050c45), JarFileInfo(uniqueName=commons-io-2.13.0.jar, url=https://jugg.sickworm.com/download_hot_update?version=3.0.35-release&fileKey=commons-io-2.13.0.jar, md5=8d000fa8939b71b8894637f0ef6ea28c), JarFileInfo(uniqueName=jugg-repackage-asm-9.8.jar, url=https://jugg.sickworm.com/download_hot_update?version=3.0.35-release&fileKey=jugg-repackage-asm-9.8.jar, md5=83193072c4e696be9de47a8a7a5d4ad1), JarFileInfo(uniqueName=idea-3.0.35-release.jar, url=https://jugg.sickworm.com/download_hot_update?version=3.0.35-release&fileKey=idea-3.0.35-release.jar, md5=37fdb17712746aaae3b7e00d4c392569), JarFileInfo(uniqueName=kotlin-android-extensions-1.9.23_modified.jar, url=https://jugg.sickworm.com/download_hot_update?version=3.0.35-release&fileKey=kotlin-android-extensions-1.9.23_modified.jar, md5=e5ef8e367b28103cdb2e497f4bf63545), JarFileInfo(uniqueName=auto-common-0.10.jar, url=https://jugg.sickworm.com/download_hot_update?version=3.0.35-release&fileKey=auto-common-0.10.jar, md5=1d531d399cde06e9ab49b7d84e7603dc), JarFileInfo(uniqueName=kotlin-metadata-jvm-2.2.21.jar, url=https://jugg.sickworm.com/download_hot_update?version=3.0.35-release&fileKey=kotlin-metadata-jvm-2.2.21.jar, md5=8a642fb1eaaaedfc37a11a0754e6802c), JarFileInfo(uniqueName=jsch-0.2.16.jar, url=https://jugg.sickworm.com/download_hot_update?version=3.0.35-release&fileKey=jsch-0.2.16.jar, md5=589aba7ea9cd9d438307c5076997c479), JarFileInfo(uniqueName=v_chipmunk-21061cc13.jar, url=https://jugg.sickworm.com/download_hot_update?version=3.0.35-release&fileKey=v_chipmunk-21061cc13.jar, md5=415de684987d18b0cb7e61effa43f666), JarFileInfo(uniqueName=kotlin-stdlib-jdk8-1.9.23.jar, url=https://jugg.sickworm.com/download_hot_update?version=3.0.35-release&fileKey=kotlin-stdlib-jdk8-1.9.23.jar, md5=c98840426f61010d8212343807f646e8), JarFileInfo(uniqueName=main-3a9e106d9.jar, url=https://jugg.sickworm.com/download_hot_update?version=3.0.35-release&fileKey=main-3a9e106d9.jar, md5=8087bbc77c68ea1d84e88e5fd4246906), JarFileInfo(uniqueName=interface-1d2fe1215.jar, url=https://jugg.sickworm.com/download_hot_update?version=3.0.35-release&fileKey=interface-1d2fe1215.jar, md5=334b52cc7d5ee3c48bbcd6baf84718a0), JarFileInfo(uniqueName=sqlite-jdbc-3.42.0.0-lite.jar, url=https://jugg.sickworm.com/download_hot_update?version=3.0.35-release&fileKey=sqlite-jdbc-3.42.0.0-lite.jar, md5=3a6532c30c1842c5d5bacb8317077719), JarFileInfo(uniqueName=istack-commons-runtime-3.0.8.jar, url=https://jugg.sickworm.com/download_hot_update?version=3.0.35-release&fileKey=istack-commons-runtime-3.0.8.jar, md5=d8555a2f242c55d6727b4d0e82ab8446), JarFileInfo(uniqueName=jetifier-core-1.0.0-beta10.jar, url=https://jugg.sickworm.com/download_hot_update?version=3.0.35-release&fileKey=jetifier-core-1.0.0-beta10.jar, md5=45a718d6bdbf73f9450dec94c2880f6c), JarFileInfo(uniqueName=txw2-2.3.2.jar, url=https://jugg.sickworm.com/download_hot_update?version=3.0.35-release&fileKey=txw2-2.3.2.jar, md5=3f278f148c5d27dc608c25cb7d093b94), JarFileInfo(uniqueName=v_meerkat-6717fd4bd.jar, url=https://jugg.sickworm.com/download_hot_update?version=3.0.35-release&fileKey=v_meerkat-6717fd4bd.jar, md5=9264e92c605fbde63e3dcb881c9b33e4), JarFileInfo(uniqueName=javaparser-core-3.17.0.jar, url=https://jugg.sickworm.com/download_hot_update?version=3.0.35-release&fileKey=javaparser-core-3.17.0.jar, md5=1cdfeabd6f748e469816a447c54f096e), JarFileInfo(uniqueName=v_hedgehog-3f5b2d677.jar, url=https://jugg.sickworm.com/download_hot_update?version=3.0.35-release&fileKey=v_hedgehog-3f5b2d677.jar, md5=1ca40429561290993e4c6770c803804b)], isNeedReinstall=false)
[2026-08-03 22:49:35.714] [FINE   ] [JuggHotUpdateDownloader] downloadHotUpdate start, target dir: /Users/radar/.jugg/hot_update/jars
[2026-08-03 22:49:35.715] [FINE   ] [JuggHotUpdateDownloader] downloadHotUpdate needDownloadJars: [kotlin-compiler-embeddable-1.9.23.jar, okio-jvm-3.6.0.jar, r8-8.4.21.jar, juniversalchardet-1.0.3.jar, dex-reader-2.1.jar, arscblamer-1.2.0.jar, v_quail-786a1a6f2.jar, annotations-31.7.3.jar, v_panda-0bd665c7d.jar, stax-ex-1.8.1.jar, okhttp-4.12.0.jar, dex-writer-2.1.jar, v_iguana-12dc464b5.jar, kotlin-stdlib-2.2.21.jar, kotlinx-coroutines-core-jvm-1.6.4.jar, commons-io-2.13.0.jar, jugg-repackage-asm-9.8.jar, idea-3.0.35-release.jar, kotlin-android-extensions-1.9.23_modified.jar, auto-common-0.10.jar, kotlin-metadata-jvm-2.2.21.jar, jsch-0.2.16.jar, v_chipmunk-21061cc13.jar, kotlin-stdlib-jdk8-1.9.23.jar, main-3a9e106d9.jar, interface-1d2fe1215.jar, sqlite-jdbc-3.42.0.0-lite.jar, istack-commons-runtime-3.0.8.jar, jetifier-core-1.0.0-beta10.jar, txw2-2.3.2.jar, v_meerkat-6717fd4bd.jar, javaparser-core-3.17.0.jar, v_hedgehog-3f5b2d677.jar]
[2026-08-03 22:49:35.716] [FINE   ] [JuggHotUpdateDownloader] download kotlin-compiler-embeddable-1.9.23.jar start, url https://jugg.sickworm.com/download_hot_update?version=3.0.35-release&fileKey=kotlin-compiler-embeddable-1.9.23.jar
[2026-08-03 22:49:37.783] [FINE   ] [JuggHotUpdateDownloader] checkHotUpdate: HotUpdateData(isNeedUpdate=true, targetVersion=3.0.35-release, updateInfo=NotificationData(title=Jugg 已更新至：3.0.35-release, content=<html><p>更新内容：(2026.07.23)</p><p>1. 修复复合工程存在同名 app 模块时 Application R.jar 丢失，导致增量编译找不到 R 的问题</p><p>2. 隐藏可恢复的 DataBinding 编译失败警告，仅保留调试日志</p><p>3. 修复 Android Studio Quail 单选设备时错误部署到所有已连接设备的问题</p></html>, buttonText=null, jumpUrl=null, isSticky=true), jarFileInfos=[JarFileInfo(uniqueName=kotlin-daemon-embeddable-1.9.23.jar, url=https://jugg.sickworm.com/download_hot_update?version=3.0.35-release&fileKey=kotlin-daemon-embeddable-1.9.23.jar, md5=9b1362b8576bd085058d8be2ae34c316), JarFileInfo(uniqueName=trove4j-1.0.20200330.jar, url=https://jugg.sickworm.com/download_hot_update?version=3.0.35-release&fileKey=trove4j-1.0.20200330.jar, md5=bb75697e375d588a9d3f8f2653b30f77), JarFileInfo(uniqueName=v_narwhal-12dc464b5.jar, url=https://jugg.sickworm.com/download_hot_update?version=3.0.35-release&fileKey=v_narwhal-12dc464b5.jar, md5=1c87efc67da528bb93b3ecf026320a7e), JarFileInfo(uniqueName=kotlin-reflect-1.9.23.jar, url=https://jugg.sickworm.com/download_hot_update?version=3.0.35-release&fileKey=kotlin-reflect-1.9.23.jar, md5=08f576baf497678c7a08b5cd14bc707a), JarFileInfo(uniqueName=databinding-compiler-common-8.7.3.jar, url=https://jugg.sickworm.com/download_hot_update?version=3.0.35-release&fileKey=databinding-compiler-common-8.7.3.jar, md5=eab0027e90ef13434c8d7e23e68cc3bb), JarFileInfo(uniqueName=JavaEWAH-1.2.3.jar, url=https://jugg.sickworm.com/download_hot_update?version=3.0.35-release&fileKey=JavaEWAH-1.2.3.jar, md5=8fdeda28c1fb10e67b3d79f86bef5e61), JarFileInfo(uniqueName=kotlinx-metadata-jvm-0.9.0.jar, url=https://jugg.sickworm.com/download_hot_update?version=3.0.35-release&fileKey=kotlinx-metadata-jvm-0.9.0.jar, md5=b339ca5ef7c29e18529bf487a0fb9f4d), JarFileInfo(uniqueName=v_narwhal_feature-12dc464b5.jar, url=https://jugg.sickworm.com/download_hot_update?version=3.0.35-release&fileKey=v_narwhal_feature-12dc464b5.jar, md5=21d5b536f6e1da6fd7722986d8cec17f), JarFileInfo(uniqueName=kotlin-script-runtime-1.9.23.jar, url=https://jugg.sickworm.com/download_hot_update?version=3.0.35-release&fileKey=kotlin-script-runtime-1.9.23.jar, md5=c741a84781d9661f79b3ad7b3cac63d5), JarFileInfo(uniqueName=FastInfoset-1.2.16.jar, url=https://jugg.sickworm.com/download_hot_update?version=3.0.35-release&fileKey=FastInfoset-1.2.16.jar, md5=f7f4be4695e2501a6d585beca305c74c), JarFileInfo(uniqueName=kotlin-stdlib-jdk7-1.9.23.jar, url=https://jugg.sickworm.com/download_hot_update?version=3.0.35-release&fileKey=kotlin-stdlib-jdk7-1.9.23.jar, md5=3818d01fbd742c4ef31bdccaa1825524), JarFileInfo(uniqueName=jakarta.xml.bind-api-2.3.2.jar, url=https://jugg.sickworm.com/download_hot_update?version=3.0.35-release&fileKey=jakarta.xml.bind-api-2.3.2.jar, md5=dabb40ba58199304c640b7bd8bb2fbac), JarFileInfo(uniqueName=gson-2.10.1.jar, url=https://jugg.sickworm.com/download_hot_update?version=3.0.35-release&fileKey=gson-2.10.1.jar, md5=df6097815738cb31fc56391553210843), JarFileInfo(uniqueName=databinding-compiler-8.7.3.jar, url=https://jugg.sickworm.com/download_hot_update?version=3.0.35-release&fileKey=databinding-compiler-8.7.3.jar, md5=20c1d22a79fcfed926a47493708c1c02), JarFileInfo(uniqueName=javapoet-1.10.0.jar, url=https://jugg.sickworm.com/download_hot_update?version=3.0.35-release&fileKey=javapoet-1.10.0.jar, md5=58f542814fa3501790a57c212f20dafe), JarFileInfo(uniqueName=v_otter-0bd665c7d.jar, url=https://jugg.sickworm.com/download_hot_update?version=3.0.35-release&fileKey=v_otter-0bd665c7d.jar, md5=c6c18314450bcb3a8966af031dbfbbca), JarFileInfo(uniqueName=annotations-13.0.jar, url=https://jugg.sickworm.com/download_hot_update?version=3.0.35-release&fileKey=annotations-13.0.jar, md5=f4fb462172517b46b6cd90003508515a), JarFileInfo(uniqueName=aapt2-inclink-ae75b9235.jar, url=https://jugg.sickworm.com/download_hot_update?version=3.0.35-release&fileKey=aapt2-inclink-ae75b9235.jar, md5=5a950f00b73be8231db08ce156bd084e), JarFileInfo(uniqueName=classgraph-4.8.110.jar, url=https://jugg.sickworm.com/download_hot_update?version=3.0.35-release&fileKey=classgraph-4.8.110.jar, md5=8a9143146fb4e5089159a8eba84c34ee), JarFileInfo(uniqueName=v_giraffe-21061cc13.jar, url=https://jugg.sickworm.com/download_hot_update?version=3.0.35-release&fileKey=v_giraffe-21061cc13.jar, md5=7ac4f7c12576f6f3498e48558a3c6d26), JarFileInfo(uniqueName=jugg-repackage-asm-tree-9.8.jar, url=https://jugg.sickworm.com/download_hot_update?version=3.0.35-release&fileKey=jugg-repackage-asm-tree-9.8.jar, md5=f9e2cd9467098c52d353736c12407e70), JarFileInfo(uniqueName=jugg-repackage-asm-commons-9.8.jar, url=https://jugg.sickworm.com/download_hot_update?version=3.0.35-release&fileKey=jugg-repackage-asm-commons-9.8.jar, md5=669e4797e611944b7ee7e05be66668a3), JarFileInfo(uniqueName=commons-codec-1.16.0.jar, url=https://jugg.sickworm.com/download_hot_update?version=3.0.35-release&fileKey=commons-codec-1.16.0.jar, md5=6e26920fa7228891980890cce06b718c), JarFileInfo(uniqueName=baseLibrary-8.7.3.jar, url=https://jugg.sickworm.com/download_hot_update?version=3.0.35-release&fileKey=baseLibrary-8.7.3.jar, md5=d4fb415454f1c7211401c41c9be31e05), JarFileInfo(uniqueName=databinding-common-8.7.3.jar, url=https://jugg.sickworm.com/download_hot_update?version=3.0.35-release&fileKey=databinding-common-8.7.3.jar, md5=53eabd81209a65d44483e3f3460cda42), JarFileInfo(uniqueName=org.eclipse.jgit-6.8.0.202311291450-r.jar, url=https://jugg.sickworm.com/download_hot_update?version=3.0.35-release&fileKey=org.eclipse.jgit-6.8.0.202311291450-r.jar, md5=7b4362927e7a0f004ce94fd589dfb0ce), JarFileInfo(uniqueName=jakarta.activation-api-1.2.1.jar, url=https://jugg.sickworm.com/download_hot_update?version=3.0.35-release&fileKey=jakarta.activation-api-1.2.1.jar, md5=9b647398add993324d3d9e5effa6005a), JarFileInfo(uniqueName=dex-reader-api-2.1.jar, url=https://jugg.sickworm.com/download_hot_update?version=3.0.35-release&fileKey=dex-reader-api-2.1.jar, md5=5127ff8b033d6abe773d1b45d6ad7098), JarFileInfo(uniqueName=jaxb-runtime-2.3.2.jar, url=https://jugg.sickworm.com/download_hot_update?version=3.0.35-release&fileKey=jaxb-runtime-2.3.2.jar, md5=9c3bf13a58e56c1b955bf5a365ca10b2), JarFileInfo(uniqueName=kotlin-compiler-embeddable-1.9.23.jar, url=https://jugg.sickworm.com/download_hot_update?version=3.0.35-release&fileKey=kotlin-compiler-embeddable-1.9.23.jar, md5=197302b41a67b9e516873683cf3925b8), JarFileInfo(uniqueName=okio-jvm-3.6.0.jar, url=https://jugg.sickworm.com/download_hot_update?version=3.0.35-release&fileKey=okio-jvm-3.6.0.jar, md5=26370180ff99a7e8a12dcaac2a70cc6e), JarFileInfo(uniqueName=r8-8.4.21.jar, url=https://jugg.sickworm.com/download_hot_update?version=3.0.35-release&fileKey=r8-8.4.21.jar, md5=4c0eab3750756708f6a9da1d703a9046), JarFileInfo(uniqueName=juniversalchardet-1.0.3.jar, url=https://jugg.sickworm.com/download_hot_update?version=3.0.35-release&fileKey=juniversalchardet-1.0.3.jar, md5=d9ea0a9a275336c175b343f2e4cd8f27), JarFileInfo(uniqueName=dex-reader-2.1.jar, url=https://jugg.sickworm.com/download_hot_update?version=3.0.35-release&fileKey=dex-reader-2.1.jar, md5=0707784d37773cc37070fa7a672b979a), JarFileInfo(uniqueName=arscblamer-1.2.0.jar, url=https://jugg.sickworm.com/download_hot_update?version=3.0.35-release&fileKey=arscblamer-1.2.0.jar, md5=c35033307f3c63655c46c453ccd187c8), JarFileInfo(uniqueName=v_quail-786a1a6f2.jar, url=https://jugg.sickworm.com/download_hot_update?version=3.0.35-release&fileKey=v_quail-786a1a6f2.jar, md5=63f906d7c18cb808b56ee15b21550c4e), JarFileInfo(uniqueName=annotations-31.7.3.jar, url=https://jugg.sickworm.com/download_hot_update?version=3.0.35-release&fileKey=annotations-31.7.3.jar, md5=7be23e27227539b36c14255f6e90d537), JarFileInfo(uniqueName=v_panda-0bd665c7d.jar, url=https://jugg.sickworm.com/download_hot_update?version=3.0.35-release&fileKey=v_panda-0bd665c7d.jar, md5=74d91a4040f938089b01437b29867cd9), JarFileInfo(uniqueName=stax-ex-1.8.1.jar, url=https://jugg.sickworm.com/download_hot_update?version=3.0.35-release&fileKey=stax-ex-1.8.1.jar, md5=8fea4418fa80e957e39c174cec08053c), JarFileInfo(uniqueName=okhttp-4.12.0.jar, url=https://jugg.sickworm.com/download_hot_update?version=3.0.35-release&fileKey=okhttp-4.12.0.jar, md5=6acba053af88fed87e710c6c29911d7c), JarFileInfo(uniqueName=dex-writer-2.1.jar, url=https://jugg.sickworm.com/download_hot_update?version=3.0.35-release&fileKey=dex-writer-2.1.jar, md5=401ec8782c0febd65ecac023d3ab90ad), JarFileInfo(uniqueName=v_iguana-12dc464b5.jar, url=https://jugg.sickworm.com/download_hot_update?version=3.0.35-release&fileKey=v_iguana-12dc464b5.jar, md5=91471d80b5a8aca52dad8764340a65fc), JarFileInfo(uniqueName=kotlin-stdlib-2.2.21.jar, url=https://jugg.sickworm.com/download_hot_update?version=3.0.35-release&fileKey=kotlin-stdlib-2.2.21.jar, md5=493bc156c79fe10064e9f6b605c8297c), JarFileInfo(uniqueName=kotlinx-coroutines-core-jvm-1.6.4.jar, url=https://jugg.sickworm.com/download_hot_update?version=3.0.35-release&fileKey=kotlinx-coroutines-core-jvm-1.6.4.jar, md5=9ba1873872fe1406d39bc40683050c45), JarFileInfo(uniqueName=commons-io-2.13.0.jar, url=https://jugg.sickworm.com/download_hot_update?version=3.0.35-release&fileKey=commons-io-2.13.0.jar, md5=8d000fa8939b71b8894637f0ef6ea28c), JarFileInfo(uniqueName=jugg-repackage-asm-9.8.jar, url=https://jugg.sickworm.com/download_hot_update?version=3.0.35-release&fileKey=jugg-repackage-asm-9.8.jar, md5=83193072c4e696be9de47a8a7a5d4ad1), JarFileInfo(uniqueName=idea-3.0.35-release.jar, url=https://jugg.sickworm.com/download_hot_update?version=3.0.35-release&fileKey=idea-3.0.35-release.jar, md5=37fdb17712746aaae3b7e00d4c392569), JarFileInfo(uniqueName=kotlin-android-extensions-1.9.23_modified.jar, url=https://jugg.sickworm.com/download_hot_update?version=3.0.35-release&fileKey=kotlin-android-extensions-1.9.23_modified.jar, md5=e5ef8e367b28103cdb2e497f4bf63545), JarFileInfo(uniqueName=auto-common-0.10.jar, url=https://jugg.sickworm.com/download_hot_update?version=3.0.35-release&fileKey=auto-common-0.10.jar, md5=1d531d399cde06e9ab49b7d84e7603dc), JarFileInfo(uniqueName=kotlin-metadata-jvm-2.2.21.jar, url=https://jugg.sickworm.com/download_hot_update?version=3.0.35-release&fileKey=kotlin-metadata-jvm-2.2.21.jar, md5=8a642fb1eaaaedfc37a11a0754e6802c), JarFileInfo(uniqueName=jsch-0.2.16.jar, url=https://jugg.sickworm.com/download_hot_update?version=3.0.35-release&fileKey=jsch-0.2.16.jar, md5=589aba7ea9cd9d438307c5076997c479), JarFileInfo(uniqueName=v_chipmunk-21061cc13.jar, url=https://jugg.sickworm.com/download_hot_update?version=3.0.35-release&fileKey=v_chipmunk-21061cc13.jar, md5=415de684987d18b0cb7e61effa43f666), JarFileInfo(uniqueName=kotlin-stdlib-jdk8-1.9.23.jar, url=https://jugg.sickworm.com/download_hot_update?version=3.0.35-release&fileKey=kotlin-stdlib-jdk8-1.9.23.jar, md5=c98840426f61010d8212343807f646e8), JarFileInfo(uniqueName=main-3a9e106d9.jar, url=https://jugg.sickworm.com/download_hot_update?version=3.0.35-release&fileKey=main-3a9e106d9.jar, md5=8087bbc77c68ea1d84e88e5fd4246906), JarFileInfo(uniqueName=interface-1d2fe1215.jar, url=https://jugg.sickworm.com/download_hot_update?version=3.0.35-release&fileKey=interface-1d2fe1215.jar, md5=334b52cc7d5ee3c48bbcd6baf84718a0), JarFileInfo(uniqueName=sqlite-jdbc-3.42.0.0-lite.jar, url=https://jugg.sickworm.com/download_hot_update?version=3.0.35-release&fileKey=sqlite-jdbc-3.42.0.0-lite.jar, md5=3a6532c30c1842c5d5bacb8317077719), JarFileInfo(uniqueName=istack-commons-runtime-3.0.8.jar, url=https://jugg.sickworm.com/download_hot_update?version=3.0.35-release&fileKey=istack-commons-runtime-3.0.8.jar, md5=d8555a2f242c55d6727b4d0e82ab8446), JarFileInfo(uniqueName=jetifier-core-1.0.0-beta10.jar, url=https://jugg.sickworm.com/download_hot_update?version=3.0.35-release&fileKey=jetifier-core-1.0.0-beta10.jar, md5=45a718d6bdbf73f9450dec94c2880f6c), JarFileInfo(uniqueName=txw2-2.3.2.jar, url=https://jugg.sickworm.com/download_hot_update?version=3.0.35-release&fileKey=txw2-2.3.2.jar, md5=3f278f148c5d27dc608c25cb7d093b94), JarFileInfo(uniqueName=v_meerkat-6717fd4bd.jar, url=https://jugg.sickworm.com/download_hot_update?version=3.0.35-release&fileKey=v_meerkat-6717fd4bd.jar, md5=9264e92c605fbde63e3dcb881c9b33e4), JarFileInfo(uniqueName=javaparser-core-3.17.0.jar, url=https://jugg.sickworm.com/download_hot_update?version=3.0.35-release&fileKey=javaparser-core-3.17.0.jar, md5=1cdfeabd6f748e469816a447c54f096e), JarFileInfo(uniqueName=v_hedgehog-3f5b2d677.jar, url=https://jugg.sickworm.com/download_hot_update?version=3.0.35-release&fileKey=v_hedgehog-3f5b2d677.jar, md5=1ca40429561290993e4c6770c803804b)], isNeedReinstall=false)
[2026-08-03 22:49:37.783] [FINE   ] [JuggHotUpdateDownloader] downloadHotUpdate start, target dir: /Users/radar/.jugg/hot_update/jars
[2026-08-03 22:49:37.783] [FINE   ] [JuggHotUpdateDownloader] downloadHotUpdate needDownloadJars: [kotlin-compiler-embeddable-1.9.23.jar, okio-jvm-3.6.0.jar, r8-8.4.21.jar, juniversalchardet-1.0.3.jar, dex-reader-2.1.jar, arscblamer-1.2.0.jar, v_quail-786a1a6f2.jar, annotations-31.7.3.jar, v_panda-0bd665c7d.jar, stax-ex-1.8.1.jar, okhttp-4.12.0.jar, dex-writer-2.1.jar, v_iguana-12dc464b5.jar, kotlin-stdlib-2.2.21.jar, kotlinx-coroutines-core-jvm-1.6.4.jar, commons-io-2.13.0.jar, jugg-repackage-asm-9.8.jar, idea-3.0.35-release.jar, kotlin-android-extensions-1.9.23_modified.jar, auto-common-0.10.jar, kotlin-metadata-jvm-2.2.21.jar, jsch-0.2.16.jar, v_chipmunk-21061cc13.jar, kotlin-stdlib-jdk8-1.9.23.jar, main-3a9e106d9.jar, interface-1d2fe1215.jar, sqlite-jdbc-3.42.0.0-lite.jar, istack-commons-runtime-3.0.8.jar, jetifier-core-1.0.0-beta10.jar, txw2-2.3.2.jar, v_meerkat-6717fd4bd.jar, javaparser-core-3.17.0.jar, v_hedgehog-3f5b2d677.jar]
[2026-08-03 22:49:37.784] [FINE   ] [JuggHotUpdateDownloader] download kotlin-compiler-embeddable-1.9.23.jar start, url https://jugg.sickworm.com/download_hot_update?version=3.0.35-release&fileKey=kotlin-compiler-embeddable-1.9.23.jar
[2026-08-03 22:49:38.895] [FINE   ] [JuggHotUpdateDownloader] checkHotUpdate: HotUpdateData(isNeedUpdate=true, targetVersion=3.0.35-release, updateInfo=NotificationData(title=Jugg 已更新至：3.0.35-release, content=<html><p>更新内容：(2026.07.23)</p><p>1. 修复复合工程存在同名 app 模块时 Application R.jar 丢失，导致增量编译找不到 R 的问题</p><p>2. 隐藏可恢复的 DataBinding 编译失败警告，仅保留调试日志</p><p>3. 修复 Android Studio Quail 单选设备时错误部署到所有已连接设备的问题</p></html>, buttonText=null, jumpUrl=null, isSticky=true), jarFileInfos=[JarFileInfo(uniqueName=kotlin-daemon-embeddable-1.9.23.jar, url=https://jugg.sickworm.com/download_hot_update?version=3.0.35-release&fileKey=kotlin-daemon-embeddable-1.9.23.jar, md5=9b1362b8576bd085058d8be2ae34c316), JarFileInfo(uniqueName=trove4j-1.0.20200330.jar, url=https://jugg.sickworm.com/download_hot_update?version=3.0.35-release&fileKey=trove4j-1.0.20200330.jar, md5=bb75697e375d588a9d3f8f2653b30f77), JarFileInfo(uniqueName=v_narwhal-12dc464b5.jar, url=https://jugg.sickworm.com/download_hot_update?version=3.0.35-release&fileKey=v_narwhal-12dc464b5.jar, md5=1c87efc67da528bb93b3ecf026320a7e), JarFileInfo(uniqueName=kotlin-reflect-1.9.23.jar, url=https://jugg.sickworm.com/download_hot_update?version=3.0.35-release&fileKey=kotlin-reflect-1.9.23.jar, md5=08f576baf497678c7a08b5cd14bc707a), JarFileInfo(uniqueName=databinding-compiler-common-8.7.3.jar, url=https://jugg.sickworm.com/download_hot_update?version=3.0.35-release&fileKey=databinding-compiler-common-8.7.3.jar, md5=eab0027e90ef13434c8d7e23e68cc3bb), JarFileInfo(uniqueName=JavaEWAH-1.2.3.jar, url=https://jugg.sickworm.com/download_hot_update?version=3.0.35-release&fileKey=JavaEWAH-1.2.3.jar, md5=8fdeda28c1fb10e67b3d79f86bef5e61), JarFileInfo(uniqueName=kotlinx-metadata-jvm-0.9.0.jar, url=https://jugg.sickworm.com/download_hot_update?version=3.0.35-release&fileKey=kotlinx-metadata-jvm-0.9.0.jar, md5=b339ca5ef7c29e18529bf487a0fb9f4d), JarFileInfo(uniqueName=v_narwhal_feature-12dc464b5.jar, url=https://jugg.sickworm.com/download_hot_update?version=3.0.35-release&fileKey=v_narwhal_feature-12dc464b5.jar, md5=21d5b536f6e1da6fd7722986d8cec17f), JarFileInfo(uniqueName=kotlin-script-runtime-1.9.23.jar, url=https://jugg.sickworm.com/download_hot_update?version=3.0.35-release&fileKey=kotlin-script-runtime-1.9.23.jar, md5=c741a84781d9661f79b3ad7b3cac63d5), JarFileInfo(uniqueName=FastInfoset-1.2.16.jar, url=https://jugg.sickworm.com/download_hot_update?version=3.0.35-release&fileKey=FastInfoset-1.2.16.jar, md5=f7f4be4695e2501a6d585beca305c74c), JarFileInfo(uniqueName=kotlin-stdlib-jdk7-1.9.23.jar, url=https://jugg.sickworm.com/download_hot_update?version=3.0.35-release&fileKey=kotlin-stdlib-jdk7-1.9.23.jar, md5=3818d01fbd742c4ef31bdccaa1825524), JarFileInfo(uniqueName=jakarta.xml.bind-api-2.3.2.jar, url=https://jugg.sickworm.com/download_hot_update?version=3.0.35-release&fileKey=jakarta.xml.bind-api-2.3.2.jar, md5=dabb40ba58199304c640b7bd8bb2fbac), JarFileInfo(uniqueName=gson-2.10.1.jar, url=https://jugg.sickworm.com/download_hot_update?version=3.0.35-release&fileKey=gson-2.10.1.jar, md5=df6097815738cb31fc56391553210843), JarFileInfo(uniqueName=databinding-compiler-8.7.3.jar, url=https://jugg.sickworm.com/download_hot_update?version=3.0.35-release&fileKey=databinding-compiler-8.7.3.jar, md5=20c1d22a79fcfed926a47493708c1c02), JarFileInfo(uniqueName=javapoet-1.10.0.jar, url=https://jugg.sickworm.com/download_hot_update?version=3.0.35-release&fileKey=javapoet-1.10.0.jar, md5=58f542814fa3501790a57c212f20dafe), JarFileInfo(uniqueName=v_otter-0bd665c7d.jar, url=https://jugg.sickworm.com/download_hot_update?version=3.0.35-release&fileKey=v_otter-0bd665c7d.jar, md5=c6c18314450bcb3a8966af031dbfbbca), JarFileInfo(uniqueName=annotations-13.0.jar, url=https://jugg.sickworm.com/download_hot_update?version=3.0.35-release&fileKey=annotations-13.0.jar, md5=f4fb462172517b46b6cd90003508515a), JarFileInfo(uniqueName=aapt2-inclink-ae75b9235.jar, url=https://jugg.sickworm.com/download_hot_update?version=3.0.35-release&fileKey=aapt2-inclink-ae75b9235.jar, md5=5a950f00b73be8231db08ce156bd084e), JarFileInfo(uniqueName=classgraph-4.8.110.jar, url=https://jugg.sickworm.com/download_hot_update?version=3.0.35-release&fileKey=classgraph-4.8.110.jar, md5=8a9143146fb4e5089159a8eba84c34ee), JarFileInfo(uniqueName=v_giraffe-21061cc13.jar, url=https://jugg.sickworm.com/download_hot_update?version=3.0.35-release&fileKey=v_giraffe-21061cc13.jar, md5=7ac4f7c12576f6f3498e48558a3c6d26), JarFileInfo(uniqueName=jugg-repackage-asm-tree-9.8.jar, url=https://jugg.sickworm.com/download_hot_update?version=3.0.35-release&fileKey=jugg-repackage-asm-tree-9.8.jar, md5=f9e2cd9467098c52d353736c12407e70), JarFileInfo(uniqueName=jugg-repackage-asm-commons-9.8.jar, url=https://jugg.sickworm.com/download_hot_update?version=3.0.35-release&fileKey=jugg-repackage-asm-commons-9.8.jar, md5=669e4797e611944b7ee7e05be66668a3), JarFileInfo(uniqueName=commons-codec-1.16.0.jar, url=https://jugg.sickworm.com/download_hot_update?version=3.0.35-release&fileKey=commons-codec-1.16.0.jar, md5=6e26920fa7228891980890cce06b718c), JarFileInfo(uniqueName=baseLibrary-8.7.3.jar, url=https://jugg.sickworm.com/download_hot_update?version=3.0.35-release&fileKey=baseLibrary-8.7.3.jar, md5=d4fb415454f1c7211401c41c9be31e05), JarFileInfo(uniqueName=databinding-common-8.7.3.jar, url=https://jugg.sickworm.com/download_hot_update?version=3.0.35-release&fileKey=databinding-common-8.7.3.jar, md5=53eabd81209a65d44483e3f3460cda42), JarFileInfo(uniqueName=org.eclipse.jgit-6.8.0.202311291450-r.jar, url=https://jugg.sickworm.com/download_hot_update?version=3.0.35-release&fileKey=org.eclipse.jgit-6.8.0.202311291450-r.jar, md5=7b4362927e7a0f004ce94fd589dfb0ce), JarFileInfo(uniqueName=jakarta.activation-api-1.2.1.jar, url=https://jugg.sickworm.com/download_hot_update?version=3.0.35-release&fileKey=jakarta.activation-api-1.2.1.jar, md5=9b647398add993324d3d9e5effa6005a), JarFileInfo(uniqueName=dex-reader-api-2.1.jar, url=https://jugg.sickworm.com/download_hot_update?version=3.0.35-release&fileKey=dex-reader-api-2.1.jar, md5=5127ff8b033d6abe773d1b45d6ad7098), JarFileInfo(uniqueName=jaxb-runtime-2.3.2.jar, url=https://jugg.sickworm.com/download_hot_update?version=3.0.35-release&fileKey=jaxb-runtime-2.3.2.jar, md5=9c3bf13a58e56c1b955bf5a365ca10b2), JarFileInfo(uniqueName=kotlin-compiler-embeddable-1.9.23.jar, url=https://jugg.sickworm.com/download_hot_update?version=3.0.35-release&fileKey=kotlin-compiler-embeddable-1.9.23.jar, md5=197302b41a67b9e516873683cf3925b8), JarFileInfo(uniqueName=okio-jvm-3.6.0.jar, url=https://jugg.sickworm.com/download_hot_update?version=3.0.35-release&fileKey=okio-jvm-3.6.0.jar, md5=26370180ff99a7e8a12dcaac2a70cc6e), JarFileInfo(uniqueName=r8-8.4.21.jar, url=https://jugg.sickworm.com/download_hot_update?version=3.0.35-release&fileKey=r8-8.4.21.jar, md5=4c0eab3750756708f6a9da1d703a9046), JarFileInfo(uniqueName=juniversalchardet-1.0.3.jar, url=https://jugg.sickworm.com/download_hot_update?version=3.0.35-release&fileKey=juniversalchardet-1.0.3.jar, md5=d9ea0a9a275336c175b343f2e4cd8f27), JarFileInfo(uniqueName=dex-reader-2.1.jar, url=https://jugg.sickworm.com/download_hot_update?version=3.0.35-release&fileKey=dex-reader-2.1.jar, md5=0707784d37773cc37070fa7a672b979a), JarFileInfo(uniqueName=arscblamer-1.2.0.jar, url=https://jugg.sickworm.com/download_hot_update?version=3.0.35-release&fileKey=arscblamer-1.2.0.jar, md5=c35033307f3c63655c46c453ccd187c8), JarFileInfo(uniqueName=v_quail-786a1a6f2.jar, url=https://jugg.sickworm.com/download_hot_update?version=3.0.35-release&fileKey=v_quail-786a1a6f2.jar, md5=63f906d7c18cb808b56ee15b21550c4e), JarFileInfo(uniqueName=annotations-31.7.3.jar, url=https://jugg.sickworm.com/download_hot_update?version=3.0.35-release&fileKey=annotations-31.7.3.jar, md5=7be23e27227539b36c14255f6e90d537), JarFileInfo(uniqueName=v_panda-0bd665c7d.jar, url=https://jugg.sickworm.com/download_hot_update?version=3.0.35-release&fileKey=v_panda-0bd665c7d.jar, md5=74d91a4040f938089b01437b29867cd9), JarFileInfo(uniqueName=stax-ex-1.8.1.jar, url=https://jugg.sickworm.com/download_hot_update?version=3.0.35-release&fileKey=stax-ex-1.8.1.jar, md5=8fea4418fa80e957e39c174cec08053c), JarFileInfo(uniqueName=okhttp-4.12.0.jar, url=https://jugg.sickworm.com/download_hot_update?version=3.0.35-release&fileKey=okhttp-4.12.0.jar, md5=6acba053af88fed87e710c6c29911d7c), JarFileInfo(uniqueName=dex-writer-2.1.jar, url=https://jugg.sickworm.com/download_hot_update?version=3.0.35-release&fileKey=dex-writer-2.1.jar, md5=401ec8782c0febd65ecac023d3ab90ad), JarFileInfo(uniqueName=v_iguana-12dc464b5.jar, url=https://jugg.sickworm.com/download_hot_update?version=3.0.35-release&fileKey=v_iguana-12dc464b5.jar, md5=91471d80b5a8aca52dad8764340a65fc), JarFileInfo(uniqueName=kotlin-stdlib-2.2.21.jar, url=https://jugg.sickworm.com/download_hot_update?version=3.0.35-release&fileKey=kotlin-stdlib-2.2.21.jar, md5=493bc156c79fe10064e9f6b605c8297c), JarFileInfo(uniqueName=kotlinx-coroutines-core-jvm-1.6.4.jar, url=https://jugg.sickworm.com/download_hot_update?version=3.0.35-release&fileKey=kotlinx-coroutines-core-jvm-1.6.4.jar, md5=9ba1873872fe1406d39bc40683050c45), JarFileInfo(uniqueName=commons-io-2.13.0.jar, url=https://jugg.sickworm.com/download_hot_update?version=3.0.35-release&fileKey=commons-io-2.13.0.jar, md5=8d000fa8939b71b8894637f0ef6ea28c), JarFileInfo(uniqueName=jugg-repackage-asm-9.8.jar, url=https://jugg.sickworm.com/download_hot_update?version=3.0.35-release&fileKey=jugg-repackage-asm-9.8.jar, md5=83193072c4e696be9de47a8a7a5d4ad1), JarFileInfo(uniqueName=idea-3.0.35-release.jar, url=https://jugg.sickworm.com/download_hot_update?version=3.0.35-release&fileKey=idea-3.0.35-release.jar, md5=37fdb17712746aaae3b7e00d4c392569), JarFileInfo(uniqueName=kotlin-android-extensions-1.9.23_modified.jar, url=https://jugg.sickworm.com/download_hot_update?version=3.0.35-release&fileKey=kotlin-android-extensions-1.9.23_modified.jar, md5=e5ef8e367b28103cdb2e497f4bf63545), JarFileInfo(uniqueName=auto-common-0.10.jar, url=https://jugg.sickworm.com/download_hot_update?version=3.0.35-release&fileKey=auto-common-0.10.jar, md5=1d531d399cde06e9ab49b7d84e7603dc), JarFileInfo(uniqueName=kotlin-metadata-jvm-2.2.21.jar, url=https://jugg.sickworm.com/download_hot_update?version=3.0.35-release&fileKey=kotlin-metadata-jvm-2.2.21.jar, md5=8a642fb1eaaaedfc37a11a0754e6802c), JarFileInfo(uniqueName=jsch-0.2.16.jar, url=https://jugg.sickworm.com/download_hot_update?version=3.0.35-release&fileKey=jsch-0.2.16.jar, md5=589aba7ea9cd9d438307c5076997c479), JarFileInfo(uniqueName=v_chipmunk-21061cc13.jar, url=https://jugg.sickworm.com/download_hot_update?version=3.0.35-release&fileKey=v_chipmunk-21061cc13.jar, md5=415de684987d18b0cb7e61effa43f666), JarFileInfo(uniqueName=kotlin-stdlib-jdk8-1.9.23.jar, url=https://jugg.sickworm.com/download_hot_update?version=3.0.35-release&fileKey=kotlin-stdlib-jdk8-1.9.23.jar, md5=c98840426f61010d8212343807f646e8), JarFileInfo(uniqueName=main-3a9e106d9.jar, url=https://jugg.sickworm.com/download_hot_update?version=3.0.35-release&fileKey=main-3a9e106d9.jar, md5=8087bbc77c68ea1d84e88e5fd4246906), JarFileInfo(uniqueName=interface-1d2fe1215.jar, url=https://jugg.sickworm.com/download_hot_update?version=3.0.35-release&fileKey=interface-1d2fe1215.jar, md5=334b52cc7d5ee3c48bbcd6baf84718a0), JarFileInfo(uniqueName=sqlite-jdbc-3.42.0.0-lite.jar, url=https://jugg.sickworm.com/download_hot_update?version=3.0.35-release&fileKey=sqlite-jdbc-3.42.0.0-lite.jar, md5=3a6532c30c1842c5d5bacb8317077719), JarFileInfo(uniqueName=istack-commons-runtime-3.0.8.jar, url=https://jugg.sickworm.com/download_hot_update?version=3.0.35-release&fileKey=istack-commons-runtime-3.0.8.jar, md5=d8555a2f242c55d6727b4d0e82ab8446), JarFileInfo(uniqueName=jetifier-core-1.0.0-beta10.jar, url=https://jugg.sickworm.com/download_hot_update?version=3.0.35-release&fileKey=jetifier-core-1.0.0-beta10.jar, md5=45a718d6bdbf73f9450dec94c2880f6c), JarFileInfo(uniqueName=txw2-2.3.2.jar, url=https://jugg.sickworm.com/download_hot_update?version=3.0.35-release&fileKey=txw2-2.3.2.jar, md5=3f278f148c5d27dc608c25cb7d093b94), JarFileInfo(uniqueName=v_meerkat-6717fd4bd.jar, url=https://jugg.sickworm.com/download_hot_update?version=3.0.35-release&fileKey=v_meerkat-6717fd4bd.jar, md5=9264e92c605fbde63e3dcb881c9b33e4), JarFileInfo(uniqueName=javaparser-core-3.17.0.jar, url=https://jugg.sickworm.com/download_hot_update?version=3.0.35-release&fileKey=javaparser-core-3.17.0.jar, md5=1cdfeabd6f748e469816a447c54f096e), JarFileInfo(uniqueName=v_hedgehog-3f5b2d677.jar, url=https://jugg.sickworm.com/download_hot_update?version=3.0.35-release&fileKey=v_hedgehog-3f5b2d677.jar, md5=1ca40429561290993e4c6770c803804b)], isNeedReinstall=false)
[2026-08-03 22:49:38.895] [FINE   ] [JuggHotUpdateDownloader] downloadHotUpdate start, target dir: /Users/radar/.jugg/hot_update/jars
[2026-08-03 22:49:38.896] [FINE   ] [JuggHotUpdateDownloader] downloadHotUpdate needDownloadJars: [kotlin-compiler-embeddable-1.9.23.jar, okio-jvm-3.6.0.jar, r8-8.4.21.jar, juniversalchardet-1.0.3.jar, dex-reader-2.1.jar, arscblamer-1.2.0.jar, v_quail-786a1a6f2.jar, annotations-31.7.3.jar, v_panda-0bd665c7d.jar, stax-ex-1.8.1.jar, okhttp-4.12.0.jar, dex-writer-2.1.jar, v_iguana-12dc464b5.jar, kotlin-stdlib-2.2.21.jar, kotlinx-coroutines-core-jvm-1.6.4.jar, commons-io-2.13.0.jar, jugg-repackage-asm-9.8.jar, idea-3.0.35-release.jar, kotlin-android-extensions-1.9.23_modified.jar, auto-common-0.10.jar, kotlin-metadata-jvm-2.2.21.jar, jsch-0.2.16.jar, v_chipmunk-21061cc13.jar, kotlin-stdlib-jdk8-1.9.23.jar, main-3a9e106d9.jar, interface-1d2fe1215.jar, sqlite-jdbc-3.42.0.0-lite.jar, istack-commons-runtime-3.0.8.jar, jetifier-core-1.0.0-beta10.jar, txw2-2.3.2.jar, v_meerkat-6717fd4bd.jar, javaparser-core-3.17.0.jar, v_hedgehog-3f5b2d677.jar]
[2026-08-03 22:49:38.896] [FINE   ] [JuggHotUpdateDownloader] download kotlin-compiler-embeddable-1.9.23.jar start, url https://jugg.sickworm.com/download_hot_update?version=3.0.35-release&fileKey=kotlin-compiler-embeddable-1.9.23.jar
[2026-08-03 22:49:39.446] [FINE   ] [JuggHotUpdateDownloader] download kotlin-compiler-embeddable-1.9.23.jar failed: java.lang.IllegalStateException: md5 check failed, expect: 197302b41a67b9e516873683cf3925b8, actual: 9930f863e05806d7c3866a26ff8a1ff1
[2026-08-03 22:49:39.449] [FINE   ] [JuggHotUpdateDownloader] Error while hot update
java.lang.IllegalStateException: md5 check failed, expect: 197302b41a67b9e516873683cf3925b8, actual: 9930f863e05806d7c3866a26ff8a1ff1
	at com.sickworm.intellij.jugg.server.JuggHotUpdateDownloader.downloadAndInstallUpdate(JuggHotUpdateDownloader.kt:170)
	at com.sickworm.intellij.jugg.server.JuggHotUpdateDownloader$start$1.invokeSuspend(JuggHotUpdateDownloader.kt:53)
	at kotlin.coroutines.jvm.internal.BaseContinuationImpl.resumeWith(ContinuationImpl.kt:34)
	at kotlinx.coroutines.DispatchedTask.run(DispatchedTask.kt:106)
	at kotlinx.coroutines.internal.LimitedDispatcher.run(LimitedDispatcher.kt:42)
	at kotlinx.coroutines.scheduling.TaskImpl.run(Tasks.kt:95)
	at kotlinx.coroutines.scheduling.CoroutineScheduler.runSafely(CoroutineScheduler.kt:570)
	at kotlinx.coroutines.scheduling.CoroutineScheduler$Worker.executeTask(CoroutineScheduler.kt:750)
	at kotlinx.coroutines.scheduling.CoroutineScheduler$Worker.runWorker(CoroutineScheduler.kt:677)
	at kotlinx.coroutines.scheduling.CoroutineScheduler$Worker.run(CoroutineScheduler.kt:664)
[2026-08-03 22:49:39.450] [FINE   ] [JuggHotUpdateDownloader] Error while hot update, exit hot update
[2026-08-03 22:49:43.135] [FINE   ] [JuggHotUpdateDownloader] checkHotUpdate: HotUpdateData(isNeedUpdate=true, targetVersion=3.0.35-release, updateInfo=NotificationData(title=Jugg 已更新至：3.0.35-release, content=<html><p>更新内容：(2026.07.23)</p><p>1. 修复复合工程存在同名 app 模块时 Application R.jar 丢失，导致增量编译找不到 R 的问题</p><p>2. 隐藏可恢复的 DataBinding 编译失败警告，仅保留调试日志</p><p>3. 修复 Android Studio Quail 单选设备时错误部署到所有已连接设备的问题</p></html>, buttonText=null, jumpUrl=null, isSticky=true), jarFileInfos=[JarFileInfo(uniqueName=kotlin-daemon-embeddable-1.9.23.jar, url=https://jugg.sickworm.com/download_hot_update?version=3.0.35-release&fileKey=kotlin-daemon-embeddable-1.9.23.jar, md5=9b1362b8576bd085058d8be2ae34c316), JarFileInfo(uniqueName=trove4j-1.0.20200330.jar, url=https://jugg.sickworm.com/download_hot_update?version=3.0.35-release&fileKey=trove4j-1.0.20200330.jar, md5=bb75697e375d588a9d3f8f2653b30f77), JarFileInfo(uniqueName=v_narwhal-12dc464b5.jar, url=https://jugg.sickworm.com/download_hot_update?version=3.0.35-release&fileKey=v_narwhal-12dc464b5.jar, md5=1c87efc67da528bb93b3ecf026320a7e), JarFileInfo(uniqueName=kotlin-reflect-1.9.23.jar, url=https://jugg.sickworm.com/download_hot_update?version=3.0.35-release&fileKey=kotlin-reflect-1.9.23.jar, md5=08f576baf497678c7a08b5cd14bc707a), JarFileInfo(uniqueName=databinding-compiler-common-8.7.3.jar, url=https://jugg.sickworm.com/download_hot_update?version=3.0.35-release&fileKey=databinding-compiler-common-8.7.3.jar, md5=eab0027e90ef13434c8d7e23e68cc3bb), JarFileInfo(uniqueName=JavaEWAH-1.2.3.jar, url=https://jugg.sickworm.com/download_hot_update?version=3.0.35-release&fileKey=JavaEWAH-1.2.3.jar, md5=8fdeda28c1fb10e67b3d79f86bef5e61), JarFileInfo(uniqueName=kotlinx-metadata-jvm-0.9.0.jar, url=https://jugg.sickworm.com/download_hot_update?version=3.0.35-release&fileKey=kotlinx-metadata-jvm-0.9.0.jar, md5=b339ca5ef7c29e18529bf487a0fb9f4d), JarFileInfo(uniqueName=v_narwhal_feature-12dc464b5.jar, url=https://jugg.sickworm.com/download_hot_update?version=3.0.35-release&fileKey=v_narwhal_feature-12dc464b5.jar, md5=21d5b536f6e1da6fd7722986d8cec17f), JarFileInfo(uniqueName=kotlin-script-runtime-1.9.23.jar, url=https://jugg.sickworm.com/download_hot_update?version=3.0.35-release&fileKey=kotlin-script-runtime-1.9.23.jar, md5=c741a84781d9661f79b3ad7b3cac63d5), JarFileInfo(uniqueName=FastInfoset-1.2.16.jar, url=https://jugg.sickworm.com/download_hot_update?version=3.0.35-release&fileKey=FastInfoset-1.2.16.jar, md5=f7f4be4695e2501a6d585beca305c74c), JarFileInfo(uniqueName=kotlin-stdlib-jdk7-1.9.23.jar, url=https://jugg.sickworm.com/download_hot_update?version=3.0.35-release&fileKey=kotlin-stdlib-jdk7-1.9.23.jar, md5=3818d01fbd742c4ef31bdccaa1825524), JarFileInfo(uniqueName=jakarta.xml.bind-api-2.3.2.jar, url=https://jugg.sickworm.com/download_hot_update?version=3.0.35-release&fileKey=jakarta.xml.bind-api-2.3.2.jar, md5=dabb40ba58199304c640b7bd8bb2fbac), JarFileInfo(uniqueName=gson-2.10.1.jar, url=https://jugg.sickworm.com/download_hot_update?version=3.0.35-release&fileKey=gson-2.10.1.jar, md5=df6097815738cb31fc56391553210843), JarFileInfo(uniqueName=databinding-compiler-8.7.3.jar, url=https://jugg.sickworm.com/download_hot_update?version=3.0.35-release&fileKey=databinding-compiler-8.7.3.jar, md5=20c1d22a79fcfed926a47493708c1c02), JarFileInfo(uniqueName=javapoet-1.10.0.jar, url=https://jugg.sickworm.com/download_hot_update?version=3.0.35-release&fileKey=javapoet-1.10.0.jar, md5=58f542814fa3501790a57c212f20dafe), JarFileInfo(uniqueName=v_otter-0bd665c7d.jar, url=https://jugg.sickworm.com/download_hot_update?version=3.0.35-release&fileKey=v_otter-0bd665c7d.jar, md5=c6c18314450bcb3a8966af031dbfbbca), JarFileInfo(uniqueName=annotations-13.0.jar, url=https://jugg.sickworm.com/download_hot_update?version=3.0.35-release&fileKey=annotations-13.0.jar, md5=f4fb462172517b46b6cd90003508515a), JarFileInfo(uniqueName=aapt2-inclink-ae75b9235.jar, url=https://jugg.sickworm.com/download_hot_update?version=3.0.35-release&fileKey=aapt2-inclink-ae75b9235.jar, md5=5a950f00b73be8231db08ce156bd084e), JarFileInfo(uniqueName=classgraph-4.8.110.jar, url=https://jugg.sickworm.com/download_hot_update?version=3.0.35-release&fileKey=classgraph-4.8.110.jar, md5=8a9143146fb4e5089159a8eba84c34ee), JarFileInfo(uniqueName=v_giraffe-21061cc13.jar, url=https://jugg.sickworm.com/download_hot_update?version=3.0.35-release&fileKey=v_giraffe-21061cc13.jar, md5=7ac4f7c12576f6f3498e48558a3c6d26), JarFileInfo(uniqueName=jugg-repackage-asm-tree-9.8.jar, url=https://jugg.sickworm.com/download_hot_update?version=3.0.35-release&fileKey=jugg-repackage-asm-tree-9.8.jar, md5=f9e2cd9467098c52d353736c12407e70), JarFileInfo(uniqueName=jugg-repackage-asm-commons-9.8.jar, url=https://jugg.sickworm.com/download_hot_update?version=3.0.35-release&fileKey=jugg-repackage-asm-commons-9.8.jar, md5=669e4797e611944b7ee7e05be66668a3), JarFileInfo(uniqueName=commons-codec-1.16.0.jar, url=https://jugg.sickworm.com/download_hot_update?version=3.0.35-release&fileKey=commons-codec-1.16.0.jar, md5=6e26920fa7228891980890cce06b718c), JarFileInfo(uniqueName=baseLibrary-8.7.3.jar, url=https://jugg.sickworm.com/download_hot_update?version=3.0.35-release&fileKey=baseLibrary-8.7.3.jar, md5=d4fb415454f1c7211401c41c9be31e05), JarFileInfo(uniqueName=databinding-common-8.7.3.jar, url=https://jugg.sickworm.com/download_hot_update?version=3.0.35-release&fileKey=databinding-common-8.7.3.jar, md5=53eabd81209a65d44483e3f3460cda42), JarFileInfo(uniqueName=org.eclipse.jgit-6.8.0.202311291450-r.jar, url=https://jugg.sickworm.com/download_hot_update?version=3.0.35-release&fileKey=org.eclipse.jgit-6.8.0.202311291450-r.jar, md5=7b4362927e7a0f004ce94fd589dfb0ce), JarFileInfo(uniqueName=jakarta.activation-api-1.2.1.jar, url=https://jugg.sickworm.com/download_hot_update?version=3.0.35-release&fileKey=jakarta.activation-api-1.2.1.jar, md5=9b647398add993324d3d9e5effa6005a), JarFileInfo(uniqueName=dex-reader-api-2.1.jar, url=https://jugg.sickworm.com/download_hot_update?version=3.0.35-release&fileKey=dex-reader-api-2.1.jar, md5=5127ff8b033d6abe773d1b45d6ad7098), JarFileInfo(uniqueName=jaxb-runtime-2.3.2.jar, url=https://jugg.sickworm.com/download_hot_update?version=3.0.35-release&fileKey=jaxb-runtime-2.3.2.jar, md5=9c3bf13a58e56c1b955bf5a365ca10b2), JarFileInfo(uniqueName=kotlin-compiler-embeddable-1.9.23.jar, url=https://jugg.sickworm.com/download_hot_update?version=3.0.35-release&fileKey=kotlin-compiler-embeddable-1.9.23.jar, md5=197302b41a67b9e516873683cf3925b8), JarFileInfo(uniqueName=okio-jvm-3.6.0.jar, url=https://jugg.sickworm.com/download_hot_update?version=3.0.35-release&fileKey=okio-jvm-3.6.0.jar, md5=26370180ff99a7e8a12dcaac2a70cc6e), JarFileInfo(uniqueName=r8-8.4.21.jar, url=https://jugg.sickworm.com/download_hot_update?version=3.0.35-release&fileKey=r8-8.4.21.jar, md5=4c0eab3750756708f6a9da1d703a9046), JarFileInfo(uniqueName=juniversalchardet-1.0.3.jar, url=https://jugg.sickworm.com/download_hot_update?version=3.0.35-release&fileKey=juniversalchardet-1.0.3.jar, md5=d9ea0a9a275336c175b343f2e4cd8f27), JarFileInfo(uniqueName=dex-reader-2.1.jar, url=https://jugg.sickworm.com/download_hot_update?version=3.0.35-release&fileKey=dex-reader-2.1.jar, md5=0707784d37773cc37070fa7a672b979a), JarFileInfo(uniqueName=arscblamer-1.2.0.jar, url=https://jugg.sickworm.com/download_hot_update?version=3.0.35-release&fileKey=arscblamer-1.2.0.jar, md5=c35033307f3c63655c46c453ccd187c8), JarFileInfo(uniqueName=v_quail-786a1a6f2.jar, url=https://jugg.sickworm.com/download_hot_update?version=3.0.35-release&fileKey=v_quail-786a1a6f2.jar, md5=63f906d7c18cb808b56ee15b21550c4e), JarFileInfo(uniqueName=annotations-31.7.3.jar, url=https://jugg.sickworm.com/download_hot_update?version=3.0.35-release&fileKey=annotations-31.7.3.jar, md5=7be23e27227539b36c14255f6e90d537), JarFileInfo(uniqueName=v_panda-0bd665c7d.jar, url=https://jugg.sickworm.com/download_hot_update?version=3.0.35-release&fileKey=v_panda-0bd665c7d.jar, md5=74d91a4040f938089b01437b29867cd9), JarFileInfo(uniqueName=stax-ex-1.8.1.jar, url=https://jugg.sickworm.com/download_hot_update?version=3.0.35-release&fileKey=stax-ex-1.8.1.jar, md5=8fea4418fa80e957e39c174cec08053c), JarFileInfo(uniqueName=okhttp-4.12.0.jar, url=https://jugg.sickworm.com/download_hot_update?version=3.0.35-release&fileKey=okhttp-4.12.0.jar, md5=6acba053af88fed87e710c6c29911d7c), JarFileInfo(uniqueName=dex-writer-2.1.jar, url=https://jugg.sickworm.com/download_hot_update?version=3.0.35-release&fileKey=dex-writer-2.1.jar, md5=401ec8782c0febd65ecac023d3ab90ad), JarFileInfo(uniqueName=v_iguana-12dc464b5.jar, url=https://jugg.sickworm.com/download_hot_update?version=3.0.35-release&fileKey=v_iguana-12dc464b5.jar, md5=91471d80b5a8aca52dad8764340a65fc), JarFileInfo(uniqueName=kotlin-stdlib-2.2.21.jar, url=https://jugg.sickworm.com/download_hot_update?version=3.0.35-release&fileKey=kotlin-stdlib-2.2.21.jar, md5=493bc156c79fe10064e9f6b605c8297c), JarFileInfo(uniqueName=kotlinx-coroutines-core-jvm-1.6.4.jar, url=https://jugg.sickworm.com/download_hot_update?version=3.0.35-release&fileKey=kotlinx-coroutines-core-jvm-1.6.4.jar, md5=9ba1873872fe1406d39bc40683050c45), JarFileInfo(uniqueName=commons-io-2.13.0.jar, url=https://jugg.sickworm.com/download_hot_update?version=3.0.35-release&fileKey=commons-io-2.13.0.jar, md5=8d000fa8939b71b8894637f0ef6ea28c), JarFileInfo(uniqueName=jugg-repackage-asm-9.8.jar, url=https://jugg.sickworm.com/download_hot_update?version=3.0.35-release&fileKey=jugg-repackage-asm-9.8.jar, md5=83193072c4e696be9de47a8a7a5d4ad1), JarFileInfo(uniqueName=idea-3.0.35-release.jar, url=https://jugg.sickworm.com/download_hot_update?version=3.0.35-release&fileKey=idea-3.0.35-release.jar, md5=37fdb17712746aaae3b7e00d4c392569), JarFileInfo(uniqueName=kotlin-android-extensions-1.9.23_modified.jar, url=https://jugg.sickworm.com/download_hot_update?version=3.0.35-release&fileKey=kotlin-android-extensions-1.9.23_modified.jar, md5=e5ef8e367b28103cdb2e497f4bf63545), JarFileInfo(uniqueName=auto-common-0.10.jar, url=https://jugg.sickworm.com/download_hot_update?version=3.0.35-release&fileKey=auto-common-0.10.jar, md5=1d531d399cde06e9ab49b7d84e7603dc), JarFileInfo(uniqueName=kotlin-metadata-jvm-2.2.21.jar, url=https://jugg.sickworm.com/download_hot_update?version=3.0.35-release&fileKey=kotlin-metadata-jvm-2.2.21.jar, md5=8a642fb1eaaaedfc37a11a0754e6802c), JarFileInfo(uniqueName=jsch-0.2.16.jar, url=https://jugg.sickworm.com/download_hot_update?version=3.0.35-release&fileKey=jsch-0.2.16.jar, md5=589aba7ea9cd9d438307c5076997c479), JarFileInfo(uniqueName=v_chipmunk-21061cc13.jar, url=https://jugg.sickworm.com/download_hot_update?version=3.0.35-release&fileKey=v_chipmunk-21061cc13.jar, md5=415de684987d18b0cb7e61effa43f666), JarFileInfo(uniqueName=kotlin-stdlib-jdk8-1.9.23.jar, url=https://jugg.sickworm.com/download_hot_update?version=3.0.35-release&fileKey=kotlin-stdlib-jdk8-1.9.23.jar, md5=c98840426f61010d8212343807f646e8), JarFileInfo(uniqueName=main-3a9e106d9.jar, url=https://jugg.sickworm.com/download_hot_update?version=3.0.35-release&fileKey=main-3a9e106d9.jar, md5=8087bbc77c68ea1d84e88e5fd4246906), JarFileInfo(uniqueName=interface-1d2fe1215.jar, url=https://jugg.sickworm.com/download_hot_update?version=3.0.35-release&fileKey=interface-1d2fe1215.jar, md5=334b52cc7d5ee3c48bbcd6baf84718a0), JarFileInfo(uniqueName=sqlite-jdbc-3.42.0.0-lite.jar, url=https://jugg.sickworm.com/download_hot_update?version=3.0.35-release&fileKey=sqlite-jdbc-3.42.0.0-lite.jar, md5=3a6532c30c1842c5d5bacb8317077719), JarFileInfo(uniqueName=istack-commons-runtime-3.0.8.jar, url=https://jugg.sickworm.com/download_hot_update?version=3.0.35-release&fileKey=istack-commons-runtime-3.0.8.jar, md5=d8555a2f242c55d6727b4d0e82ab8446), JarFileInfo(uniqueName=jetifier-core-1.0.0-beta10.jar, url=https://jugg.sickworm.com/download_hot_update?version=3.0.35-release&fileKey=jetifier-core-1.0.0-beta10.jar, md5=45a718d6bdbf73f9450dec94c2880f6c), JarFileInfo(uniqueName=txw2-2.3.2.jar, url=https://jugg.sickworm.com/download_hot_update?version=3.0.35-release&fileKey=txw2-2.3.2.jar, md5=3f278f148c5d27dc608c25cb7d093b94), JarFileInfo(uniqueName=v_meerkat-6717fd4bd.jar, url=https://jugg.sickworm.com/download_hot_update?version=3.0.35-release&fileKey=v_meerkat-6717fd4bd.jar, md5=9264e92c605fbde63e3dcb881c9b33e4), JarFileInfo(uniqueName=javaparser-core-3.17.0.jar, url=https://jugg.sickworm.com/download_hot_update?version=3.0.35-release&fileKey=javaparser-core-3.17.0.jar, md5=1cdfeabd6f748e469816a447c54f096e), JarFileInfo(uniqueName=v_hedgehog-3f5b2d677.jar, url=https://jugg.sickworm.com/download_hot_update?version=3.0.35-release&fileKey=v_hedgehog-3f5b2d677.jar, md5=1ca40429561290993e4c6770c803804b)], isNeedReinstall=false)
[2026-08-03 22:49:43.136] [FINE   ] [JuggHotUpdateDownloader] downloadHotUpdate start, target dir: /Users/radar/.jugg/hot_update/jars
[2026-08-03 22:49:43.137] [FINE   ] [JuggHotUpdateDownloader] downloadHotUpdate needDownloadJars: [kotlin-compiler-embeddable-1.9.23.jar, okio-jvm-3.6.0.jar, r8-8.4.21.jar, juniversalchardet-1.0.3.jar, dex-reader-2.1.jar, arscblamer-1.2.0.jar, v_quail-786a1a6f2.jar, annotations-31.7.3.jar, v_panda-0bd665c7d.jar, stax-ex-1.8.1.jar, okhttp-4.12.0.jar, dex-writer-2.1.jar, v_iguana-12dc464b5.jar, kotlin-stdlib-2.2.21.jar, kotlinx-coroutines-core-jvm-1.6.4.jar, commons-io-2.13.0.jar, jugg-repackage-asm-9.8.jar, idea-3.0.35-release.jar, kotlin-android-extensions-1.9.23_modified.jar, auto-common-0.10.jar, kotlin-metadata-jvm-2.2.21.jar, jsch-0.2.16.jar, v_chipmunk-21061cc13.jar, kotlin-stdlib-jdk8-1.9.23.jar, main-3a9e106d9.jar, interface-1d2fe1215.jar, sqlite-jdbc-3.42.0.0-lite.jar, istack-commons-runtime-3.0.8.jar, jetifier-core-1.0.0-beta10.jar, txw2-2.3.2.jar, v_meerkat-6717fd4bd.jar, javaparser-core-3.17.0.jar, v_hedgehog-3f5b2d677.jar]
[2026-08-03 22:49:43.137] [FINE   ] [JuggHotUpdateDownloader] download kotlin-compiler-embeddable-1.9.23.jar start, url https://jugg.sickworm.com/download_hot_update?version=3.0.35-release&fileKey=kotlin-compiler-embeddable-1.9.23.jar
[2026-08-03 22:49:56.907] [FINE   ] [JuggHotUpdateDownloader] download kotlin-compiler-embeddable-1.9.23.jar failed: java.lang.IllegalStateException: md5 check failed, expect: 197302b41a67b9e516873683cf3925b8, actual: 768c72e08a0878ab03d0fa45b1dadba9
[2026-08-03 22:49:56.908] [FINE   ] [JuggHotUpdateDownloader] Error while hot update
java.lang.IllegalStateException: md5 check failed, expect: 197302b41a67b9e516873683cf3925b8, actual: 768c72e08a0878ab03d0fa45b1dadba9
	at com.sickworm.intellij.jugg.server.JuggHotUpdateDownloader.downloadAndInstallUpdate(JuggHotUpdateDownloader.kt:170)
	at com.sickworm.intellij.jugg.server.JuggHotUpdateDownloader$start$1.invokeSuspend(JuggHotUpdateDownloader.kt:53)
	at kotlin.coroutines.jvm.internal.BaseContinuationImpl.resumeWith(ContinuationImpl.kt:34)
	at kotlinx.coroutines.DispatchedTask.run(DispatchedTask.kt:106)
	at kotlinx.coroutines.internal.LimitedDispatcher.run(LimitedDispatcher.kt:42)
	at kotlinx.coroutines.scheduling.TaskImpl.run(Tasks.kt:95)
	at kotlinx.coroutines.scheduling.CoroutineScheduler.runSafely(CoroutineScheduler.kt:570)
	at kotlinx.coroutines.scheduling.CoroutineScheduler$Worker.executeTask(CoroutineScheduler.kt:750)
	at kotlinx.coroutines.scheduling.CoroutineScheduler$Worker.runWorker(CoroutineScheduler.kt:677)
	at kotlinx.coroutines.scheduling.CoroutineScheduler$Worker.run(CoroutineScheduler.kt:664)
[2026-08-03 22:49:56.908] [FINE   ] [JuggHotUpdateDownloader] Error while hot update, exit hot update
[2026-08-03 22:49:57.415] [FINE   ] [JuggHotUpdateDownloader] download kotlin-compiler-embeddable-1.9.23.jar failed: java.lang.IllegalStateException: md5 check failed, expect: 197302b41a67b9e516873683cf3925b8, actual: 6d4041a91f71a9d9a129d90a2fcbbdd7
[2026-08-03 22:49:57.416] [FINE   ] [JuggHotUpdateDownloader] Error while hot update
java.lang.IllegalStateException: md5 check failed, expect: 197302b41a67b9e516873683cf3925b8, actual: 6d4041a91f71a9d9a129d90a2fcbbdd7
	at com.sickworm.intellij.jugg.server.JuggHotUpdateDownloader.downloadAndInstallUpdate(JuggHotUpdateDownloader.kt:170)
	at com.sickworm.intellij.jugg.server.JuggHotUpdateDownloader$start$1.invokeSuspend(JuggHotUpdateDownloader.kt:53)
	at kotlin.coroutines.jvm.internal.BaseContinuationImpl.resumeWith(ContinuationImpl.kt:34)
	at kotlinx.coroutines.DispatchedTask.run(DispatchedTask.kt:106)
	at kotlinx.coroutines.internal.LimitedDispatcher.run(LimitedDispatcher.kt:42)
	at kotlinx.coroutines.scheduling.TaskImpl.run(Tasks.kt:95)
	at kotlinx.coroutines.scheduling.CoroutineScheduler.runSafely(CoroutineScheduler.kt:570)
	at kotlinx.coroutines.scheduling.CoroutineScheduler$Worker.executeTask(CoroutineScheduler.kt:750)
	at kotlinx.coroutines.scheduling.CoroutineScheduler$Worker.runWorker(CoroutineScheduler.kt:677)
	at kotlinx.coroutines.scheduling.CoroutineScheduler$Worker.run(CoroutineScheduler.kt:664)
[2026-08-03 22:49:57.417] [FINE   ] [JuggHotUpdateDownloader] Error while hot update, exit hot update
[2026-08-03 22:49:58.395] [FINE   ] [JuggHotUpdateDownloader] download kotlin-compiler-embeddable-1.9.23.jar failed: java.lang.IllegalStateException: md5 check failed, expect: 197302b41a67b9e516873683cf3925b8, actual: 6f01e1479113e0782286312e7c6f78d3
[2026-08-03 22:49:58.395] [FINE   ] [JuggHotUpdateDownloader] Error while hot update
java.lang.IllegalStateException: md5 check failed, expect: 197302b41a67b9e516873683cf3925b8, actual: 6f01e1479113e0782286312e7c6f78d3
	at com.sickworm.intellij.jugg.server.JuggHotUpdateDownloader.downloadAndInstallUpdate(JuggHotUpdateDownloader.kt:170)
	at com.sickworm.intellij.jugg.server.JuggHotUpdateDownloader$start$1.invokeSuspend(JuggHotUpdateDownloader.kt:53)
	at kotlin.coroutines.jvm.internal.BaseContinuationImpl.resumeWith(ContinuationImpl.kt:34)
	at kotlinx.coroutines.DispatchedTask.run(DispatchedTask.kt:106)
	at kotlinx.coroutines.internal.LimitedDispatcher.run(LimitedDispatcher.kt:42)
	at kotlinx.coroutines.scheduling.TaskImpl.run(Tasks.kt:95)
	at kotlinx.coroutines.scheduling.CoroutineScheduler.runSafely(CoroutineScheduler.kt:570)
	at kotlinx.coroutines.scheduling.CoroutineScheduler$Worker.executeTask(CoroutineScheduler.kt:750)
	at kotlinx.coroutines.scheduling.CoroutineScheduler$Worker.runWorker(CoroutineScheduler.kt:677)
	at kotlinx.coroutines.scheduling.CoroutineScheduler$Worker.run(CoroutineScheduler.kt:664)
[2026-08-03 22:49:58.395] [FINE   ] [JuggHotUpdateDownloader] Error while hot update, exit hot update
[2026-08-03 22:50:00.297] [FINE   ] [JuggHotUpdateDownloader] download kotlin-compiler-embeddable-1.9.23.jar finished
[2026-08-03 22:50:00.299] [FINE   ] [JuggHotUpdateDownloader] download okio-jvm-3.6.0.jar start, url https://jugg.sickworm.com/download_hot_update?version=3.0.35-release&fileKey=okio-jvm-3.6.0.jar
[2026-08-03 22:50:00.358] [FINE   ] [JuggHotUpdateDownloader] download okio-jvm-3.6.0.jar finished
[2026-08-03 22:50:00.359] [FINE   ] [JuggHotUpdateDownloader] download r8-8.4.21.jar start, url https://jugg.sickworm.com/download_hot_update?version=3.0.35-release&fileKey=r8-8.4.21.jar
[2026-08-03 22:50:04.940] [FINE   ] [JuggHotUpdateDownloader] download r8-8.4.21.jar finished
[2026-08-03 22:50:04.941] [FINE   ] [JuggHotUpdateDownloader] download juniversalchardet-1.0.3.jar start, url https://jugg.sickworm.com/download_hot_update?version=3.0.35-release&fileKey=juniversalchardet-1.0.3.jar
[2026-08-03 22:50:04.985] [FINE   ] [JuggHotUpdateDownloader] download juniversalchardet-1.0.3.jar finished
[2026-08-03 22:50:04.986] [FINE   ] [JuggHotUpdateDownloader] download dex-reader-2.1.jar start, url https://jugg.sickworm.com/download_hot_update?version=3.0.35-release&fileKey=dex-reader-2.1.jar
[2026-08-03 22:50:05.012] [FINE   ] [JuggHotUpdateDownloader] download dex-reader-2.1.jar finished
[2026-08-03 22:50:05.012] [FINE   ] [JuggHotUpdateDownloader] download arscblamer-1.2.0.jar start, url https://jugg.sickworm.com/download_hot_update?version=3.0.35-release&fileKey=arscblamer-1.2.0.jar
[2026-08-03 22:50:05.042] [FINE   ] [JuggHotUpdateDownloader] download arscblamer-1.2.0.jar finished
[2026-08-03 22:50:05.043] [FINE   ] [JuggHotUpdateDownloader] download v_quail-786a1a6f2.jar start, url https://jugg.sickworm.com/download_hot_update?version=3.0.35-release&fileKey=v_quail-786a1a6f2.jar
[2026-08-03 22:50:05.062] [FINE   ] [JuggHotUpdateDownloader] download v_quail-786a1a6f2.jar finished
[2026-08-03 22:50:05.063] [FINE   ] [JuggHotUpdateDownloader] download annotations-31.7.3.jar start, url https://jugg.sickworm.com/download_hot_update?version=3.0.35-release&fileKey=annotations-31.7.3.jar
[2026-08-03 22:50:05.140] [FINE   ] [JuggHotUpdateDownloader] download annotations-31.7.3.jar finished
[2026-08-03 22:50:05.141] [FINE   ] [JuggHotUpdateDownloader] download v_panda-0bd665c7d.jar start, url https://jugg.sickworm.com/download_hot_update?version=3.0.35-release&fileKey=v_panda-0bd665c7d.jar
[2026-08-03 22:50:05.246] [FINE   ] [JuggHotUpdateDownloader] download v_panda-0bd665c7d.jar finished
[2026-08-03 22:50:05.247] [FINE   ] [JuggHotUpdateDownloader] download stax-ex-1.8.1.jar start, url https://jugg.sickworm.com/download_hot_update?version=3.0.35-release&fileKey=stax-ex-1.8.1.jar
[2026-08-03 22:50:05.348] [FINE   ] [JuggHotUpdateDownloader] download stax-ex-1.8.1.jar finished
[2026-08-03 22:50:05.349] [FINE   ] [JuggHotUpdateDownloader] download okhttp-4.12.0.jar start, url https://jugg.sickworm.com/download_hot_update?version=3.0.35-release&fileKey=okhttp-4.12.0.jar
[2026-08-03 22:50:05.439] [FINE   ] [JuggHotUpdateDownloader] download okhttp-4.12.0.jar finished
[2026-08-03 22:50:05.440] [FINE   ] [JuggHotUpdateDownloader] download dex-writer-2.1.jar start, url https://jugg.sickworm.com/download_hot_update?version=3.0.35-release&fileKey=dex-writer-2.1.jar
[2026-08-03 22:50:05.469] [FINE   ] [JuggHotUpdateDownloader] download dex-writer-2.1.jar finished
[2026-08-03 22:50:05.469] [FINE   ] [JuggHotUpdateDownloader] download v_iguana-12dc464b5.jar start, url https://jugg.sickworm.com/download_hot_update?version=3.0.35-release&fileKey=v_iguana-12dc464b5.jar
[2026-08-03 22:50:05.488] [FINE   ] [JuggHotUpdateDownloader] download v_iguana-12dc464b5.jar finished
[2026-08-03 22:50:05.488] [FINE   ] [JuggHotUpdateDownloader] download kotlin-stdlib-2.2.21.jar start, url https://jugg.sickworm.com/download_hot_update?version=3.0.35-release&fileKey=kotlin-stdlib-2.2.21.jar
[2026-08-03 22:50:05.670] [FINE   ] [JuggHotUpdateDownloader] download kotlin-stdlib-2.2.21.jar finished
[2026-08-03 22:50:05.670] [FINE   ] [JuggHotUpdateDownloader] download kotlinx-coroutines-core-jvm-1.6.4.jar start, url https://jugg.sickworm.com/download_hot_update?version=3.0.35-release&fileKey=kotlinx-coroutines-core-jvm-1.6.4.jar
[2026-08-03 22:50:05.822] [FINE   ] [JuggHotUpdateDownloader] download kotlinx-coroutines-core-jvm-1.6.4.jar finished
[2026-08-03 22:50:05.822] [FINE   ] [JuggHotUpdateDownloader] download commons-io-2.13.0.jar start, url https://jugg.sickworm.com/download_hot_update?version=3.0.35-release&fileKey=commons-io-2.13.0.jar
[2026-08-03 22:50:05.884] [FINE   ] [JuggHotUpdateDownloader] download commons-io-2.13.0.jar finished
[2026-08-03 22:50:05.885] [FINE   ] [JuggHotUpdateDownloader] download jugg-repackage-asm-9.8.jar start, url https://jugg.sickworm.com/download_hot_update?version=3.0.35-release&fileKey=jugg-repackage-asm-9.8.jar
[2026-08-03 22:50:05.915] [FINE   ] [JuggHotUpdateDownloader] download jugg-repackage-asm-9.8.jar finished
[2026-08-03 22:50:05.916] [FINE   ] [JuggHotUpdateDownloader] download idea-3.0.35-release.jar start, url https://jugg.sickworm.com/download_hot_update?version=3.0.35-release&fileKey=idea-3.0.35-release.jar
[2026-08-03 22:50:06.040] [FINE   ] [JuggHotUpdateDownloader] download idea-3.0.35-release.jar finished
[2026-08-03 22:50:06.041] [FINE   ] [JuggHotUpdateDownloader] download kotlin-android-extensions-1.9.23_modified.jar start, url https://jugg.sickworm.com/download_hot_update?version=3.0.35-release&fileKey=kotlin-android-extensions-1.9.23_modified.jar
[2026-08-03 22:50:06.106] [FINE   ] [JuggHotUpdateDownloader] download kotlin-android-extensions-1.9.23_modified.jar finished
[2026-08-03 22:50:06.106] [FINE   ] [JuggHotUpdateDownloader] download auto-common-0.10.jar start, url https://jugg.sickworm.com/download_hot_update?version=3.0.35-release&fileKey=auto-common-0.10.jar
[2026-08-03 22:50:06.132] [FINE   ] [JuggHotUpdateDownloader] download auto-common-0.10.jar finished
[2026-08-03 22:50:06.133] [FINE   ] [JuggHotUpdateDownloader] download kotlin-metadata-jvm-2.2.21.jar start, url https://jugg.sickworm.com/download_hot_update?version=3.0.35-release&fileKey=kotlin-metadata-jvm-2.2.21.jar
[2026-08-03 22:50:06.245] [FINE   ] [JuggHotUpdateDownloader] download kotlin-metadata-jvm-2.2.21.jar finished
[2026-08-03 22:50:06.245] [FINE   ] [JuggHotUpdateDownloader] download jsch-0.2.16.jar start, url https://jugg.sickworm.com/download_hot_update?version=3.0.35-release&fileKey=jsch-0.2.16.jar
[2026-08-03 22:50:06.314] [FINE   ] [JuggHotUpdateDownloader] download jsch-0.2.16.jar finished
[2026-08-03 22:50:06.315] [FINE   ] [JuggHotUpdateDownloader] download v_chipmunk-21061cc13.jar start, url https://jugg.sickworm.com/download_hot_update?version=3.0.35-release&fileKey=v_chipmunk-21061cc13.jar
[2026-08-03 22:50:06.337] [FINE   ] [JuggHotUpdateDownloader] download v_chipmunk-21061cc13.jar finished
[2026-08-03 22:50:06.338] [FINE   ] [JuggHotUpdateDownloader] download kotlin-stdlib-jdk8-1.9.23.jar start, url https://jugg.sickworm.com/download_hot_update?version=3.0.35-release&fileKey=kotlin-stdlib-jdk8-1.9.23.jar
[2026-08-03 22:50:06.355] [FINE   ] [JuggHotUpdateDownloader] download kotlin-stdlib-jdk8-1.9.23.jar finished
[2026-08-03 22:50:06.355] [FINE   ] [JuggHotUpdateDownloader] download main-3a9e106d9.jar start, url https://jugg.sickworm.com/download_hot_update?version=3.0.35-release&fileKey=main-3a9e106d9.jar
[2026-08-03 22:50:06.860] [FINE   ] [JuggHotUpdateDownloader] download main-3a9e106d9.jar finished
[2026-08-03 22:50:06.861] [FINE   ] [JuggHotUpdateDownloader] download interface-1d2fe1215.jar start, url https://jugg.sickworm.com/download_hot_update?version=3.0.35-release&fileKey=interface-1d2fe1215.jar
[2026-08-03 22:50:06.885] [FINE   ] [JuggHotUpdateDownloader] download interface-1d2fe1215.jar finished
[2026-08-03 22:50:06.885] [FINE   ] [JuggHotUpdateDownloader] download sqlite-jdbc-3.42.0.0-lite.jar start, url https://jugg.sickworm.com/download_hot_update?version=3.0.35-release&fileKey=sqlite-jdbc-3.42.0.0-lite.jar
[2026-08-03 22:50:07.137] [FINE   ] [JuggHotUpdateDownloader] download sqlite-jdbc-3.42.0.0-lite.jar finished
[2026-08-03 22:50:07.138] [FINE   ] [JuggHotUpdateDownloader] download istack-commons-runtime-3.0.8.jar start, url https://jugg.sickworm.com/download_hot_update?version=3.0.35-release&fileKey=istack-commons-runtime-3.0.8.jar
[2026-08-03 22:50:07.158] [FINE   ] [JuggHotUpdateDownloader] download istack-commons-runtime-3.0.8.jar finished
[2026-08-03 22:50:07.159] [FINE   ] [JuggHotUpdateDownloader] download jetifier-core-1.0.0-beta10.jar start, url https://jugg.sickworm.com/download_hot_update?version=3.0.35-release&fileKey=jetifier-core-1.0.0-beta10.jar
[2026-08-03 22:50:07.189] [FINE   ] [JuggHotUpdateDownloader] download jetifier-core-1.0.0-beta10.jar finished
[2026-08-03 22:50:07.190] [FINE   ] [JuggHotUpdateDownloader] download txw2-2.3.2.jar start, url https://jugg.sickworm.com/download_hot_update?version=3.0.35-release&fileKey=txw2-2.3.2.jar
[2026-08-03 22:50:07.214] [FINE   ] [JuggHotUpdateDownloader] download txw2-2.3.2.jar finished
[2026-08-03 22:50:07.214] [FINE   ] [JuggHotUpdateDownloader] download v_meerkat-6717fd4bd.jar start, url https://jugg.sickworm.com/download_hot_update?version=3.0.35-release&fileKey=v_meerkat-6717fd4bd.jar
[2026-08-03 22:50:07.234] [FINE   ] [JuggHotUpdateDownloader] download v_meerkat-6717fd4bd.jar finished
[2026-08-03 22:50:07.236] [FINE   ] [JuggHotUpdateDownloader] download javaparser-core-3.17.0.jar start, url https://jugg.sickworm.com/download_hot_update?version=3.0.35-release&fileKey=javaparser-core-3.17.0.jar
[2026-08-03 22:50:07.364] [FINE   ] [JuggHotUpdateDownloader] download javaparser-core-3.17.0.jar finished
[2026-08-03 22:50:07.365] [FINE   ] [JuggHotUpdateDownloader] download v_hedgehog-3f5b2d677.jar start, url https://jugg.sickworm.com/download_hot_update?version=3.0.35-release&fileKey=v_hedgehog-3f5b2d677.jar
[2026-08-03 22:50:07.382] [FINE   ] [JuggHotUpdateDownloader] download v_hedgehog-3f5b2d677.jar finished
[2026-08-03 22:50:07.383] [FINE   ] [JuggHotUpdateDownloader] downloadHotUpdate write new hot update data
[2026-08-03 22:50:07.392] [FINE   ] [JuggHotUpdateDownloader] downloadHotUpdate install plugin
[2026-08-03 22:50:07.393] [FINE   ] [JuggHotUpdateDownloader] downloadHotUpdate install
[2026-08-03 22:50:21.602] [FINE   ] [JuggHotUpdateDownloader] install from /Users/radar/.jugg/hot_update/jugg_plugin_1785768607393.zip to /Users/radar/Library/Application Support/Google/AndroidStudio2026.1.3/plugins/jugg
[2026-08-03 22:50:21.638] [FINE   ] [JuggHotUpdateDownloader] downloadHotUpdate install success
[2026-08-03 22:50:21.647] [FINE   ] [JuggHotUpdateDownloader] downloadHotUpdate success! version: 3.0.35-release
[2026-08-04 02:49:39.808] [FINE   ] [JuggHotUpdateDownloader] checkHotUpdate: HotUpdateData(isNeedUpdate=true, targetVersion=3.0.35-release, updateInfo=NotificationData(title=Jugg 已更新至：3.0.35-release, content=<html><p>更新内容：(2026.07.23)</p><p>1. 修复复合工程存在同名 app 模块时 Application R.jar 丢失，导致增量编译找不到 R 的问题</p><p>2. 隐藏可恢复的 DataBinding 编译失败警告，仅保留调试日志</p><p>3. 修复 Android Studio Quail 单选设备时错误部署到所有已连接设备的问题</p></html>, buttonText=null, jumpUrl=null, isSticky=true), jarFileInfos=[JarFileInfo(uniqueName=kotlin-daemon-embeddable-1.9.23.jar, url=https://jugg.sickworm.com/download_hot_update?version=3.0.35-release&fileKey=kotlin-daemon-embeddable-1.9.23.jar, md5=9b1362b8576bd085058d8be2ae34c316), JarFileInfo(uniqueName=trove4j-1.0.20200330.jar, url=https://jugg.sickworm.com/download_hot_update?version=3.0.35-release&fileKey=trove4j-1.0.20200330.jar, md5=bb75697e375d588a9d3f8f2653b30f77), JarFileInfo(uniqueName=v_narwhal-12dc464b5.jar, url=https://jugg.sickworm.com/download_hot_update?version=3.0.35-release&fileKey=v_narwhal-12dc464b5.jar, md5=1c87efc67da528bb93b3ecf026320a7e), JarFileInfo(uniqueName=kotlin-reflect-1.9.23.jar, url=https://jugg.sickworm.com/download_hot_update?version=3.0.35-release&fileKey=kotlin-reflect-1.9.23.jar, md5=08f576baf497678c7a08b5cd14bc707a), JarFileInfo(uniqueName=databinding-compiler-common-8.7.3.jar, url=https://jugg.sickworm.com/download_hot_update?version=3.0.35-release&fileKey=databinding-compiler-common-8.7.3.jar, md5=eab0027e90ef13434c8d7e23e68cc3bb), JarFileInfo(uniqueName=JavaEWAH-1.2.3.jar, url=https://jugg.sickworm.com/download_hot_update?version=3.0.35-release&fileKey=JavaEWAH-1.2.3.jar, md5=8fdeda28c1fb10e67b3d79f86bef5e61), JarFileInfo(uniqueName=kotlinx-metadata-jvm-0.9.0.jar, url=https://jugg.sickworm.com/download_hot_update?version=3.0.35-release&fileKey=kotlinx-metadata-jvm-0.9.0.jar, md5=b339ca5ef7c29e18529bf487a0fb9f4d), JarFileInfo(uniqueName=v_narwhal_feature-12dc464b5.jar, url=https://jugg.sickworm.com/download_hot_update?version=3.0.35-release&fileKey=v_narwhal_feature-12dc464b5.jar, md5=21d5b536f6e1da6fd7722986d8cec17f), JarFileInfo(uniqueName=kotlin-script-runtime-1.9.23.jar, url=https://jugg.sickworm.com/download_hot_update?version=3.0.35-release&fileKey=kotlin-script-runtime-1.9.23.jar, md5=c741a84781d9661f79b3ad7b3cac63d5), JarFileInfo(uniqueName=FastInfoset-1.2.16.jar, url=https://jugg.sickworm.com/download_hot_update?version=3.0.35-release&fileKey=FastInfoset-1.2.16.jar, md5=f7f4be4695e2501a6d585beca305c74c), JarFileInfo(uniqueName=kotlin-stdlib-jdk7-1.9.23.jar, url=https://jugg.sickworm.com/download_hot_update?version=3.0.35-release&fileKey=kotlin-stdlib-jdk7-1.9.23.jar, md5=3818d01fbd742c4ef31bdccaa1825524), JarFileInfo(uniqueName=jakarta.xml.bind-api-2.3.2.jar, url=https://jugg.sickworm.com/download_hot_update?version=3.0.35-release&fileKey=jakarta.xml.bind-api-2.3.2.jar, md5=dabb40ba58199304c640b7bd8bb2fbac), JarFileInfo(uniqueName=gson-2.10.1.jar, url=https://jugg.sickworm.com/download_hot_update?version=3.0.35-release&fileKey=gson-2.10.1.jar, md5=df6097815738cb31fc56391553210843), JarFileInfo(uniqueName=databinding-compiler-8.7.3.jar, url=https://jugg.sickworm.com/download_hot_update?version=3.0.35-release&fileKey=databinding-compiler-8.7.3.jar, md5=20c1d22a79fcfed926a47493708c1c02), JarFileInfo(uniqueName=javapoet-1.10.0.jar, url=https://jugg.sickworm.com/download_hot_update?version=3.0.35-release&fileKey=javapoet-1.10.0.jar, md5=58f542814fa3501790a57c212f20dafe), JarFileInfo(uniqueName=v_otter-0bd665c7d.jar, url=https://jugg.sickworm.com/download_hot_update?version=3.0.35-release&fileKey=v_otter-0bd665c7d.jar, md5=c6c18314450bcb3a8966af031dbfbbca), JarFileInfo(uniqueName=annotations-13.0.jar, url=https://jugg.sickworm.com/download_hot_update?version=3.0.35-release&fileKey=annotations-13.0.jar, md5=f4fb462172517b46b6cd90003508515a), JarFileInfo(uniqueName=aapt2-inclink-ae75b9235.jar, url=https://jugg.sickworm.com/download_hot_update?version=3.0.35-release&fileKey=aapt2-inclink-ae75b9235.jar, md5=5a950f00b73be8231db08ce156bd084e), JarFileInfo(uniqueName=classgraph-4.8.110.jar, url=https://jugg.sickworm.com/download_hot_update?version=3.0.35-release&fileKey=classgraph-4.8.110.jar, md5=8a9143146fb4e5089159a8eba84c34ee), JarFileInfo(uniqueName=v_giraffe-21061cc13.jar, url=https://jugg.sickworm.com/download_hot_update?version=3.0.35-release&fileKey=v_giraffe-21061cc13.jar, md5=7ac4f7c12576f6f3498e48558a3c6d26), JarFileInfo(uniqueName=jugg-repackage-asm-tree-9.8.jar, url=https://jugg.sickworm.com/download_hot_update?version=3.0.35-release&fileKey=jugg-repackage-asm-tree-9.8.jar, md5=f9e2cd9467098c52d353736c12407e70), JarFileInfo(uniqueName=jugg-repackage-asm-commons-9.8.jar, url=https://jugg.sickworm.com/download_hot_update?version=3.0.35-release&fileKey=jugg-repackage-asm-commons-9.8.jar, md5=669e4797e611944b7ee7e05be66668a3), JarFileInfo(uniqueName=commons-codec-1.16.0.jar, url=https://jugg.sickworm.com/download_hot_update?version=3.0.35-release&fileKey=commons-codec-1.16.0.jar, md5=6e26920fa7228891980890cce06b718c), JarFileInfo(uniqueName=baseLibrary-8.7.3.jar, url=https://jugg.sickworm.com/download_hot_update?version=3.0.35-release&fileKey=baseLibrary-8.7.3.jar, md5=d4fb415454f1c7211401c41c9be31e05), JarFileInfo(uniqueName=databinding-common-8.7.3.jar, url=https://jugg.sickworm.com/download_hot_update?version=3.0.35-release&fileKey=databinding-common-8.7.3.jar, md5=53eabd81209a65d44483e3f3460cda42), JarFileInfo(uniqueName=org.eclipse.jgit-6.8.0.202311291450-r.jar, url=https://jugg.sickworm.com/download_hot_update?version=3.0.35-release&fileKey=org.eclipse.jgit-6.8.0.202311291450-r.jar, md5=7b4362927e7a0f004ce94fd589dfb0ce), JarFileInfo(uniqueName=jakarta.activation-api-1.2.1.jar, url=https://jugg.sickworm.com/download_hot_update?version=3.0.35-release&fileKey=jakarta.activation-api-1.2.1.jar, md5=9b647398add993324d3d9e5effa6005a), JarFileInfo(uniqueName=dex-reader-api-2.1.jar, url=https://jugg.sickworm.com/download_hot_update?version=3.0.35-release&fileKey=dex-reader-api-2.1.jar, md5=5127ff8b033d6abe773d1b45d6ad7098), JarFileInfo(uniqueName=jaxb-runtime-2.3.2.jar, url=https://jugg.sickworm.com/download_hot_update?version=3.0.35-release&fileKey=jaxb-runtime-2.3.2.jar, md5=9c3bf13a58e56c1b955bf5a365ca10b2), JarFileInfo(uniqueName=kotlin-compiler-embeddable-1.9.23.jar, url=https://jugg.sickworm.com/download_hot_update?version=3.0.35-release&fileKey=kotlin-compiler-embeddable-1.9.23.jar, md5=197302b41a67b9e516873683cf3925b8), JarFileInfo(uniqueName=okio-jvm-3.6.0.jar, url=https://jugg.sickworm.com/download_hot_update?version=3.0.35-release&fileKey=okio-jvm-3.6.0.jar, md5=26370180ff99a7e8a12dcaac2a70cc6e), JarFileInfo(uniqueName=r8-8.4.21.jar, url=https://jugg.sickworm.com/download_hot_update?version=3.0.35-release&fileKey=r8-8.4.21.jar, md5=4c0eab3750756708f6a9da1d703a9046), JarFileInfo(uniqueName=juniversalchardet-1.0.3.jar, url=https://jugg.sickworm.com/download_hot_update?version=3.0.35-release&fileKey=juniversalchardet-1.0.3.jar, md5=d9ea0a9a275336c175b343f2e4cd8f27), JarFileInfo(uniqueName=dex-reader-2.1.jar, url=https://jugg.sickworm.com/download_hot_update?version=3.0.35-release&fileKey=dex-reader-2.1.jar, md5=0707784d37773cc37070fa7a672b979a), JarFileInfo(uniqueName=arscblamer-1.2.0.jar, url=https://jugg.sickworm.com/download_hot_update?version=3.0.35-release&fileKey=arscblamer-1.2.0.jar, md5=c35033307f3c63655c46c453ccd187c8), JarFileInfo(uniqueName=v_quail-786a1a6f2.jar, url=https://jugg.sickworm.com/download_hot_update?version=3.0.35-release&fileKey=v_quail-786a1a6f2.jar, md5=63f906d7c18cb808b56ee15b21550c4e), JarFileInfo(uniqueName=annotations-31.7.3.jar, url=https://jugg.sickworm.com/download_hot_update?version=3.0.35-release&fileKey=annotations-31.7.3.jar, md5=7be23e27227539b36c14255f6e90d537), JarFileInfo(uniqueName=v_panda-0bd665c7d.jar, url=https://jugg.sickworm.com/download_hot_update?version=3.0.35-release&fileKey=v_panda-0bd665c7d.jar, md5=74d91a4040f938089b01437b29867cd9), JarFileInfo(uniqueName=stax-ex-1.8.1.jar, url=https://jugg.sickworm.com/download_hot_update?version=3.0.35-release&fileKey=stax-ex-1.8.1.jar, md5=8fea4418fa80e957e39c174cec08053c), JarFileInfo(uniqueName=okhttp-4.12.0.jar, url=https://jugg.sickworm.com/download_hot_update?version=3.0.35-release&fileKey=okhttp-4.12.0.jar, md5=6acba053af88fed87e710c6c29911d7c), JarFileInfo(uniqueName=dex-writer-2.1.jar, url=https://jugg.sickworm.com/download_hot_update?version=3.0.35-release&fileKey=dex-writer-2.1.jar, md5=401ec8782c0febd65ecac023d3ab90ad), JarFileInfo(uniqueName=v_iguana-12dc464b5.jar, url=https://jugg.sickworm.com/download_hot_update?version=3.0.35-release&fileKey=v_iguana-12dc464b5.jar, md5=91471d80b5a8aca52dad8764340a65fc), JarFileInfo(uniqueName=kotlin-stdlib-2.2.21.jar, url=https://jugg.sickworm.com/download_hot_update?version=3.0.35-release&fileKey=kotlin-stdlib-2.2.21.jar, md5=493bc156c79fe10064e9f6b605c8297c), JarFileInfo(uniqueName=kotlinx-coroutines-core-jvm-1.6.4.jar, url=https://jugg.sickworm.com/download_hot_update?version=3.0.35-release&fileKey=kotlinx-coroutines-core-jvm-1.6.4.jar, md5=9ba1873872fe1406d39bc40683050c45), JarFileInfo(uniqueName=commons-io-2.13.0.jar, url=https://jugg.sickworm.com/download_hot_update?version=3.0.35-release&fileKey=commons-io-2.13.0.jar, md5=8d000fa8939b71b8894637f0ef6ea28c), JarFileInfo(uniqueName=jugg-repackage-asm-9.8.jar, url=https://jugg.sickworm.com/download_hot_update?version=3.0.35-release&fileKey=jugg-repackage-asm-9.8.jar, md5=83193072c4e696be9de47a8a7a5d4ad1), JarFileInfo(uniqueName=idea-3.0.35-release.jar, url=https://jugg.sickworm.com/download_hot_update?version=3.0.35-release&fileKey=idea-3.0.35-release.jar, md5=37fdb17712746aaae3b7e00d4c392569), JarFileInfo(uniqueName=kotlin-android-extensions-1.9.23_modified.jar, url=https://jugg.sickworm.com/download_hot_update?version=3.0.35-release&fileKey=kotlin-android-extensions-1.9.23_modified.jar, md5=e5ef8e367b28103cdb2e497f4bf63545), JarFileInfo(uniqueName=auto-common-0.10.jar, url=https://jugg.sickworm.com/download_hot_update?version=3.0.35-release&fileKey=auto-common-0.10.jar, md5=1d531d399cde06e9ab49b7d84e7603dc), JarFileInfo(uniqueName=kotlin-metadata-jvm-2.2.21.jar, url=https://jugg.sickworm.com/download_hot_update?version=3.0.35-release&fileKey=kotlin-metadata-jvm-2.2.21.jar, md5=8a642fb1eaaaedfc37a11a0754e6802c), JarFileInfo(uniqueName=jsch-0.2.16.jar, url=https://jugg.sickworm.com/download_hot_update?version=3.0.35-release&fileKey=jsch-0.2.16.jar, md5=589aba7ea9cd9d438307c5076997c479), JarFileInfo(uniqueName=v_chipmunk-21061cc13.jar, url=https://jugg.sickworm.com/download_hot_update?version=3.0.35-release&fileKey=v_chipmunk-21061cc13.jar, md5=415de684987d18b0cb7e61effa43f666), JarFileInfo(uniqueName=kotlin-stdlib-jdk8-1.9.23.jar, url=https://jugg.sickworm.com/download_hot_update?version=3.0.35-release&fileKey=kotlin-stdlib-jdk8-1.9.23.jar, md5=c98840426f61010d8212343807f646e8), JarFileInfo(uniqueName=main-3a9e106d9.jar, url=https://jugg.sickworm.com/download_hot_update?version=3.0.35-release&fileKey=main-3a9e106d9.jar, md5=8087bbc77c68ea1d84e88e5fd4246906), JarFileInfo(uniqueName=interface-1d2fe1215.jar, url=https://jugg.sickworm.com/download_hot_update?version=3.0.35-release&fileKey=interface-1d2fe1215.jar, md5=334b52cc7d5ee3c48bbcd6baf84718a0), JarFileInfo(uniqueName=sqlite-jdbc-3.42.0.0-lite.jar, url=https://jugg.sickworm.com/download_hot_update?version=3.0.35-release&fileKey=sqlite-jdbc-3.42.0.0-lite.jar, md5=3a6532c30c1842c5d5bacb8317077719), JarFileInfo(uniqueName=istack-commons-runtime-3.0.8.jar, url=https://jugg.sickworm.com/download_hot_update?version=3.0.35-release&fileKey=istack-commons-runtime-3.0.8.jar, md5=d8555a2f242c55d6727b4d0e82ab8446), JarFileInfo(uniqueName=jetifier-core-1.0.0-beta10.jar, url=https://jugg.sickworm.com/download_hot_update?version=3.0.35-release&fileKey=jetifier-core-1.0.0-beta10.jar, md5=45a718d6bdbf73f9450dec94c2880f6c), JarFileInfo(uniqueName=txw2-2.3.2.jar, url=https://jugg.sickworm.com/download_hot_update?version=3.0.35-release&fileKey=txw2-2.3.2.jar, md5=3f278f148c5d27dc608c25cb7d093b94), JarFileInfo(uniqueName=v_meerkat-6717fd4bd.jar, url=https://jugg.sickworm.com/download_hot_update?version=3.0.35-release&fileKey=v_meerkat-6717fd4bd.jar, md5=9264e92c605fbde63e3dcb881c9b33e4), JarFileInfo(uniqueName=javaparser-core-3.17.0.jar, url=https://jugg.sickworm.com/download_hot_update?version=3.0.35-release&fileKey=javaparser-core-3.17.0.jar, md5=1cdfeabd6f748e469816a447c54f096e), JarFileInfo(uniqueName=v_hedgehog-3f5b2d677.jar, url=https://jugg.sickworm.com/download_hot_update?version=3.0.35-release&fileKey=v_hedgehog-3f5b2d677.jar, md5=1ca40429561290993e4c6770c803804b)], isNeedReinstall=false)
[2026-08-04 02:49:39.809] [FINE   ] [JuggHotUpdateDownloader] downloadHotUpdate isUpdatedThisRuntime=true, just mark it success
[2026-08-04 02:49:57.234] [FINE   ] [JuggHotUpdateDownloader] checkHotUpdate: HotUpdateData(isNeedUpdate=true, targetVersion=3.0.35-release, updateInfo=NotificationData(title=Jugg 已更新至：3.0.35-release, content=<html><p>更新内容：(2026.07.23)</p><p>1. 修复复合工程存在同名 app 模块时 Application R.jar 丢失，导致增量编译找不到 R 的问题</p><p>2. 隐藏可恢复的 DataBinding 编译失败警告，仅保留调试日志</p><p>3. 修复 Android Studio Quail 单选设备时错误部署到所有已连接设备的问题</p></html>, buttonText=null, jumpUrl=null, isSticky=true), jarFileInfos=[JarFileInfo(uniqueName=kotlin-daemon-embeddable-1.9.23.jar, url=https://jugg.sickworm.com/download_hot_update?version=3.0.35-release&fileKey=kotlin-daemon-embeddable-1.9.23.jar, md5=9b1362b8576bd085058d8be2ae34c316), JarFileInfo(uniqueName=trove4j-1.0.20200330.jar, url=https://jugg.sickworm.com/download_hot_update?version=3.0.35-release&fileKey=trove4j-1.0.20200330.jar, md5=bb75697e375d588a9d3f8f2653b30f77), JarFileInfo(uniqueName=v_narwhal-12dc464b5.jar, url=https://jugg.sickworm.com/download_hot_update?version=3.0.35-release&fileKey=v_narwhal-12dc464b5.jar, md5=1c87efc67da528bb93b3ecf026320a7e), JarFileInfo(uniqueName=kotlin-reflect-1.9.23.jar, url=https://jugg.sickworm.com/download_hot_update?version=3.0.35-release&fileKey=kotlin-reflect-1.9.23.jar, md5=08f576baf497678c7a08b5cd14bc707a), JarFileInfo(uniqueName=databinding-compiler-common-8.7.3.jar, url=https://jugg.sickworm.com/download_hot_update?version=3.0.35-release&fileKey=databinding-compiler-common-8.7.3.jar, md5=eab0027e90ef13434c8d7e23e68cc3bb), JarFileInfo(uniqueName=JavaEWAH-1.2.3.jar, url=https://jugg.sickworm.com/download_hot_update?version=3.0.35-release&fileKey=JavaEWAH-1.2.3.jar, md5=8fdeda28c1fb10e67b3d79f86bef5e61), JarFileInfo(uniqueName=kotlinx-metadata-jvm-0.9.0.jar, url=https://jugg.sickworm.com/download_hot_update?version=3.0.35-release&fileKey=kotlinx-metadata-jvm-0.9.0.jar, md5=b339ca5ef7c29e18529bf487a0fb9f4d), JarFileInfo(uniqueName=v_narwhal_feature-12dc464b5.jar, url=https://jugg.sickworm.com/download_hot_update?version=3.0.35-release&fileKey=v_narwhal_feature-12dc464b5.jar, md5=21d5b536f6e1da6fd7722986d8cec17f), JarFileInfo(uniqueName=kotlin-script-runtime-1.9.23.jar, url=https://jugg.sickworm.com/download_hot_update?version=3.0.35-release&fileKey=kotlin-script-runtime-1.9.23.jar, md5=c741a84781d9661f79b3ad7b3cac63d5), JarFileInfo(uniqueName=FastInfoset-1.2.16.jar, url=https://jugg.sickworm.com/download_hot_update?version=3.0.35-release&fileKey=FastInfoset-1.2.16.jar, md5=f7f4be4695e2501a6d585beca305c74c), JarFileInfo(uniqueName=kotlin-stdlib-jdk7-1.9.23.jar, url=https://jugg.sickworm.com/download_hot_update?version=3.0.35-release&fileKey=kotlin-stdlib-jdk7-1.9.23.jar, md5=3818d01fbd742c4ef31bdccaa1825524), JarFileInfo(uniqueName=jakarta.xml.bind-api-2.3.2.jar, url=https://jugg.sickworm.com/download_hot_update?version=3.0.35-release&fileKey=jakarta.xml.bind-api-2.3.2.jar, md5=dabb40ba58199304c640b7bd8bb2fbac), JarFileInfo(uniqueName=gson-2.10.1.jar, url=https://jugg.sickworm.com/download_hot_update?version=3.0.35-release&fileKey=gson-2.10.1.jar, md5=df6097815738cb31fc56391553210843), JarFileInfo(uniqueName=databinding-compiler-8.7.3.jar, url=https://jugg.sickworm.com/download_hot_update?version=3.0.35-release&fileKey=databinding-compiler-8.7.3.jar, md5=20c1d22a79fcfed926a47493708c1c02), JarFileInfo(uniqueName=javapoet-1.10.0.jar, url=https://jugg.sickworm.com/download_hot_update?version=3.0.35-release&fileKey=javapoet-1.10.0.jar, md5=58f542814fa3501790a57c212f20dafe), JarFileInfo(uniqueName=v_otter-0bd665c7d.jar, url=https://jugg.sickworm.com/download_hot_update?version=3.0.35-release&fileKey=v_otter-0bd665c7d.jar, md5=c6c18314450bcb3a8966af031dbfbbca), JarFileInfo(uniqueName=annotations-13.0.jar, url=https://jugg.sickworm.com/download_hot_update?version=3.0.35-release&fileKey=annotations-13.0.jar, md5=f4fb462172517b46b6cd90003508515a), JarFileInfo(uniqueName=aapt2-inclink-ae75b9235.jar, url=https://jugg.sickworm.com/download_hot_update?version=3.0.35-release&fileKey=aapt2-inclink-ae75b9235.jar, md5=5a950f00b73be8231db08ce156bd084e), JarFileInfo(uniqueName=classgraph-4.8.110.jar, url=https://jugg.sickworm.com/download_hot_update?version=3.0.35-release&fileKey=classgraph-4.8.110.jar, md5=8a9143146fb4e5089159a8eba84c34ee), JarFileInfo(uniqueName=v_giraffe-21061cc13.jar, url=https://jugg.sickworm.com/download_hot_update?version=3.0.35-release&fileKey=v_giraffe-21061cc13.jar, md5=7ac4f7c12576f6f3498e48558a3c6d26), JarFileInfo(uniqueName=jugg-repackage-asm-tree-9.8.jar, url=https://jugg.sickworm.com/download_hot_update?version=3.0.35-release&fileKey=jugg-repackage-asm-tree-9.8.jar, md5=f9e2cd9467098c52d353736c12407e70), JarFileInfo(uniqueName=jugg-repackage-asm-commons-9.8.jar, url=https://jugg.sickworm.com/download_hot_update?version=3.0.35-release&fileKey=jugg-repackage-asm-commons-9.8.jar, md5=669e4797e611944b7ee7e05be66668a3), JarFileInfo(uniqueName=commons-codec-1.16.0.jar, url=https://jugg.sickworm.com/download_hot_update?version=3.0.35-release&fileKey=commons-codec-1.16.0.jar, md5=6e26920fa7228891980890cce06b718c), JarFileInfo(uniqueName=baseLibrary-8.7.3.jar, url=https://jugg.sickworm.com/download_hot_update?version=3.0.35-release&fileKey=baseLibrary-8.7.3.jar, md5=d4fb415454f1c7211401c41c9be31e05), JarFileInfo(uniqueName=databinding-common-8.7.3.jar, url=https://jugg.sickworm.com/download_hot_update?version=3.0.35-release&fileKey=databinding-common-8.7.3.jar, md5=53eabd81209a65d44483e3f3460cda42), JarFileInfo(uniqueName=org.eclipse.jgit-6.8.0.202311291450-r.jar, url=https://jugg.sickworm.com/download_hot_update?version=3.0.35-release&fileKey=org.eclipse.jgit-6.8.0.202311291450-r.jar, md5=7b4362927e7a0f004ce94fd589dfb0ce), JarFileInfo(uniqueName=jakarta.activation-api-1.2.1.jar, url=https://jugg.sickworm.com/download_hot_update?version=3.0.35-release&fileKey=jakarta.activation-api-1.2.1.jar, md5=9b647398add993324d3d9e5effa6005a), JarFileInfo(uniqueName=dex-reader-api-2.1.jar, url=https://jugg.sickworm.com/download_hot_update?version=3.0.35-release&fileKey=dex-reader-api-2.1.jar, md5=5127ff8b033d6abe773d1b45d6ad7098), JarFileInfo(uniqueName=jaxb-runtime-2.3.2.jar, url=https://jugg.sickworm.com/download_hot_update?version=3.0.35-release&fileKey=jaxb-runtime-2.3.2.jar, md5=9c3bf13a58e56c1b955bf5a365ca10b2), JarFileInfo(uniqueName=kotlin-compiler-embeddable-1.9.23.jar, url=https://jugg.sickworm.com/download_hot_update?version=3.0.35-release&fileKey=kotlin-compiler-embeddable-1.9.23.jar, md5=197302b41a67b9e516873683cf3925b8), JarFileInfo(uniqueName=okio-jvm-3.6.0.jar, url=https://jugg.sickworm.com/download_hot_update?version=3.0.35-release&fileKey=okio-jvm-3.6.0.jar, md5=26370180ff99a7e8a12dcaac2a70cc6e), JarFileInfo(uniqueName=r8-8.4.21.jar, url=https://jugg.sickworm.com/download_hot_update?version=3.0.35-release&fileKey=r8-8.4.21.jar, md5=4c0eab3750756708f6a9da1d703a9046), JarFileInfo(uniqueName=juniversalchardet-1.0.3.jar, url=https://jugg.sickworm.com/download_hot_update?version=3.0.35-release&fileKey=juniversalchardet-1.0.3.jar, md5=d9ea0a9a275336c175b343f2e4cd8f27), JarFileInfo(uniqueName=dex-reader-2.1.jar, url=https://jugg.sickworm.com/download_hot_update?version=3.0.35-release&fileKey=dex-reader-2.1.jar, md5=0707784d37773cc37070fa7a672b979a), JarFileInfo(uniqueName=arscblamer-1.2.0.jar, url=https://jugg.sickworm.com/download_hot_update?version=3.0.35-release&fileKey=arscblamer-1.2.0.jar, md5=c35033307f3c63655c46c453ccd187c8), JarFileInfo(uniqueName=v_quail-786a1a6f2.jar, url=https://jugg.sickworm.com/download_hot_update?version=3.0.35-release&fileKey=v_quail-786a1a6f2.jar, md5=63f906d7c18cb808b56ee15b21550c4e), JarFileInfo(uniqueName=annotations-31.7.3.jar, url=https://jugg.sickworm.com/download_hot_update?version=3.0.35-release&fileKey=annotations-31.7.3.jar, md5=7be23e27227539b36c14255f6e90d537), JarFileInfo(uniqueName=v_panda-0bd665c7d.jar, url=https://jugg.sickworm.com/download_hot_update?version=3.0.35-release&fileKey=v_panda-0bd665c7d.jar, md5=74d91a4040f938089b01437b29867cd9), JarFileInfo(uniqueName=stax-ex-1.8.1.jar, url=https://jugg.sickworm.com/download_hot_update?version=3.0.35-release&fileKey=stax-ex-1.8.1.jar, md5=8fea4418fa80e957e39c174cec08053c), JarFileInfo(uniqueName=okhttp-4.12.0.jar, url=https://jugg.sickworm.com/download_hot_update?version=3.0.35-release&fileKey=okhttp-4.12.0.jar, md5=6acba053af88fed87e710c6c29911d7c), JarFileInfo(uniqueName=dex-writer-2.1.jar, url=https://jugg.sickworm.com/download_hot_update?version=3.0.35-release&fileKey=dex-writer-2.1.jar, md5=401ec8782c0febd65ecac023d3ab90ad), JarFileInfo(uniqueName=v_iguana-12dc464b5.jar, url=https://jugg.sickworm.com/download_hot_update?version=3.0.35-release&fileKey=v_iguana-12dc464b5.jar, md5=91471d80b5a8aca52dad8764340a65fc), JarFileInfo(uniqueName=kotlin-stdlib-2.2.21.jar, url=https://jugg.sickworm.com/download_hot_update?version=3.0.35-release&fileKey=kotlin-stdlib-2.2.21.jar, md5=493bc156c79fe10064e9f6b605c8297c), JarFileInfo(uniqueName=kotlinx-coroutines-core-jvm-1.6.4.jar, url=https://jugg.sickworm.com/download_hot_update?version=3.0.35-release&fileKey=kotlinx-coroutines-core-jvm-1.6.4.jar, md5=9ba1873872fe1406d39bc40683050c45), JarFileInfo(uniqueName=commons-io-2.13.0.jar, url=https://jugg.sickworm.com/download_hot_update?version=3.0.35-release&fileKey=commons-io-2.13.0.jar, md5=8d000fa8939b71b8894637f0ef6ea28c), JarFileInfo(uniqueName=jugg-repackage-asm-9.8.jar, url=https://jugg.sickworm.com/download_hot_update?version=3.0.35-release&fileKey=jugg-repackage-asm-9.8.jar, md5=83193072c4e696be9de47a8a7a5d4ad1), JarFileInfo(uniqueName=idea-3.0.35-release.jar, url=https://jugg.sickworm.com/download_hot_update?version=3.0.35-release&fileKey=idea-3.0.35-release.jar, md5=37fdb17712746aaae3b7e00d4c392569), JarFileInfo(uniqueName=kotlin-android-extensions-1.9.23_modified.jar, url=https://jugg.sickworm.com/download_hot_update?version=3.0.35-release&fileKey=kotlin-android-extensions-1.9.23_modified.jar, md5=e5ef8e367b28103cdb2e497f4bf63545), JarFileInfo(uniqueName=auto-common-0.10.jar, url=https://jugg.sickworm.com/download_hot_update?version=3.0.35-release&fileKey=auto-common-0.10.jar, md5=1d531d399cde06e9ab49b7d84e7603dc), JarFileInfo(uniqueName=kotlin-metadata-jvm-2.2.21.jar, url=https://jugg.sickworm.com/download_hot_update?version=3.0.35-release&fileKey=kotlin-metadata-jvm-2.2.21.jar, md5=8a642fb1eaaaedfc37a11a0754e6802c), JarFileInfo(uniqueName=jsch-0.2.16.jar, url=https://jugg.sickworm.com/download_hot_update?version=3.0.35-release&fileKey=jsch-0.2.16.jar, md5=589aba7ea9cd9d438307c5076997c479), JarFileInfo(uniqueName=v_chipmunk-21061cc13.jar, url=https://jugg.sickworm.com/download_hot_update?version=3.0.35-release&fileKey=v_chipmunk-21061cc13.jar, md5=415de684987d18b0cb7e61effa43f666), JarFileInfo(uniqueName=kotlin-stdlib-jdk8-1.9.23.jar, url=https://jugg.sickworm.com/download_hot_update?version=3.0.35-release&fileKey=kotlin-stdlib-jdk8-1.9.23.jar, md5=c98840426f61010d8212343807f646e8), JarFileInfo(uniqueName=main-3a9e106d9.jar, url=https://jugg.sickworm.com/download_hot_update?version=3.0.35-release&fileKey=main-3a9e106d9.jar, md5=8087bbc77c68ea1d84e88e5fd4246906), JarFileInfo(uniqueName=interface-1d2fe1215.jar, url=https://jugg.sickworm.com/download_hot_update?version=3.0.35-release&fileKey=interface-1d2fe1215.jar, md5=334b52cc7d5ee3c48bbcd6baf84718a0), JarFileInfo(uniqueName=sqlite-jdbc-3.42.0.0-lite.jar, url=https://jugg.sickworm.com/download_hot_update?version=3.0.35-release&fileKey=sqlite-jdbc-3.42.0.0-lite.jar, md5=3a6532c30c1842c5d5bacb8317077719), JarFileInfo(uniqueName=istack-commons-runtime-3.0.8.jar, url=https://jugg.sickworm.com/download_hot_update?version=3.0.35-release&fileKey=istack-commons-runtime-3.0.8.jar, md5=d8555a2f242c55d6727b4d0e82ab8446), JarFileInfo(uniqueName=jetifier-core-1.0.0-beta10.jar, url=https://jugg.sickworm.com/download_hot_update?version=3.0.35-release&fileKey=jetifier-core-1.0.0-beta10.jar, md5=45a718d6bdbf73f9450dec94c2880f6c), JarFileInfo(uniqueName=txw2-2.3.2.jar, url=https://jugg.sickworm.com/download_hot_update?version=3.0.35-release&fileKey=txw2-2.3.2.jar, md5=3f278f148c5d27dc608c25cb7d093b94), JarFileInfo(uniqueName=v_meerkat-6717fd4bd.jar, url=https://jugg.sickworm.com/download_hot_update?version=3.0.35-release&fileKey=v_meerkat-6717fd4bd.jar, md5=9264e92c605fbde63e3dcb881c9b33e4), JarFileInfo(uniqueName=javaparser-core-3.17.0.jar, url=https://jugg.sickworm.com/download_hot_update?version=3.0.35-release&fileKey=javaparser-core-3.17.0.jar, md5=1cdfeabd6f748e469816a447c54f096e), JarFileInfo(uniqueName=v_hedgehog-3f5b2d677.jar, url=https://jugg.sickworm.com/download_hot_update?version=3.0.35-release&fileKey=v_hedgehog-3f5b2d677.jar, md5=1ca40429561290993e4c6770c803804b)], isNeedReinstall=false)
[2026-08-04 02:49:57.235] [FINE   ] [JuggHotUpdateDownloader] downloadHotUpdate isUpdatedThisRuntime=true, just mark it success
[2026-08-04 02:49:57.683] [FINE   ] [JuggHotUpdateDownloader] checkHotUpdate
[2026-08-04 02:49:57.720] [FINE   ] [JuggServer] checkHotUpdate response: [200] {"isNeedUpdate":true,"isNeedReinstall":false,"targetVersion":"3.0.35-release","updateInfo":{"title":"Jugg 已更新至：3.0.35-release","content":"<html><p>更新内容：(2026.07.23)</p><p>1. 修复复合工程存在同名 app 模块时 Application R.jar 丢失，导致增量编译找不到 R 的问题</p><p>2. 隐藏可恢复的 DataBinding 编译失败警告，仅保留调试日志</p><p>3. 修复 Android Studio Quail 单选设备时错误部署到所有已连接设备的问题</p></html>","buttonText":null,"jumpUrl":null,"isSticky":true},"jarFileInfos":[{"uniqueName":"kotlin-daemon-embeddable-1.9.23.jar","url":"https://jugg.sickworm.com/download_hot_update?version=3.0.35-release&fileKey=kotlin-daemon-embeddable-1.9.23.jar","md5":"9b1362b8576bd085058d8be2ae34c316"},{"uniqueName":"trove4j-1.0.20200330.jar","url":"https://jugg.sickworm.com/download_hot_update?version=3.0.35-release&fileKey=trove4j-1.0.20200330.jar","md5":"bb75697e375d588a9d3f8f2653b30f77"},{"uniqueName":"v_narwhal-12dc464b5.jar","url":"https://jugg.sickworm.com/download_hot_update?version=3.0.35-release&fileKey=v_narwhal-12dc464b5.jar","md5":"1c87efc67da528bb93b3ecf026320a7e"},{"uniqueName":"kotlin-reflect-1.9.23.jar","url":"https://jugg.sickworm.com/download_hot_update?version=3.0.35-release&fileKey=kotlin-reflect-1.9.23.jar","md5":"08f576baf497678c7a08b5cd14bc707a"},{"uniqueName":"databinding-compiler-common-8.7.3.jar","url":"https://jugg.sickworm.com/download_hot_update?version=3.0.35-release&fileKey=databinding-compiler-common-8.7.3.jar","md5":"eab0027e90ef13434c8d7e23e68cc3bb"},{"uniqueName":"JavaEWAH-1.2.3.jar","url":"https://jugg.sickworm.com/download_hot_update?version=3.0.35-release&fileKey=JavaEWAH-1.2.3.jar","md5":"8fdeda28c1fb10e67b3d79f86bef5e61"},{"uniqueName":"kotlinx-metadata-jvm-0.9.0.jar","url":"https://jugg.sickworm.com/download_hot_update?version=3.0.35-release&fileKey=kotlinx-metadata-jvm-0.9.0.jar","md5":"b339ca5ef7c29e18529bf487a0fb9f4d"},{"uniqueName":"v_narwhal_feature-12dc464b5.jar","url":"https://jugg.sickworm.com/download_hot_update?version=3.0.35-release&fileKey=v_narwhal_feature-12dc464b5.jar","md5":"21d5b536f6e1da6fd7722986d8cec17f"},{"uniqueName":"kotlin-script-runtime-1.9.23.jar","url":"https://jugg.sickworm.com/download_hot_update?version=3.0.35-release&fileKey=kotlin-script-runtime-1.9.23.jar","md5":"c741a84781d9661f79b3ad7b3cac63d5"},{"uniqueName":"FastInfoset-1.2.16.jar","url":"https://jugg.sickworm.com/download_hot_update?version=3.0.35-release&fileKey=FastInfoset-1.2.16.jar","md5":"f7f4be4695e2501a6d585beca305c74c"},{"uniqueName":"kotlin-stdlib-jdk7-1.9.23.jar","url":"https://jugg.sickworm.com/download_hot_update?version=3.0.35-release&fileKey=kotlin-stdlib-jdk7-1.9.23.jar","md5":"3818d01fbd742c4ef31bdccaa1825524"},{"uniqueName":"jakarta.xml.bind-api-2.3.2.jar","url":"https://jugg.sickworm.com/download_hot_update?version=3.0.35-release&fileKey=jakarta.xml.bind-api-2.3.2.jar","md5":"dabb40ba58199304c640b7bd8bb2fbac"},{"uniqueName":"gson-2.10.1.jar","url":"https://jugg.sickworm.com/download_hot_update?version=3.0.35-release&fileKey=gson-2.10.1.jar","md5":"df6097815738cb31fc56391553210843"},{"uniqueName":"databinding-compiler-8.7.3.jar","url":"https://jugg.sickworm.com/download_hot_update?version=3.0.35-release&fileKey=databinding-compiler-8.7.3.jar","md5":"20c1d22a79fcfed926a47493708c1c02"},{"uniqueName":"javapoet-1.10.0.jar","url":"https://jugg.sickworm.com/download_hot_update?version=3.0.35-release&fileKey=javapoet-1.10.0.jar","md5":"58f542814fa3501790a57c212f20dafe"},{"uniqueName":"v_otter-0bd665c7d.jar","url":"https://jugg.sickworm.com/download_hot_update?version=3.0.35-release&fileKey=v_otter-0bd665c7d.jar","md5":"c6c18314450bcb3a8966af031dbfbbca"},{"uniqueName":"annotations-13.0.jar","url":"https://jugg.sickworm.com/download_hot_update?version=3.0.35-release&fileKey=annotations-13.0.jar","md5":"f4fb462172517b46b6cd90003508515a"},{"uniqueName":"aapt2-inclink-ae75b9235.jar","url":"https://jugg.sickworm.com/download_hot_update?version=3.0.35-release&fileKey=aapt2-inclink-ae75b9235.jar","md5":"5a950f00b73be8231db08ce156bd084e"},{"uniqueName":"classgraph-4.8.110.jar","url":"https://jugg.sickworm.com/download_hot_update?version=3.0.35-release&fileKey=classgraph-4.8.110.jar","md5":"8a9143146fb4e5089159a8eba84c34ee"},{"uniqueName":"v_giraffe-21061cc13.jar","url":"https://jugg.sickworm.com/download_hot_update?version=3.0.35-release&fileKey=v_giraffe-21061cc13.jar","md5":"7ac4f7c12576f6f3498e48558a3c6d26"},{"uniqueName":"jugg-repackage-asm-tree-9.8.jar","url":"https://jugg.sickworm.com/download_hot_update?version=3.0.35-release&fileKey=jugg-repackage-asm-tree-9.8.jar","md5":"f9e2cd9467098c52d353736c12407e70"},{"uniqueName":"jugg-repackage-asm-commons-9.8.jar","url":"https://jugg.sickworm.com/download_hot_update?version=3.0.35-release&fileKey=jugg-repackage-asm-commons-9.8.jar","md5":"669e4797e611944b7ee7e05be66668a3"},{"uniqueName":"commons-codec-1.16.0.jar","url":"https://jugg.sickworm.com/download_hot_update?version=3.0.35-release&fileKey=commons-codec-1.16.0.jar","md5":"6e26920fa7228891980890cce06b718c"},{"uniqueName":"baseLibrary-8.7.3.jar","url":"https://jugg.sickworm.com/download_hot_update?version=3.0.35-release&fileKey=baseLibrary-8.7.3.jar","md5":"d4fb415454f1c7211401c41c9be31e05"},{"uniqueName":"databinding-common-8.7.3.jar","url":"https://jugg.sickworm.com/download_hot_update?version=3.0.35-release&fileKey=databinding-common-8.7.3.jar","md5":"53eabd81209a65d44483e3f3460cda42"},{"uniqueName":"org.eclipse.jgit-6.8.0.202311291450-r.jar","url":"https://jugg.sickworm.com/download_hot_update?version=3.0.35-release&fileKey=org.eclipse.jgit-6.8.0.202311291450-r.jar","md5":"7b4362927e7a0f004ce94fd589dfb0ce"},{"uniqueName":"jakarta.activation-api-1.2.1.jar","url":"https://jugg.sickworm.com/download_hot_update?version=3.0.35-release&fileKey=jakarta.activation-api-1.2.1.jar","md5":"9b647398add993324d3d9e5effa6005a"},{"uniqueName":"dex-reader-api-2.1.jar","url":"https://jugg.sickworm.com/download_hot_update?version=3.0.35-release&fileKey=dex-reader-api-2.1.jar","md5":"5127ff8b033d6abe773d1b45d6ad7098"},{"uniqueName":"jaxb-runtime-2.3.2.jar","url":"https://jugg.sickworm.com/download_hot_update?version=3.0.35-release&fileKey=jaxb-runtime-2.3.2.jar","md5":"9c3bf13a58e56c1b955bf5a365ca10b2"},{"uniqueName":"kotlin-compiler-embeddable-1.9.23.jar","url":"https://jugg.sickworm.com/download_hot_update?version=3.0.35-release&fileKey=kotlin-compiler-embeddable-1.9.23.jar","md5":"197302b41a67b9e516873683cf3925b8"},{"uniqueName":"okio-jvm-3.6.0.jar","url":"https://jugg.sickworm.com/download_hot_update?version=3.0.35-release&fileKey=okio-jvm-3.6.0.jar","md5":"26370180ff99a7e8a12dcaac2a70cc6e"},{"uniqueName":"r8-8.4.21.jar","url":"https://jugg.sickworm.com/download_hot_update?version=3.0.35-release&fileKey=r8-8.4.21.jar","md5":"4c0eab3750756708f6a9da1d703a9046"},{"uniqueName":"juniversalchardet-1.0.3.jar","url":"https://jugg.sickworm.com/download_hot_update?version=3.0.35-release&fileKey=juniversalchardet-1.0.3.jar","md5":"d9ea0a9a275336c175b343f2e4cd8f27"},{"uniqueName":"dex-reader-2.1.jar","url":"https://jugg.sickworm.com/download_hot_update?version=3.0.35-release&fileKey=dex-reader-2.1.jar","md5":"0707784d37773cc37070fa7a672b979a"},{"uniqueName":"arscblamer-1.2.0.jar","url":"https://jugg.sickworm.com/download_hot_update?version=3.0.35-release&fileKey=arscblamer-1.2.0.jar","md5":"c35033307f3c63655c46c453ccd187c8"},{"uniqueName":"v_quail-786a1a6f2.jar","url":"https://jugg.sickworm.com/download_hot_update?version=3.0.35-release&fileKey=v_quail-786a1a6f2.jar","md5":"63f906d7c18cb808b56ee15b21550c4e"},{"uniqueName":"annotations-31.7.3.jar","url":"https://jugg.sickworm.com/download_hot_update?version=3.0.35-release&fileKey=annotations-31.7.3.jar","md5":"7be23e27227539b36c14255f6e90d537"},{"uniqueName":"v_panda-0bd665c7d.jar","url":"https://jugg.sickworm.com/download_hot_update?version=3.0.35-release&fileKey=v_panda-0bd665c7d.jar","md5":"74d91a4040f938089b01437b29867cd9"},{"uniqueName":"stax-ex-1.8.1.jar","url":"https://jugg.sickworm.com/download_hot_update?version=3.0.35-release&fileKey=stax-ex-1.8.1.jar","md5":"8fea4418fa80e957e39c174cec08053c"},{"uniqueName":"okhttp-4.12.0.jar","url":"https://jugg.sickworm.com/download_hot_update?version=3.0.35-release&fileKey=okhttp-4.12.0.jar","md5":"6acba053af88fed87e710c6c29911d7c"},{"uniqueName":"dex-writer-2.1.jar","url":"https://jugg.sickworm.com/download_hot_update?version=3.0.35-release&fileKey=dex-writer-2.1.jar","md5":"401ec8782c0febd65ecac023d3ab90ad"},{"uniqueName":"v_iguana-12dc464b5.jar","url":"https://jugg.sickworm.com/download_hot_update?version=3.0.35-release&fileKey=v_iguana-12dc464b5.jar","md5":"91471d80b5a8aca52dad8764340a65fc"},{"uniqueName":"kotlin-stdlib-2.2.21.jar","url":"https://jugg.sickworm.com/download_hot_update?version=3.0.35-release&fileKey=kotlin-stdlib-2.2.21.jar","md5":"493bc156c79fe10064e9f6b605c8297c"},{"uniqueName":"kotlinx-coroutines-core-jvm-1.6.4.jar","url":"https://jugg.sickworm.com/download_hot_update?version=3.0.35-release&fileKey=kotlinx-coroutines-core-jvm-1.6.4.jar","md5":"9ba1873872fe1406d39bc40683050c45"},{"uniqueName":"commons-io-2.13.0.jar","url":"https://jugg.sickworm.com/download_hot_update?version=3.0.35-release&fileKey=commons-io-2.13.0.jar","md5":"8d000fa8939b71b8894637f0ef6ea28c"},{"uniqueName":"jugg-repackage-asm-9.8.jar","url":"https://jugg.sickworm.com/download_hot_update?version=3.0.35-release&fileKey=jugg-repackage-asm-9.8.jar","md5":"83193072c4e696be9de47a8a7a5d4ad1"},{"uniqueName":"idea-3.0.35-release.jar","url":"https://jugg.sickworm.com/download_hot_update?version=3.0.35-release&fileKey=idea-3.0.35-release.jar","md5":"37fdb17712746aaae3b7e00d4c392569"},{"uniqueName":"kotlin-android-extensions-1.9.23_modified.jar","url":"https://jugg.sickworm.com/download_hot_update?version=3.0.35-release&fileKey=kotlin-android-extensions-1.9.23_modified.jar","md5":"e5ef8e367b28103cdb2e497f4bf63545"},{"uniqueName":"auto-common-0.10.jar","url":"https://jugg.sickworm.com/download_hot_update?version=3.0.35-release&fileKey=auto-common-0.10.jar","md5":"1d531d399cde06e9ab49b7d84e7603dc"},{"uniqueName":"kotlin-metadata-jvm-2.2.21.jar","url":"https://jugg.sickworm.com/download_hot_update?version=3.0.35-release&fileKey=kotlin-metadata-jvm-2.2.21.jar","md5":"8a642fb1eaaaedfc37a11a0754e6802c"},{"uniqueName":"jsch-0.2.16.jar","url":"https://jugg.sickworm.com/download_hot_update?version=3.0.35-release&fileKey=jsch-0.2.16.jar","md5":"589aba7ea9cd9d438307c5076997c479"},{"uniqueName":"v_chipmunk-21061cc13.jar","url":"https://jugg.sickworm.com/download_hot_update?version=3.0.35-release&fileKey=v_chipmunk-21061cc13.jar","md5":"415de684987d18b0cb7e61effa43f666"},{"uniqueName":"kotlin-stdlib-jdk8-1.9.23.jar","url":"https://jugg.sickworm.com/download_hot_update?version=3.0.35-release&fileKey=kotlin-stdlib-jdk8-1.9.23.jar","md5":"c98840426f61010d8212343807f646e8"},{"uniqueName":"main-3a9e106d9.jar","url":"https://jugg.sickworm.com/download_hot_update?version=3.0.35-release&fileKey=main-3a9e106d9.jar","md5":"8087bbc77c68ea1d84e88e5fd4246906"},{"uniqueName":"interface-1d2fe1215.jar","url":"https://jugg.sickworm.com/download_hot_update?version=3.0.35-release&fileKey=interface-1d2fe1215.jar","md5":"334b52cc7d5ee3c48bbcd6baf84718a0"},{"uniqueName":"sqlite-jdbc-3.42.0.0-lite.jar","url":"https://jugg.sickworm.com/download_hot_update?version=3.0.35-release&fileKey=sqlite-jdbc-3.42.0.0-lite.jar","md5":"3a6532c30c1842c5d5bacb8317077719"},{"uniqueName":"istack-commons-runtime-3.0.8.jar","url":"https://jugg.sickworm.com/download_hot_update?version=3.0.35-release&fileKey=istack-commons-runtime-3.0.8.jar","md5":"d8555a2f242c55d6727b4d0e82ab8446"},{"uniqueName":"jetifier-core-1.0.0-beta10.jar","url":"https://jugg.sickworm.com/download_hot_update?version=3.0.35-release&fileKey=jetifier-core-1.0.0-beta10.jar","md5":"45a718d6bdbf73f9450dec94c2880f6c"},{"uniqueName":"txw2-2.3.2.jar","url":"https://jugg.sickworm.com/download_hot_update?version=3.0.35-release&fileKey=txw2-2.3.2.jar","md5":"3f278f148c5d27dc608c25cb7d093b94"},{"uniqueName":"v_meerkat-6717fd4bd.jar","url":"https://jugg.sickworm.com/download_hot_update?version=3.0.35-release&fileKey=v_meerkat-6717fd4bd.jar","md5":"9264e92c605fbde63e3dcb881c9b33e4"},{"uniqueName":"javaparser-core-3.17.0.jar","url":"https://jugg.sickworm.com/download_hot_update?version=3.0.35-release&fileKey=javaparser-core-3.17.0.jar","md5":"1cdfeabd6f748e469816a447c54f096e"},{"uniqueName":"v_hedgehog-3f5b2d677.jar","url":"https://jugg.sickworm.com/download_hot_update?version=3.0.35-release&fileKey=v_hedgehog-3f5b2d677.jar","md5":"1ca40429561290993e4c6770c803804b"}]}
[2026-08-04 02:49:57.727] [FINE   ] [JuggHotUpdateDownloader] checkHotUpdate: HotUpdateData(isNeedUpdate=true, targetVersion=3.0.35-release, updateInfo=NotificationData(title=Jugg 已更新至：3.0.35-release, content=<html><p>更新内容：(2026.07.23)</p><p>1. 修复复合工程存在同名 app 模块时 Application R.jar 丢失，导致增量编译找不到 R 的问题</p><p>2. 隐藏可恢复的 DataBinding 编译失败警告，仅保留调试日志</p><p>3. 修复 Android Studio Quail 单选设备时错误部署到所有已连接设备的问题</p></html>, buttonText=null, jumpUrl=null, isSticky=true), jarFileInfos=[JarFileInfo(uniqueName=kotlin-daemon-embeddable-1.9.23.jar, url=https://jugg.sickworm.com/download_hot_update?version=3.0.35-release&fileKey=kotlin-daemon-embeddable-1.9.23.jar, md5=9b1362b8576bd085058d8be2ae34c316), JarFileInfo(uniqueName=trove4j-1.0.20200330.jar, url=https://jugg.sickworm.com/download_hot_update?version=3.0.35-release&fileKey=trove4j-1.0.20200330.jar, md5=bb75697e375d588a9d3f8f2653b30f77), JarFileInfo(uniqueName=v_narwhal-12dc464b5.jar, url=https://jugg.sickworm.com/download_hot_update?version=3.0.35-release&fileKey=v_narwhal-12dc464b5.jar, md5=1c87efc67da528bb93b3ecf026320a7e), JarFileInfo(uniqueName=kotlin-reflect-1.9.23.jar, url=https://jugg.sickworm.com/download_hot_update?version=3.0.35-release&fileKey=kotlin-reflect-1.9.23.jar, md5=08f576baf497678c7a08b5cd14bc707a), JarFileInfo(uniqueName=databinding-compiler-common-8.7.3.jar, url=https://jugg.sickworm.com/download_hot_update?version=3.0.35-release&fileKey=databinding-compiler-common-8.7.3.jar, md5=eab0027e90ef13434c8d7e23e68cc3bb), JarFileInfo(uniqueName=JavaEWAH-1.2.3.jar, url=https://jugg.sickworm.com/download_hot_update?version=3.0.35-release&fileKey=JavaEWAH-1.2.3.jar, md5=8fdeda28c1fb10e67b3d79f86bef5e61), JarFileInfo(uniqueName=kotlinx-metadata-jvm-0.9.0.jar, url=https://jugg.sickworm.com/download_hot_update?version=3.0.35-release&fileKey=kotlinx-metadata-jvm-0.9.0.jar, md5=b339ca5ef7c29e18529bf487a0fb9f4d), JarFileInfo(uniqueName=v_narwhal_feature-12dc464b5.jar, url=https://jugg.sickworm.com/download_hot_update?version=3.0.35-release&fileKey=v_narwhal_feature-12dc464b5.jar, md5=21d5b536f6e1da6fd7722986d8cec17f), JarFileInfo(uniqueName=kotlin-script-runtime-1.9.23.jar, url=https://jugg.sickworm.com/download_hot_update?version=3.0.35-release&fileKey=kotlin-script-runtime-1.9.23.jar, md5=c741a84781d9661f79b3ad7b3cac63d5), JarFileInfo(uniqueName=FastInfoset-1.2.16.jar, url=https://jugg.sickworm.com/download_hot_update?version=3.0.35-release&fileKey=FastInfoset-1.2.16.jar, md5=f7f4be4695e2501a6d585beca305c74c), JarFileInfo(uniqueName=kotlin-stdlib-jdk7-1.9.23.jar, url=https://jugg.sickworm.com/download_hot_update?version=3.0.35-release&fileKey=kotlin-stdlib-jdk7-1.9.23.jar, md5=3818d01fbd742c4ef31bdccaa1825524), JarFileInfo(uniqueName=jakarta.xml.bind-api-2.3.2.jar, url=https://jugg.sickworm.com/download_hot_update?version=3.0.35-release&fileKey=jakarta.xml.bind-api-2.3.2.jar, md5=dabb40ba58199304c640b7bd8bb2fbac), JarFileInfo(uniqueName=gson-2.10.1.jar, url=https://jugg.sickworm.com/download_hot_update?version=3.0.35-release&fileKey=gson-2.10.1.jar, md5=df6097815738cb31fc56391553210843), JarFileInfo(uniqueName=databinding-compiler-8.7.3.jar, url=https://jugg.sickworm.com/download_hot_update?version=3.0.35-release&fileKey=databinding-compiler-8.7.3.jar, md5=20c1d22a79fcfed926a47493708c1c02), JarFileInfo(uniqueName=javapoet-1.10.0.jar, url=https://jugg.sickworm.com/download_hot_update?version=3.0.35-release&fileKey=javapoet-1.10.0.jar, md5=58f542814fa3501790a57c212f20dafe), JarFileInfo(uniqueName=v_otter-0bd665c7d.jar, url=https://jugg.sickworm.com/download_hot_update?version=3.0.35-release&fileKey=v_otter-0bd665c7d.jar, md5=c6c18314450bcb3a8966af031dbfbbca), JarFileInfo(uniqueName=annotations-13.0.jar, url=https://jugg.sickworm.com/download_hot_update?version=3.0.35-release&fileKey=annotations-13.0.jar, md5=f4fb462172517b46b6cd90003508515a), JarFileInfo(uniqueName=aapt2-inclink-ae75b9235.jar, url=https://jugg.sickworm.com/download_hot_update?version=3.0.35-release&fileKey=aapt2-inclink-ae75b9235.jar, md5=5a950f00b73be8231db08ce156bd084e), JarFileInfo(uniqueName=classgraph-4.8.110.jar, url=https://jugg.sickworm.com/download_hot_update?version=3.0.35-release&fileKey=classgraph-4.8.110.jar, md5=8a9143146fb4e5089159a8eba84c34ee), JarFileInfo(uniqueName=v_giraffe-21061cc13.jar, url=https://jugg.sickworm.com/download_hot_update?version=3.0.35-release&fileKey=v_giraffe-21061cc13.jar, md5=7ac4f7c12576f6f3498e48558a3c6d26), JarFileInfo(uniqueName=jugg-repackage-asm-tree-9.8.jar, url=https://jugg.sickworm.com/download_hot_update?version=3.0.35-release&fileKey=jugg-repackage-asm-tree-9.8.jar, md5=f9e2cd9467098c52d353736c12407e70), JarFileInfo(uniqueName=jugg-repackage-asm-commons-9.8.jar, url=https://jugg.sickworm.com/download_hot_update?version=3.0.35-release&fileKey=jugg-repackage-asm-commons-9.8.jar, md5=669e4797e611944b7ee7e05be66668a3), JarFileInfo(uniqueName=commons-codec-1.16.0.jar, url=https://jugg.sickworm.com/download_hot_update?version=3.0.35-release&fileKey=commons-codec-1.16.0.jar, md5=6e26920fa7228891980890cce06b718c), JarFileInfo(uniqueName=baseLibrary-8.7.3.jar, url=https://jugg.sickworm.com/download_hot_update?version=3.0.35-release&fileKey=baseLibrary-8.7.3.jar, md5=d4fb415454f1c7211401c41c9be31e05), JarFileInfo(uniqueName=databinding-common-8.7.3.jar, url=https://jugg.sickworm.com/download_hot_update?version=3.0.35-release&fileKey=databinding-common-8.7.3.jar, md5=53eabd81209a65d44483e3f3460cda42), JarFileInfo(uniqueName=org.eclipse.jgit-6.8.0.202311291450-r.jar, url=https://jugg.sickworm.com/download_hot_update?version=3.0.35-release&fileKey=org.eclipse.jgit-6.8.0.202311291450-r.jar, md5=7b4362927e7a0f004ce94fd589dfb0ce), JarFileInfo(uniqueName=jakarta.activation-api-1.2.1.jar, url=https://jugg.sickworm.com/download_hot_update?version=3.0.35-release&fileKey=jakarta.activation-api-1.2.1.jar, md5=9b647398add993324d3d9e5effa6005a), JarFileInfo(uniqueName=dex-reader-api-2.1.jar, url=https://jugg.sickworm.com/download_hot_update?version=3.0.35-release&fileKey=dex-reader-api-2.1.jar, md5=5127ff8b033d6abe773d1b45d6ad7098), JarFileInfo(uniqueName=jaxb-runtime-2.3.2.jar, url=https://jugg.sickworm.com/download_hot_update?version=3.0.35-release&fileKey=jaxb-runtime-2.3.2.jar, md5=9c3bf13a58e56c1b955bf5a365ca10b2), JarFileInfo(uniqueName=kotlin-compiler-embeddable-1.9.23.jar, url=https://jugg.sickworm.com/download_hot_update?version=3.0.35-release&fileKey=kotlin-compiler-embeddable-1.9.23.jar, md5=197302b41a67b9e516873683cf3925b8), JarFileInfo(uniqueName=okio-jvm-3.6.0.jar, url=https://jugg.sickworm.com/download_hot_update?version=3.0.35-release&fileKey=okio-jvm-3.6.0.jar, md5=26370180ff99a7e8a12dcaac2a70cc6e), JarFileInfo(uniqueName=r8-8.4.21.jar, url=https://jugg.sickworm.com/download_hot_update?version=3.0.35-release&fileKey=r8-8.4.21.jar, md5=4c0eab3750756708f6a9da1d703a9046), JarFileInfo(uniqueName=juniversalchardet-1.0.3.jar, url=https://jugg.sickworm.com/download_hot_update?version=3.0.35-release&fileKey=juniversalchardet-1.0.3.jar, md5=d9ea0a9a275336c175b343f2e4cd8f27), JarFileInfo(uniqueName=dex-reader-2.1.jar, url=https://jugg.sickworm.com/download_hot_update?version=3.0.35-release&fileKey=dex-reader-2.1.jar, md5=0707784d37773cc37070fa7a672b979a), JarFileInfo(uniqueName=arscblamer-1.2.0.jar, url=https://jugg.sickworm.com/download_hot_update?version=3.0.35-release&fileKey=arscblamer-1.2.0.jar, md5=c35033307f3c63655c46c453ccd187c8), JarFileInfo(uniqueName=v_quail-786a1a6f2.jar, url=https://jugg.sickworm.com/download_hot_update?version=3.0.35-release&fileKey=v_quail-786a1a6f2.jar, md5=63f906d7c18cb808b56ee15b21550c4e), JarFileInfo(uniqueName=annotations-31.7.3.jar, url=https://jugg.sickworm.com/download_hot_update?version=3.0.35-release&fileKey=annotations-31.7.3.jar, md5=7be23e27227539b36c14255f6e90d537), JarFileInfo(uniqueName=v_panda-0bd665c7d.jar, url=https://jugg.sickworm.com/download_hot_update?version=3.0.35-release&fileKey=v_panda-0bd665c7d.jar, md5=74d91a4040f938089b01437b29867cd9), JarFileInfo(uniqueName=stax-ex-1.8.1.jar, url=https://jugg.sickworm.com/download_hot_update?version=3.0.35-release&fileKey=stax-ex-1.8.1.jar, md5=8fea4418fa80e957e39c174cec08053c), JarFileInfo(uniqueName=okhttp-4.12.0.jar, url=https://jugg.sickworm.com/download_hot_update?version=3.0.35-release&fileKey=okhttp-4.12.0.jar, md5=6acba053af88fed87e710c6c29911d7c), JarFileInfo(uniqueName=dex-writer-2.1.jar, url=https://jugg.sickworm.com/download_hot_update?version=3.0.35-release&fileKey=dex-writer-2.1.jar, md5=401ec8782c0febd65ecac023d3ab90ad), JarFileInfo(uniqueName=v_iguana-12dc464b5.jar, url=https://jugg.sickworm.com/download_hot_update?version=3.0.35-release&fileKey=v_iguana-12dc464b5.jar, md5=91471d80b5a8aca52dad8764340a65fc), JarFileInfo(uniqueName=kotlin-stdlib-2.2.21.jar, url=https://jugg.sickworm.com/download_hot_update?version=3.0.35-release&fileKey=kotlin-stdlib-2.2.21.jar, md5=493bc156c79fe10064e9f6b605c8297c), JarFileInfo(uniqueName=kotlinx-coroutines-core-jvm-1.6.4.jar, url=https://jugg.sickworm.com/download_hot_update?version=3.0.35-release&fileKey=kotlinx-coroutines-core-jvm-1.6.4.jar, md5=9ba1873872fe1406d39bc40683050c45), JarFileInfo(uniqueName=commons-io-2.13.0.jar, url=https://jugg.sickworm.com/download_hot_update?version=3.0.35-release&fileKey=commons-io-2.13.0.jar, md5=8d000fa8939b71b8894637f0ef6ea28c), JarFileInfo(uniqueName=jugg-repackage-asm-9.8.jar, url=https://jugg.sickworm.com/download_hot_update?version=3.0.35-release&fileKey=jugg-repackage-asm-9.8.jar, md5=83193072c4e696be9de47a8a7a5d4ad1), JarFileInfo(uniqueName=idea-3.0.35-release.jar, url=https://jugg.sickworm.com/download_hot_update?version=3.0.35-release&fileKey=idea-3.0.35-release.jar, md5=37fdb17712746aaae3b7e00d4c392569), JarFileInfo(uniqueName=kotlin-android-extensions-1.9.23_modified.jar, url=https://jugg.sickworm.com/download_hot_update?version=3.0.35-release&fileKey=kotlin-android-extensions-1.9.23_modified.jar, md5=e5ef8e367b28103cdb2e497f4bf63545), JarFileInfo(uniqueName=auto-common-0.10.jar, url=https://jugg.sickworm.com/download_hot_update?version=3.0.35-release&fileKey=auto-common-0.10.jar, md5=1d531d399cde06e9ab49b7d84e7603dc), JarFileInfo(uniqueName=kotlin-metadata-jvm-2.2.21.jar, url=https://jugg.sickworm.com/download_hot_update?version=3.0.35-release&fileKey=kotlin-metadata-jvm-2.2.21.jar, md5=8a642fb1eaaaedfc37a11a0754e6802c), JarFileInfo(uniqueName=jsch-0.2.16.jar, url=https://jugg.sickworm.com/download_hot_update?version=3.0.35-release&fileKey=jsch-0.2.16.jar, md5=589aba7ea9cd9d438307c5076997c479), JarFileInfo(uniqueName=v_chipmunk-21061cc13.jar, url=https://jugg.sickworm.com/download_hot_update?version=3.0.35-release&fileKey=v_chipmunk-21061cc13.jar, md5=415de684987d18b0cb7e61effa43f666), JarFileInfo(uniqueName=kotlin-stdlib-jdk8-1.9.23.jar, url=https://jugg.sickworm.com/download_hot_update?version=3.0.35-release&fileKey=kotlin-stdlib-jdk8-1.9.23.jar, md5=c98840426f61010d8212343807f646e8), JarFileInfo(uniqueName=main-3a9e106d9.jar, url=https://jugg.sickworm.com/download_hot_update?version=3.0.35-release&fileKey=main-3a9e106d9.jar, md5=8087bbc77c68ea1d84e88e5fd4246906), JarFileInfo(uniqueName=interface-1d2fe1215.jar, url=https://jugg.sickworm.com/download_hot_update?version=3.0.35-release&fileKey=interface-1d2fe1215.jar, md5=334b52cc7d5ee3c48bbcd6baf84718a0), JarFileInfo(uniqueName=sqlite-jdbc-3.42.0.0-lite.jar, url=https://jugg.sickworm.com/download_hot_update?version=3.0.35-release&fileKey=sqlite-jdbc-3.42.0.0-lite.jar, md5=3a6532c30c1842c5d5bacb8317077719), JarFileInfo(uniqueName=istack-commons-runtime-3.0.8.jar, url=https://jugg.sickworm.com/download_hot_update?version=3.0.35-release&fileKey=istack-commons-runtime-3.0.8.jar, md5=d8555a2f242c55d6727b4d0e82ab8446), JarFileInfo(uniqueName=jetifier-core-1.0.0-beta10.jar, url=https://jugg.sickworm.com/download_hot_update?version=3.0.35-release&fileKey=jetifier-core-1.0.0-beta10.jar, md5=45a718d6bdbf73f9450dec94c2880f6c), JarFileInfo(uniqueName=txw2-2.3.2.jar, url=https://jugg.sickworm.com/download_hot_update?version=3.0.35-release&fileKey=txw2-2.3.2.jar, md5=3f278f148c5d27dc608c25cb7d093b94), JarFileInfo(uniqueName=v_meerkat-6717fd4bd.jar, url=https://jugg.sickworm.com/download_hot_update?version=3.0.35-release&fileKey=v_meerkat-6717fd4bd.jar, md5=9264e92c605fbde63e3dcb881c9b33e4), JarFileInfo(uniqueName=javaparser-core-3.17.0.jar, url=https://jugg.sickworm.com/download_hot_update?version=3.0.35-release&fileKey=javaparser-core-3.17.0.jar, md5=1cdfeabd6f748e469816a447c54f096e), JarFileInfo(uniqueName=v_hedgehog-3f5b2d677.jar, url=https://jugg.sickworm.com/download_hot_update?version=3.0.35-release&fileKey=v_hedgehog-3f5b2d677.jar, md5=1ca40429561290993e4c6770c803804b)], isNeedReinstall=false)
[2026-08-04 02:49:57.727] [FINE   ] [JuggHotUpdateDownloader] downloadHotUpdate isUpdatedThisRuntime=true, just mark it success
[2026-08-04 02:49:58.720] [FINE   ] [JuggHotUpdateDownloader] checkHotUpdate: HotUpdateData(isNeedUpdate=true, targetVersion=3.0.35-release, updateInfo=NotificationData(title=Jugg 已更新至：3.0.35-release, content=<html><p>更新内容：(2026.07.23)</p><p>1. 修复复合工程存在同名 app 模块时 Application R.jar 丢失，导致增量编译找不到 R 的问题</p><p>2. 隐藏可恢复的 DataBinding 编译失败警告，仅保留调试日志</p><p>3. 修复 Android Studio Quail 单选设备时错误部署到所有已连接设备的问题</p></html>, buttonText=null, jumpUrl=null, isSticky=true), jarFileInfos=[JarFileInfo(uniqueName=kotlin-daemon-embeddable-1.9.23.jar, url=https://jugg.sickworm.com/download_hot_update?version=3.0.35-release&fileKey=kotlin-daemon-embeddable-1.9.23.jar, md5=9b1362b8576bd085058d8be2ae34c316), JarFileInfo(uniqueName=trove4j-1.0.20200330.jar, url=https://jugg.sickworm.com/download_hot_update?version=3.0.35-release&fileKey=trove4j-1.0.20200330.jar, md5=bb75697e375d588a9d3f8f2653b30f77), JarFileInfo(uniqueName=v_narwhal-12dc464b5.jar, url=https://jugg.sickworm.com/download_hot_update?version=3.0.35-release&fileKey=v_narwhal-12dc464b5.jar, md5=1c87efc67da528bb93b3ecf026320a7e), JarFileInfo(uniqueName=kotlin-reflect-1.9.23.jar, url=https://jugg.sickworm.com/download_hot_update?version=3.0.35-release&fileKey=kotlin-reflect-1.9.23.jar, md5=08f576baf497678c7a08b5cd14bc707a), JarFileInfo(uniqueName=databinding-compiler-common-8.7.3.jar, url=https://jugg.sickworm.com/download_hot_update?version=3.0.35-release&fileKey=databinding-compiler-common-8.7.3.jar, md5=eab0027e90ef13434c8d7e23e68cc3bb), JarFileInfo(uniqueName=JavaEWAH-1.2.3.jar, url=https://jugg.sickworm.com/download_hot_update?version=3.0.35-release&fileKey=JavaEWAH-1.2.3.jar, md5=8fdeda28c1fb10e67b3d79f86bef5e61), JarFileInfo(uniqueName=kotlinx-metadata-jvm-0.9.0.jar, url=https://jugg.sickworm.com/download_hot_update?version=3.0.35-release&fileKey=kotlinx-metadata-jvm-0.9.0.jar, md5=b339ca5ef7c29e18529bf487a0fb9f4d), JarFileInfo(uniqueName=v_narwhal_feature-12dc464b5.jar, url=https://jugg.sickworm.com/download_hot_update?version=3.0.35-release&fileKey=v_narwhal_feature-12dc464b5.jar, md5=21d5b536f6e1da6fd7722986d8cec17f), JarFileInfo(uniqueName=kotlin-script-runtime-1.9.23.jar, url=https://jugg.sickworm.com/download_hot_update?version=3.0.35-release&fileKey=kotlin-script-runtime-1.9.23.jar, md5=c741a84781d9661f79b3ad7b3cac63d5), JarFileInfo(uniqueName=FastInfoset-1.2.16.jar, url=https://jugg.sickworm.com/download_hot_update?version=3.0.35-release&fileKey=FastInfoset-1.2.16.jar, md5=f7f4be4695e2501a6d585beca305c74c), JarFileInfo(uniqueName=kotlin-stdlib-jdk7-1.9.23.jar, url=https://jugg.sickworm.com/download_hot_update?version=3.0.35-release&fileKey=kotlin-stdlib-jdk7-1.9.23.jar, md5=3818d01fbd742c4ef31bdccaa1825524), JarFileInfo(uniqueName=jakarta.xml.bind-api-2.3.2.jar, url=https://jugg.sickworm.com/download_hot_update?version=3.0.35-release&fileKey=jakarta.xml.bind-api-2.3.2.jar, md5=dabb40ba58199304c640b7bd8bb2fbac), JarFileInfo(uniqueName=gson-2.10.1.jar, url=https://jugg.sickworm.com/download_hot_update?version=3.0.35-release&fileKey=gson-2.10.1.jar, md5=df6097815738cb31fc56391553210843), JarFileInfo(uniqueName=databinding-compiler-8.7.3.jar, url=https://jugg.sickworm.com/download_hot_update?version=3.0.35-release&fileKey=databinding-compiler-8.7.3.jar, md5=20c1d22a79fcfed926a47493708c1c02), JarFileInfo(uniqueName=javapoet-1.10.0.jar, url=https://jugg.sickworm.com/download_hot_update?version=3.0.35-release&fileKey=javapoet-1.10.0.jar, md5=58f542814fa3501790a57c212f20dafe), JarFileInfo(uniqueName=v_otter-0bd665c7d.jar, url=https://jugg.sickworm.com/download_hot_update?version=3.0.35-release&fileKey=v_otter-0bd665c7d.jar, md5=c6c18314450bcb3a8966af031dbfbbca), JarFileInfo(uniqueName=annotations-13.0.jar, url=https://jugg.sickworm.com/download_hot_update?version=3.0.35-release&fileKey=annotations-13.0.jar, md5=f4fb462172517b46b6cd90003508515a), JarFileInfo(uniqueName=aapt2-inclink-ae75b9235.jar, url=https://jugg.sickworm.com/download_hot_update?version=3.0.35-release&fileKey=aapt2-inclink-ae75b9235.jar, md5=5a950f00b73be8231db08ce156bd084e), JarFileInfo(uniqueName=classgraph-4.8.110.jar, url=https://jugg.sickworm.com/download_hot_update?version=3.0.35-release&fileKey=classgraph-4.8.110.jar, md5=8a9143146fb4e5089159a8eba84c34ee), JarFileInfo(uniqueName=v_giraffe-21061cc13.jar, url=https://jugg.sickworm.com/download_hot_update?version=3.0.35-release&fileKey=v_giraffe-21061cc13.jar, md5=7ac4f7c12576f6f3498e48558a3c6d26), JarFileInfo(uniqueName=jugg-repackage-asm-tree-9.8.jar, url=https://jugg.sickworm.com/download_hot_update?version=3.0.35-release&fileKey=jugg-repackage-asm-tree-9.8.jar, md5=f9e2cd9467098c52d353736c12407e70), JarFileInfo(uniqueName=jugg-repackage-asm-commons-9.8.jar, url=https://jugg.sickworm.com/download_hot_update?version=3.0.35-release&fileKey=jugg-repackage-asm-commons-9.8.jar, md5=669e4797e611944b7ee7e05be66668a3), JarFileInfo(uniqueName=commons-codec-1.16.0.jar, url=https://jugg.sickworm.com/download_hot_update?version=3.0.35-release&fileKey=commons-codec-1.16.0.jar, md5=6e26920fa7228891980890cce06b718c), JarFileInfo(uniqueName=baseLibrary-8.7.3.jar, url=https://jugg.sickworm.com/download_hot_update?version=3.0.35-release&fileKey=baseLibrary-8.7.3.jar, md5=d4fb415454f1c7211401c41c9be31e05), JarFileInfo(uniqueName=databinding-common-8.7.3.jar, url=https://jugg.sickworm.com/download_hot_update?version=3.0.35-release&fileKey=databinding-common-8.7.3.jar, md5=53eabd81209a65d44483e3f3460cda42), JarFileInfo(uniqueName=org.eclipse.jgit-6.8.0.202311291450-r.jar, url=https://jugg.sickworm.com/download_hot_update?version=3.0.35-release&fileKey=org.eclipse.jgit-6.8.0.202311291450-r.jar, md5=7b4362927e7a0f004ce94fd589dfb0ce), JarFileInfo(uniqueName=jakarta.activation-api-1.2.1.jar, url=https://jugg.sickworm.com/download_hot_update?version=3.0.35-release&fileKey=jakarta.activation-api-1.2.1.jar, md5=9b647398add993324d3d9e5effa6005a), JarFileInfo(uniqueName=dex-reader-api-2.1.jar, url=https://jugg.sickworm.com/download_hot_update?version=3.0.35-release&fileKey=dex-reader-api-2.1.jar, md5=5127ff8b033d6abe773d1b45d6ad7098), JarFileInfo(uniqueName=jaxb-runtime-2.3.2.jar, url=https://jugg.sickworm.com/download_hot_update?version=3.0.35-release&fileKey=jaxb-runtime-2.3.2.jar, md5=9c3bf13a58e56c1b955bf5a365ca10b2), JarFileInfo(uniqueName=kotlin-compiler-embeddable-1.9.23.jar, url=https://jugg.sickworm.com/download_hot_update?version=3.0.35-release&fileKey=kotlin-compiler-embeddable-1.9.23.jar, md5=197302b41a67b9e516873683cf3925b8), JarFileInfo(uniqueName=okio-jvm-3.6.0.jar, url=https://jugg.sickworm.com/download_hot_update?version=3.0.35-release&fileKey=okio-jvm-3.6.0.jar, md5=26370180ff99a7e8a12dcaac2a70cc6e), JarFileInfo(uniqueName=r8-8.4.21.jar, url=https://jugg.sickworm.com/download_hot_update?version=3.0.35-release&fileKey=r8-8.4.21.jar, md5=4c0eab3750756708f6a9da1d703a9046), JarFileInfo(uniqueName=juniversalchardet-1.0.3.jar, url=https://jugg.sickworm.com/download_hot_update?version=3.0.35-release&fileKey=juniversalchardet-1.0.3.jar, md5=d9ea0a9a275336c175b343f2e4cd8f27), JarFileInfo(uniqueName=dex-reader-2.1.jar, url=https://jugg.sickworm.com/download_hot_update?version=3.0.35-release&fileKey=dex-reader-2.1.jar, md5=0707784d37773cc37070fa7a672b979a), JarFileInfo(uniqueName=arscblamer-1.2.0.jar, url=https://jugg.sickworm.com/download_hot_update?version=3.0.35-release&fileKey=arscblamer-1.2.0.jar, md5=c35033307f3c63655c46c453ccd187c8), JarFileInfo(uniqueName=v_quail-786a1a6f2.jar, url=https://jugg.sickworm.com/download_hot_update?version=3.0.35-release&fileKey=v_quail-786a1a6f2.jar, md5=63f906d7c18cb808b56ee15b21550c4e), JarFileInfo(uniqueName=annotations-31.7.3.jar, url=https://jugg.sickworm.com/download_hot_update?version=3.0.35-release&fileKey=annotations-31.7.3.jar, md5=7be23e27227539b36c14255f6e90d537), JarFileInfo(uniqueName=v_panda-0bd665c7d.jar, url=https://jugg.sickworm.com/download_hot_update?version=3.0.35-release&fileKey=v_panda-0bd665c7d.jar, md5=74d91a4040f938089b01437b29867cd9), JarFileInfo(uniqueName=stax-ex-1.8.1.jar, url=https://jugg.sickworm.com/download_hot_update?version=3.0.35-release&fileKey=stax-ex-1.8.1.jar, md5=8fea4418fa80e957e39c174cec08053c), JarFileInfo(uniqueName=okhttp-4.12.0.jar, url=https://jugg.sickworm.com/download_hot_update?version=3.0.35-release&fileKey=okhttp-4.12.0.jar, md5=6acba053af88fed87e710c6c29911d7c), JarFileInfo(uniqueName=dex-writer-2.1.jar, url=https://jugg.sickworm.com/download_hot_update?version=3.0.35-release&fileKey=dex-writer-2.1.jar, md5=401ec8782c0febd65ecac023d3ab90ad), JarFileInfo(uniqueName=v_iguana-12dc464b5.jar, url=https://jugg.sickworm.com/download_hot_update?version=3.0.35-release&fileKey=v_iguana-12dc464b5.jar, md5=91471d80b5a8aca52dad8764340a65fc), JarFileInfo(uniqueName=kotlin-stdlib-2.2.21.jar, url=https://jugg.sickworm.com/download_hot_update?version=3.0.35-release&fileKey=kotlin-stdlib-2.2.21.jar, md5=493bc156c79fe10064e9f6b605c8297c), JarFileInfo(uniqueName=kotlinx-coroutines-core-jvm-1.6.4.jar, url=https://jugg.sickworm.com/download_hot_update?version=3.0.35-release&fileKey=kotlinx-coroutines-core-jvm-1.6.4.jar, md5=9ba1873872fe1406d39bc40683050c45), JarFileInfo(uniqueName=commons-io-2.13.0.jar, url=https://jugg.sickworm.com/download_hot_update?version=3.0.35-release&fileKey=commons-io-2.13.0.jar, md5=8d000fa8939b71b8894637f0ef6ea28c), JarFileInfo(uniqueName=jugg-repackage-asm-9.8.jar, url=https://jugg.sickworm.com/download_hot_update?version=3.0.35-release&fileKey=jugg-repackage-asm-9.8.jar, md5=83193072c4e696be9de47a8a7a5d4ad1), JarFileInfo(uniqueName=idea-3.0.35-release.jar, url=https://jugg.sickworm.com/download_hot_update?version=3.0.35-release&fileKey=idea-3.0.35-release.jar, md5=37fdb17712746aaae3b7e00d4c392569), JarFileInfo(uniqueName=kotlin-android-extensions-1.9.23_modified.jar, url=https://jugg.sickworm.com/download_hot_update?version=3.0.35-release&fileKey=kotlin-android-extensions-1.9.23_modified.jar, md5=e5ef8e367b28103cdb2e497f4bf63545), JarFileInfo(uniqueName=auto-common-0.10.jar, url=https://jugg.sickworm.com/download_hot_update?version=3.0.35-release&fileKey=auto-common-0.10.jar, md5=1d531d399cde06e9ab49b7d84e7603dc), JarFileInfo(uniqueName=kotlin-metadata-jvm-2.2.21.jar, url=https://jugg.sickworm.com/download_hot_update?version=3.0.35-release&fileKey=kotlin-metadata-jvm-2.2.21.jar, md5=8a642fb1eaaaedfc37a11a0754e6802c), JarFileInfo(uniqueName=jsch-0.2.16.jar, url=https://jugg.sickworm.com/download_hot_update?version=3.0.35-release&fileKey=jsch-0.2.16.jar, md5=589aba7ea9cd9d438307c5076997c479), JarFileInfo(uniqueName=v_chipmunk-21061cc13.jar, url=https://jugg.sickworm.com/download_hot_update?version=3.0.35-release&fileKey=v_chipmunk-21061cc13.jar, md5=415de684987d18b0cb7e61effa43f666), JarFileInfo(uniqueName=kotlin-stdlib-jdk8-1.9.23.jar, url=https://jugg.sickworm.com/download_hot_update?version=3.0.35-release&fileKey=kotlin-stdlib-jdk8-1.9.23.jar, md5=c98840426f61010d8212343807f646e8), JarFileInfo(uniqueName=main-3a9e106d9.jar, url=https://jugg.sickworm.com/download_hot_update?version=3.0.35-release&fileKey=main-3a9e106d9.jar, md5=8087bbc77c68ea1d84e88e5fd4246906), JarFileInfo(uniqueName=interface-1d2fe1215.jar, url=https://jugg.sickworm.com/download_hot_update?version=3.0.35-release&fileKey=interface-1d2fe1215.jar, md5=334b52cc7d5ee3c48bbcd6baf84718a0), JarFileInfo(uniqueName=sqlite-jdbc-3.42.0.0-lite.jar, url=https://jugg.sickworm.com/download_hot_update?version=3.0.35-release&fileKey=sqlite-jdbc-3.42.0.0-lite.jar, md5=3a6532c30c1842c5d5bacb8317077719), JarFileInfo(uniqueName=istack-commons-runtime-3.0.8.jar, url=https://jugg.sickworm.com/download_hot_update?version=3.0.35-release&fileKey=istack-commons-runtime-3.0.8.jar, md5=d8555a2f242c55d6727b4d0e82ab8446), JarFileInfo(uniqueName=jetifier-core-1.0.0-beta10.jar, url=https://jugg.sickworm.com/download_hot_update?version=3.0.35-release&fileKey=jetifier-core-1.0.0-beta10.jar, md5=45a718d6bdbf73f9450dec94c2880f6c), JarFileInfo(uniqueName=txw2-2.3.2.jar, url=https://jugg.sickworm.com/download_hot_update?version=3.0.35-release&fileKey=txw2-2.3.2.jar, md5=3f278f148c5d27dc608c25cb7d093b94), JarFileInfo(uniqueName=v_meerkat-6717fd4bd.jar, url=https://jugg.sickworm.com/download_hot_update?version=3.0.35-release&fileKey=v_meerkat-6717fd4bd.jar, md5=9264e92c605fbde63e3dcb881c9b33e4), JarFileInfo(uniqueName=javaparser-core-3.17.0.jar, url=https://jugg.sickworm.com/download_hot_update?version=3.0.35-release&fileKey=javaparser-core-3.17.0.jar, md5=1cdfeabd6f748e469816a447c54f096e), JarFileInfo(uniqueName=v_hedgehog-3f5b2d677.jar, url=https://jugg.sickworm.com/download_hot_update?version=3.0.35-release&fileKey=v_hedgehog-3f5b2d677.jar, md5=1ca40429561290993e4c6770c803804b)], isNeedReinstall=false)
[2026-08-04 02:49:58.721] [FINE   ] [JuggHotUpdateDownloader] downloadHotUpdate isUpdatedThisRuntime=true, just mark it success
[2026-08-04 02:50:21.978] [FINE   ] [JuggHotUpdateDownloader] checkHotUpdate: HotUpdateData(isNeedUpdate=true, targetVersion=3.0.35-release, updateInfo=NotificationData(title=Jugg 已更新至：3.0.35-release, content=<html><p>更新内容：(2026.07.23)</p><p>1. 修复复合工程存在同名 app 模块时 Application R.jar 丢失，导致增量编译找不到 R 的问题</p><p>2. 隐藏可恢复的 DataBinding 编译失败警告，仅保留调试日志</p><p>3. 修复 Android Studio Quail 单选设备时错误部署到所有已连接设备的问题</p></html>, buttonText=null, jumpUrl=null, isSticky=true), jarFileInfos=[JarFileInfo(uniqueName=kotlin-daemon-embeddable-1.9.23.jar, url=https://jugg.sickworm.com/download_hot_update?version=3.0.35-release&fileKey=kotlin-daemon-embeddable-1.9.23.jar, md5=9b1362b8576bd085058d8be2ae34c316), JarFileInfo(uniqueName=trove4j-1.0.20200330.jar, url=https://jugg.sickworm.com/download_hot_update?version=3.0.35-release&fileKey=trove4j-1.0.20200330.jar, md5=bb75697e375d588a9d3f8f2653b30f77), JarFileInfo(uniqueName=v_narwhal-12dc464b5.jar, url=https://jugg.sickworm.com/download_hot_update?version=3.0.35-release&fileKey=v_narwhal-12dc464b5.jar, md5=1c87efc67da528bb93b3ecf026320a7e), JarFileInfo(uniqueName=kotlin-reflect-1.9.23.jar, url=https://jugg.sickworm.com/download_hot_update?version=3.0.35-release&fileKey=kotlin-reflect-1.9.23.jar, md5=08f576baf497678c7a08b5cd14bc707a), JarFileInfo(uniqueName=databinding-compiler-common-8.7.3.jar, url=https://jugg.sickworm.com/download_hot_update?version=3.0.35-release&fileKey=databinding-compiler-common-8.7.3.jar, md5=eab0027e90ef13434c8d7e23e68cc3bb), JarFileInfo(uniqueName=JavaEWAH-1.2.3.jar, url=https://jugg.sickworm.com/download_hot_update?version=3.0.35-release&fileKey=JavaEWAH-1.2.3.jar, md5=8fdeda28c1fb10e67b3d79f86bef5e61), JarFileInfo(uniqueName=kotlinx-metadata-jvm-0.9.0.jar, url=https://jugg.sickworm.com/download_hot_update?version=3.0.35-release&fileKey=kotlinx-metadata-jvm-0.9.0.jar, md5=b339ca5ef7c29e18529bf487a0fb9f4d), JarFileInfo(uniqueName=v_narwhal_feature-12dc464b5.jar, url=https://jugg.sickworm.com/download_hot_update?version=3.0.35-release&fileKey=v_narwhal_feature-12dc464b5.jar, md5=21d5b536f6e1da6fd7722986d8cec17f), JarFileInfo(uniqueName=kotlin-script-runtime-1.9.23.jar, url=https://jugg.sickworm.com/download_hot_update?version=3.0.35-release&fileKey=kotlin-script-runtime-1.9.23.jar, md5=c741a84781d9661f79b3ad7b3cac63d5), JarFileInfo(uniqueName=FastInfoset-1.2.16.jar, url=https://jugg.sickworm.com/download_hot_update?version=3.0.35-release&fileKey=FastInfoset-1.2.16.jar, md5=f7f4be4695e2501a6d585beca305c74c), JarFileInfo(uniqueName=kotlin-stdlib-jdk7-1.9.23.jar, url=https://jugg.sickworm.com/download_hot_update?version=3.0.35-release&fileKey=kotlin-stdlib-jdk7-1.9.23.jar, md5=3818d01fbd742c4ef31bdccaa1825524), JarFileInfo(uniqueName=jakarta.xml.bind-api-2.3.2.jar, url=https://jugg.sickworm.com/download_hot_update?version=3.0.35-release&fileKey=jakarta.xml.bind-api-2.3.2.jar, md5=dabb40ba58199304c640b7bd8bb2fbac), JarFileInfo(uniqueName=gson-2.10.1.jar, url=https://jugg.sickworm.com/download_hot_update?version=3.0.35-release&fileKey=gson-2.10.1.jar, md5=df6097815738cb31fc56391553210843), JarFileInfo(uniqueName=databinding-compiler-8.7.3.jar, url=https://jugg.sickworm.com/download_hot_update?version=3.0.35-release&fileKey=databinding-compiler-8.7.3.jar, md5=20c1d22a79fcfed926a47493708c1c02), JarFileInfo(uniqueName=javapoet-1.10.0.jar, url=https://jugg.sickworm.com/download_hot_update?version=3.0.35-release&fileKey=javapoet-1.10.0.jar, md5=58f542814fa3501790a57c212f20dafe), JarFileInfo(uniqueName=v_otter-0bd665c7d.jar, url=https://jugg.sickworm.com/download_hot_update?version=3.0.35-release&fileKey=v_otter-0bd665c7d.jar, md5=c6c18314450bcb3a8966af031dbfbbca), JarFileInfo(uniqueName=annotations-13.0.jar, url=https://jugg.sickworm.com/download_hot_update?version=3.0.35-release&fileKey=annotations-13.0.jar, md5=f4fb462172517b46b6cd90003508515a), JarFileInfo(uniqueName=aapt2-inclink-ae75b9235.jar, url=https://jugg.sickworm.com/download_hot_update?version=3.0.35-release&fileKey=aapt2-inclink-ae75b9235.jar, md5=5a950f00b73be8231db08ce156bd084e), JarFileInfo(uniqueName=classgraph-4.8.110.jar, url=https://jugg.sickworm.com/download_hot_update?version=3.0.35-release&fileKey=classgraph-4.8.110.jar, md5=8a9143146fb4e5089159a8eba84c34ee), JarFileInfo(uniqueName=v_giraffe-21061cc13.jar, url=https://jugg.sickworm.com/download_hot_update?version=3.0.35-release&fileKey=v_giraffe-21061cc13.jar, md5=7ac4f7c12576f6f3498e48558a3c6d26), JarFileInfo(uniqueName=jugg-repackage-asm-tree-9.8.jar, url=https://jugg.sickworm.com/download_hot_update?version=3.0.35-release&fileKey=jugg-repackage-asm-tree-9.8.jar, md5=f9e2cd9467098c52d353736c12407e70), JarFileInfo(uniqueName=jugg-repackage-asm-commons-9.8.jar, url=https://jugg.sickworm.com/download_hot_update?version=3.0.35-release&fileKey=jugg-repackage-asm-commons-9.8.jar, md5=669e4797e611944b7ee7e05be66668a3), JarFileInfo(uniqueName=commons-codec-1.16.0.jar, url=https://jugg.sickworm.com/download_hot_update?version=3.0.35-release&fileKey=commons-codec-1.16.0.jar, md5=6e26920fa7228891980890cce06b718c), JarFileInfo(uniqueName=baseLibrary-8.7.3.jar, url=https://jugg.sickworm.com/download_hot_update?version=3.0.35-release&fileKey=baseLibrary-8.7.3.jar, md5=d4fb415454f1c7211401c41c9be31e05), JarFileInfo(uniqueName=databinding-common-8.7.3.jar, url=https://jugg.sickworm.com/download_hot_update?version=3.0.35-release&fileKey=databinding-common-8.7.3.jar, md5=53eabd81209a65d44483e3f3460cda42), JarFileInfo(uniqueName=org.eclipse.jgit-6.8.0.202311291450-r.jar, url=https://jugg.sickworm.com/download_hot_update?version=3.0.35-release&fileKey=org.eclipse.jgit-6.8.0.202311291450-r.jar, md5=7b4362927e7a0f004ce94fd589dfb0ce), JarFileInfo(uniqueName=jakarta.activation-api-1.2.1.jar, url=https://jugg.sickworm.com/download_hot_update?version=3.0.35-release&fileKey=jakarta.activation-api-1.2.1.jar, md5=9b647398add993324d3d9e5effa6005a), JarFileInfo(uniqueName=dex-reader-api-2.1.jar, url=https://jugg.sickworm.com/download_hot_update?version=3.0.35-release&fileKey=dex-reader-api-2.1.jar, md5=5127ff8b033d6abe773d1b45d6ad7098), JarFileInfo(uniqueName=jaxb-runtime-2.3.2.jar, url=https://jugg.sickworm.com/download_hot_update?version=3.0.35-release&fileKey=jaxb-runtime-2.3.2.jar, md5=9c3bf13a58e56c1b955bf5a365ca10b2), JarFileInfo(uniqueName=kotlin-compiler-embeddable-1.9.23.jar, url=https://jugg.sickworm.com/download_hot_update?version=3.0.35-release&fileKey=kotlin-compiler-embeddable-1.9.23.jar, md5=197302b41a67b9e516873683cf3925b8), JarFileInfo(uniqueName=okio-jvm-3.6.0.jar, url=https://jugg.sickworm.com/download_hot_update?version=3.0.35-release&fileKey=okio-jvm-3.6.0.jar, md5=26370180ff99a7e8a12dcaac2a70cc6e), JarFileInfo(uniqueName=r8-8.4.21.jar, url=https://jugg.sickworm.com/download_hot_update?version=3.0.35-release&fileKey=r8-8.4.21.jar, md5=4c0eab3750756708f6a9da1d703a9046), JarFileInfo(uniqueName=juniversalchardet-1.0.3.jar, url=https://jugg.sickworm.com/download_hot_update?version=3.0.35-release&fileKey=juniversalchardet-1.0.3.jar, md5=d9ea0a9a275336c175b343f2e4cd8f27), JarFileInfo(uniqueName=dex-reader-2.1.jar, url=https://jugg.sickworm.com/download_hot_update?version=3.0.35-release&fileKey=dex-reader-2.1.jar, md5=0707784d37773cc37070fa7a672b979a), JarFileInfo(uniqueName=arscblamer-1.2.0.jar, url=https://jugg.sickworm.com/download_hot_update?version=3.0.35-release&fileKey=arscblamer-1.2.0.jar, md5=c35033307f3c63655c46c453ccd187c8), JarFileInfo(uniqueName=v_quail-786a1a6f2.jar, url=https://jugg.sickworm.com/download_hot_update?version=3.0.35-release&fileKey=v_quail-786a1a6f2.jar, md5=63f906d7c18cb808b56ee15b21550c4e), JarFileInfo(uniqueName=annotations-31.7.3.jar, url=https://jugg.sickworm.com/download_hot_update?version=3.0.35-release&fileKey=annotations-31.7.3.jar, md5=7be23e27227539b36c14255f6e90d537), JarFileInfo(uniqueName=v_panda-0bd665c7d.jar, url=https://jugg.sickworm.com/download_hot_update?version=3.0.35-release&fileKey=v_panda-0bd665c7d.jar, md5=74d91a4040f938089b01437b29867cd9), JarFileInfo(uniqueName=stax-ex-1.8.1.jar, url=https://jugg.sickworm.com/download_hot_update?version=3.0.35-release&fileKey=stax-ex-1.8.1.jar, md5=8fea4418fa80e957e39c174cec08053c), JarFileInfo(uniqueName=okhttp-4.12.0.jar, url=https://jugg.sickworm.com/download_hot_update?version=3.0.35-release&fileKey=okhttp-4.12.0.jar, md5=6acba053af88fed87e710c6c29911d7c), JarFileInfo(uniqueName=dex-writer-2.1.jar, url=https://jugg.sickworm.com/download_hot_update?version=3.0.35-release&fileKey=dex-writer-2.1.jar, md5=401ec8782c0febd65ecac023d3ab90ad), JarFileInfo(uniqueName=v_iguana-12dc464b5.jar, url=https://jugg.sickworm.com/download_hot_update?version=3.0.35-release&fileKey=v_iguana-12dc464b5.jar, md5=91471d80b5a8aca52dad8764340a65fc), JarFileInfo(uniqueName=kotlin-stdlib-2.2.21.jar, url=https://jugg.sickworm.com/download_hot_update?version=3.0.35-release&fileKey=kotlin-stdlib-2.2.21.jar, md5=493bc156c79fe10064e9f6b605c8297c), JarFileInfo(uniqueName=kotlinx-coroutines-core-jvm-1.6.4.jar, url=https://jugg.sickworm.com/download_hot_update?version=3.0.35-release&fileKey=kotlinx-coroutines-core-jvm-1.6.4.jar, md5=9ba1873872fe1406d39bc40683050c45), JarFileInfo(uniqueName=commons-io-2.13.0.jar, url=https://jugg.sickworm.com/download_hot_update?version=3.0.35-release&fileKey=commons-io-2.13.0.jar, md5=8d000fa8939b71b8894637f0ef6ea28c), JarFileInfo(uniqueName=jugg-repackage-asm-9.8.jar, url=https://jugg.sickworm.com/download_hot_update?version=3.0.35-release&fileKey=jugg-repackage-asm-9.8.jar, md5=83193072c4e696be9de47a8a7a5d4ad1), JarFileInfo(uniqueName=idea-3.0.35-release.jar, url=https://jugg.sickworm.com/download_hot_update?version=3.0.35-release&fileKey=idea-3.0.35-release.jar, md5=37fdb17712746aaae3b7e00d4c392569), JarFileInfo(uniqueName=kotlin-android-extensions-1.9.23_modified.jar, url=https://jugg.sickworm.com/download_hot_update?version=3.0.35-release&fileKey=kotlin-android-extensions-1.9.23_modified.jar, md5=e5ef8e367b28103cdb2e497f4bf63545), JarFileInfo(uniqueName=auto-common-0.10.jar, url=https://jugg.sickworm.com/download_hot_update?version=3.0.35-release&fileKey=auto-common-0.10.jar, md5=1d531d399cde06e9ab49b7d84e7603dc), JarFileInfo(uniqueName=kotlin-metadata-jvm-2.2.21.jar, url=https://jugg.sickworm.com/download_hot_update?version=3.0.35-release&fileKey=kotlin-metadata-jvm-2.2.21.jar, md5=8a642fb1eaaaedfc37a11a0754e6802c), JarFileInfo(uniqueName=jsch-0.2.16.jar, url=https://jugg.sickworm.com/download_hot_update?version=3.0.35-release&fileKey=jsch-0.2.16.jar, md5=589aba7ea9cd9d438307c5076997c479), JarFileInfo(uniqueName=v_chipmunk-21061cc13.jar, url=https://jugg.sickworm.com/download_hot_update?version=3.0.35-release&fileKey=v_chipmunk-21061cc13.jar, md5=415de684987d18b0cb7e61effa43f666), JarFileInfo(uniqueName=kotlin-stdlib-jdk8-1.9.23.jar, url=https://jugg.sickworm.com/download_hot_update?version=3.0.35-release&fileKey=kotlin-stdlib-jdk8-1.9.23.jar, md5=c98840426f61010d8212343807f646e8), JarFileInfo(uniqueName=main-3a9e106d9.jar, url=https://jugg.sickworm.com/download_hot_update?version=3.0.35-release&fileKey=main-3a9e106d9.jar, md5=8087bbc77c68ea1d84e88e5fd4246906), JarFileInfo(uniqueName=interface-1d2fe1215.jar, url=https://jugg.sickworm.com/download_hot_update?version=3.0.35-release&fileKey=interface-1d2fe1215.jar, md5=334b52cc7d5ee3c48bbcd6baf84718a0), JarFileInfo(uniqueName=sqlite-jdbc-3.42.0.0-lite.jar, url=https://jugg.sickworm.com/download_hot_update?version=3.0.35-release&fileKey=sqlite-jdbc-3.42.0.0-lite.jar, md5=3a6532c30c1842c5d5bacb8317077719), JarFileInfo(uniqueName=istack-commons-runtime-3.0.8.jar, url=https://jugg.sickworm.com/download_hot_update?version=3.0.35-release&fileKey=istack-commons-runtime-3.0.8.jar, md5=d8555a2f242c55d6727b4d0e82ab8446), JarFileInfo(uniqueName=jetifier-core-1.0.0-beta10.jar, url=https://jugg.sickworm.com/download_hot_update?version=3.0.35-release&fileKey=jetifier-core-1.0.0-beta10.jar, md5=45a718d6bdbf73f9450dec94c2880f6c), JarFileInfo(uniqueName=txw2-2.3.2.jar, url=https://jugg.sickworm.com/download_hot_update?version=3.0.35-release&fileKey=txw2-2.3.2.jar, md5=3f278f148c5d27dc608c25cb7d093b94), JarFileInfo(uniqueName=v_meerkat-6717fd4bd.jar, url=https://jugg.sickworm.com/download_hot_update?version=3.0.35-release&fileKey=v_meerkat-6717fd4bd.jar, md5=9264e92c605fbde63e3dcb881c9b33e4), JarFileInfo(uniqueName=javaparser-core-3.17.0.jar, url=https://jugg.sickworm.com/download_hot_update?version=3.0.35-release&fileKey=javaparser-core-3.17.0.jar, md5=1cdfeabd6f748e469816a447c54f096e), JarFileInfo(uniqueName=v_hedgehog-3f5b2d677.jar, url=https://jugg.sickworm.com/download_hot_update?version=3.0.35-release&fileKey=v_hedgehog-3f5b2d677.jar, md5=1ca40429561290993e4c6770c803804b)], isNeedReinstall=false)
[2026-08-04 02:50:21.979] [FINE   ] [JuggHotUpdateDownloader] downloadHotUpdate isUpdatedThisRuntime=true, just mark it success
[2026-08-04 06:49:39.697] [FINE   ] [JuggHotUpdateDownloader] checkHotUpdate: HotUpdateData(isNeedUpdate=true, targetVersion=3.0.35-release, updateInfo=NotificationData(title=Jugg 已更新至：3.0.35-release, content=<html><p>更新内容：(2026.07.23)</p><p>1. 修复复合工程存在同名 app 模块时 Application R.jar 丢失，导致增量编译找不到 R 的问题</p><p>2. 隐藏可恢复的 DataBinding 编译失败警告，仅保留调试日志</p><p>3. 修复 Android Studio Quail 单选设备时错误部署到所有已连接设备的问题</p></html>, buttonText=null, jumpUrl=null, isSticky=true), jarFileInfos=[JarFileInfo(uniqueName=kotlin-daemon-embeddable-1.9.23.jar, url=https://jugg.sickworm.com/download_hot_update?version=3.0.35-release&fileKey=kotlin-daemon-embeddable-1.9.23.jar, md5=9b1362b8576bd085058d8be2ae34c316), JarFileInfo(uniqueName=trove4j-1.0.20200330.jar, url=https://jugg.sickworm.com/download_hot_update?version=3.0.35-release&fileKey=trove4j-1.0.20200330.jar, md5=bb75697e375d588a9d3f8f2653b30f77), JarFileInfo(uniqueName=v_narwhal-12dc464b5.jar, url=https://jugg.sickworm.com/download_hot_update?version=3.0.35-release&fileKey=v_narwhal-12dc464b5.jar, md5=1c87efc67da528bb93b3ecf026320a7e), JarFileInfo(uniqueName=kotlin-reflect-1.9.23.jar, url=https://jugg.sickworm.com/download_hot_update?version=3.0.35-release&fileKey=kotlin-reflect-1.9.23.jar, md5=08f576baf497678c7a08b5cd14bc707a), JarFileInfo(uniqueName=databinding-compiler-common-8.7.3.jar, url=https://jugg.sickworm.com/download_hot_update?version=3.0.35-release&fileKey=databinding-compiler-common-8.7.3.jar, md5=eab0027e90ef13434c8d7e23e68cc3bb), JarFileInfo(uniqueName=JavaEWAH-1.2.3.jar, url=https://jugg.sickworm.com/download_hot_update?version=3.0.35-release&fileKey=JavaEWAH-1.2.3.jar, md5=8fdeda28c1fb10e67b3d79f86bef5e61), JarFileInfo(uniqueName=kotlinx-metadata-jvm-0.9.0.jar, url=https://jugg.sickworm.com/download_hot_update?version=3.0.35-release&fileKey=kotlinx-metadata-jvm-0.9.0.jar, md5=b339ca5ef7c29e18529bf487a0fb9f4d), JarFileInfo(uniqueName=v_narwhal_feature-12dc464b5.jar, url=https://jugg.sickworm.com/download_hot_update?version=3.0.35-release&fileKey=v_narwhal_feature-12dc464b5.jar, md5=21d5b536f6e1da6fd7722986d8cec17f), JarFileInfo(uniqueName=kotlin-script-runtime-1.9.23.jar, url=https://jugg.sickworm.com/download_hot_update?version=3.0.35-release&fileKey=kotlin-script-runtime-1.9.23.jar, md5=c741a84781d9661f79b3ad7b3cac63d5), JarFileInfo(uniqueName=FastInfoset-1.2.16.jar, url=https://jugg.sickworm.com/download_hot_update?version=3.0.35-release&fileKey=FastInfoset-1.2.16.jar, md5=f7f4be4695e2501a6d585beca305c74c), JarFileInfo(uniqueName=kotlin-stdlib-jdk7-1.9.23.jar, url=https://jugg.sickworm.com/download_hot_update?version=3.0.35-release&fileKey=kotlin-stdlib-jdk7-1.9.23.jar, md5=3818d01fbd742c4ef31bdccaa1825524), JarFileInfo(uniqueName=jakarta.xml.bind-api-2.3.2.jar, url=https://jugg.sickworm.com/download_hot_update?version=3.0.35-release&fileKey=jakarta.xml.bind-api-2.3.2.jar, md5=dabb40ba58199304c640b7bd8bb2fbac), JarFileInfo(uniqueName=gson-2.10.1.jar, url=https://jugg.sickworm.com/download_hot_update?version=3.0.35-release&fileKey=gson-2.10.1.jar, md5=df6097815738cb31fc56391553210843), JarFileInfo(uniqueName=databinding-compiler-8.7.3.jar, url=https://jugg.sickworm.com/download_hot_update?version=3.0.35-release&fileKey=databinding-compiler-8.7.3.jar, md5=20c1d22a79fcfed926a47493708c1c02), JarFileInfo(uniqueName=javapoet-1.10.0.jar, url=https://jugg.sickworm.com/download_hot_update?version=3.0.35-release&fileKey=javapoet-1.10.0.jar, md5=58f542814fa3501790a57c212f20dafe), JarFileInfo(uniqueName=v_otter-0bd665c7d.jar, url=https://jugg.sickworm.com/download_hot_update?version=3.0.35-release&fileKey=v_otter-0bd665c7d.jar, md5=c6c18314450bcb3a8966af031dbfbbca), JarFileInfo(uniqueName=annotations-13.0.jar, url=https://jugg.sickworm.com/download_hot_update?version=3.0.35-release&fileKey=annotations-13.0.jar, md5=f4fb462172517b46b6cd90003508515a), JarFileInfo(uniqueName=aapt2-inclink-ae75b9235.jar, url=https://jugg.sickworm.com/download_hot_update?version=3.0.35-release&fileKey=aapt2-inclink-ae75b9235.jar, md5=5a950f00b73be8231db08ce156bd084e), JarFileInfo(uniqueName=classgraph-4.8.110.jar, url=https://jugg.sickworm.com/download_hot_update?version=3.0.35-release&fileKey=classgraph-4.8.110.jar, md5=8a9143146fb4e5089159a8eba84c34ee), JarFileInfo(uniqueName=v_giraffe-21061cc13.jar, url=https://jugg.sickworm.com/download_hot_update?version=3.0.35-release&fileKey=v_giraffe-21061cc13.jar, md5=7ac4f7c12576f6f3498e48558a3c6d26), JarFileInfo(uniqueName=jugg-repackage-asm-tree-9.8.jar, url=https://jugg.sickworm.com/download_hot_update?version=3.0.35-release&fileKey=jugg-repackage-asm-tree-9.8.jar, md5=f9e2cd9467098c52d353736c12407e70), JarFileInfo(uniqueName=jugg-repackage-asm-commons-9.8.jar, url=https://jugg.sickworm.com/download_hot_update?version=3.0.35-release&fileKey=jugg-repackage-asm-commons-9.8.jar, md5=669e4797e611944b7ee7e05be66668a3), JarFileInfo(uniqueName=commons-codec-1.16.0.jar, url=https://jugg.sickworm.com/download_hot_update?version=3.0.35-release&fileKey=commons-codec-1.16.0.jar, md5=6e26920fa7228891980890cce06b718c), JarFileInfo(uniqueName=baseLibrary-8.7.3.jar, url=https://jugg.sickworm.com/download_hot_update?version=3.0.35-release&fileKey=baseLibrary-8.7.3.jar, md5=d4fb415454f1c7211401c41c9be31e05), JarFileInfo(uniqueName=databinding-common-8.7.3.jar, url=https://jugg.sickworm.com/download_hot_update?version=3.0.35-release&fileKey=databinding-common-8.7.3.jar, md5=53eabd81209a65d44483e3f3460cda42), JarFileInfo(uniqueName=org.eclipse.jgit-6.8.0.202311291450-r.jar, url=https://jugg.sickworm.com/download_hot_update?version=3.0.35-release&fileKey=org.eclipse.jgit-6.8.0.202311291450-r.jar, md5=7b4362927e7a0f004ce94fd589dfb0ce), JarFileInfo(uniqueName=jakarta.activation-api-1.2.1.jar, url=https://jugg.sickworm.com/download_hot_update?version=3.0.35-release&fileKey=jakarta.activation-api-1.2.1.jar, md5=9b647398add993324d3d9e5effa6005a), JarFileInfo(uniqueName=dex-reader-api-2.1.jar, url=https://jugg.sickworm.com/download_hot_update?version=3.0.35-release&fileKey=dex-reader-api-2.1.jar, md5=5127ff8b033d6abe773d1b45d6ad7098), JarFileInfo(uniqueName=jaxb-runtime-2.3.2.jar, url=https://jugg.sickworm.com/download_hot_update?version=3.0.35-release&fileKey=jaxb-runtime-2.3.2.jar, md5=9c3bf13a58e56c1b955bf5a365ca10b2), JarFileInfo(uniqueName=kotlin-compiler-embeddable-1.9.23.jar, url=https://jugg.sickworm.com/download_hot_update?version=3.0.35-release&fileKey=kotlin-compiler-embeddable-1.9.23.jar, md5=197302b41a67b9e516873683cf3925b8), JarFileInfo(uniqueName=okio-jvm-3.6.0.jar, url=https://jugg.sickworm.com/download_hot_update?version=3.0.35-release&fileKey=okio-jvm-3.6.0.jar, md5=26370180ff99a7e8a12dcaac2a70cc6e), JarFileInfo(uniqueName=r8-8.4.21.jar, url=https://jugg.sickworm.com/download_hot_update?version=3.0.35-release&fileKey=r8-8.4.21.jar, md5=4c0eab3750756708f6a9da1d703a9046), JarFileInfo(uniqueName=juniversalchardet-1.0.3.jar, url=https://jugg.sickworm.com/download_hot_update?version=3.0.35-release&fileKey=juniversalchardet-1.0.3.jar, md5=d9ea0a9a275336c175b343f2e4cd8f27), JarFileInfo(uniqueName=dex-reader-2.1.jar, url=https://jugg.sickworm.com/download_hot_update?version=3.0.35-release&fileKey=dex-reader-2.1.jar, md5=0707784d37773cc37070fa7a672b979a), JarFileInfo(uniqueName=arscblamer-1.2.0.jar, url=https://jugg.sickworm.com/download_hot_update?version=3.0.35-release&fileKey=arscblamer-1.2.0.jar, md5=c35033307f3c63655c46c453ccd187c8), JarFileInfo(uniqueName=v_quail-786a1a6f2.jar, url=https://jugg.sickworm.com/download_hot_update?version=3.0.35-release&fileKey=v_quail-786a1a6f2.jar, md5=63f906d7c18cb808b56ee15b21550c4e), JarFileInfo(uniqueName=annotations-31.7.3.jar, url=https://jugg.sickworm.com/download_hot_update?version=3.0.35-release&fileKey=annotations-31.7.3.jar, md5=7be23e27227539b36c14255f6e90d537), JarFileInfo(uniqueName=v_panda-0bd665c7d.jar, url=https://jugg.sickworm.com/download_hot_update?version=3.0.35-release&fileKey=v_panda-0bd665c7d.jar, md5=74d91a4040f938089b01437b29867cd9), JarFileInfo(uniqueName=stax-ex-1.8.1.jar, url=https://jugg.sickworm.com/download_hot_update?version=3.0.35-release&fileKey=stax-ex-1.8.1.jar, md5=8fea4418fa80e957e39c174cec08053c), JarFileInfo(uniqueName=okhttp-4.12.0.jar, url=https://jugg.sickworm.com/download_hot_update?version=3.0.35-release&fileKey=okhttp-4.12.0.jar, md5=6acba053af88fed87e710c6c29911d7c), JarFileInfo(uniqueName=dex-writer-2.1.jar, url=https://jugg.sickworm.com/download_hot_update?version=3.0.35-release&fileKey=dex-writer-2.1.jar, md5=401ec8782c0febd65ecac023d3ab90ad), JarFileInfo(uniqueName=v_iguana-12dc464b5.jar, url=https://jugg.sickworm.com/download_hot_update?version=3.0.35-release&fileKey=v_iguana-12dc464b5.jar, md5=91471d80b5a8aca52dad8764340a65fc), JarFileInfo(uniqueName=kotlin-stdlib-2.2.21.jar, url=https://jugg.sickworm.com/download_hot_update?version=3.0.35-release&fileKey=kotlin-stdlib-2.2.21.jar, md5=493bc156c79fe10064e9f6b605c8297c), JarFileInfo(uniqueName=kotlinx-coroutines-core-jvm-1.6.4.jar, url=https://jugg.sickworm.com/download_hot_update?version=3.0.35-release&fileKey=kotlinx-coroutines-core-jvm-1.6.4.jar, md5=9ba1873872fe1406d39bc40683050c45), JarFileInfo(uniqueName=commons-io-2.13.0.jar, url=https://jugg.sickworm.com/download_hot_update?version=3.0.35-release&fileKey=commons-io-2.13.0.jar, md5=8d000fa8939b71b8894637f0ef6ea28c), JarFileInfo(uniqueName=jugg-repackage-asm-9.8.jar, url=https://jugg.sickworm.com/download_hot_update?version=3.0.35-release&fileKey=jugg-repackage-asm-9.8.jar, md5=83193072c4e696be9de47a8a7a5d4ad1), JarFileInfo(uniqueName=idea-3.0.35-release.jar, url=https://jugg.sickworm.com/download_hot_update?version=3.0.35-release&fileKey=idea-3.0.35-release.jar, md5=37fdb17712746aaae3b7e00d4c392569), JarFileInfo(uniqueName=kotlin-android-extensions-1.9.23_modified.jar, url=https://jugg.sickworm.com/download_hot_update?version=3.0.35-release&fileKey=kotlin-android-extensions-1.9.23_modified.jar, md5=e5ef8e367b28103cdb2e497f4bf63545), JarFileInfo(uniqueName=auto-common-0.10.jar, url=https://jugg.sickworm.com/download_hot_update?version=3.0.35-release&fileKey=auto-common-0.10.jar, md5=1d531d399cde06e9ab49b7d84e7603dc), JarFileInfo(uniqueName=kotlin-metadata-jvm-2.2.21.jar, url=https://jugg.sickworm.com/download_hot_update?version=3.0.35-release&fileKey=kotlin-metadata-jvm-2.2.21.jar, md5=8a642fb1eaaaedfc37a11a0754e6802c), JarFileInfo(uniqueName=jsch-0.2.16.jar, url=https://jugg.sickworm.com/download_hot_update?version=3.0.35-release&fileKey=jsch-0.2.16.jar, md5=589aba7ea9cd9d438307c5076997c479), JarFileInfo(uniqueName=v_chipmunk-21061cc13.jar, url=https://jugg.sickworm.com/download_hot_update?version=3.0.35-release&fileKey=v_chipmunk-21061cc13.jar, md5=415de684987d18b0cb7e61effa43f666), JarFileInfo(uniqueName=kotlin-stdlib-jdk8-1.9.23.jar, url=https://jugg.sickworm.com/download_hot_update?version=3.0.35-release&fileKey=kotlin-stdlib-jdk8-1.9.23.jar, md5=c98840426f61010d8212343807f646e8), JarFileInfo(uniqueName=main-3a9e106d9.jar, url=https://jugg.sickworm.com/download_hot_update?version=3.0.35-release&fileKey=main-3a9e106d9.jar, md5=8087bbc77c68ea1d84e88e5fd4246906), JarFileInfo(uniqueName=interface-1d2fe1215.jar, url=https://jugg.sickworm.com/download_hot_update?version=3.0.35-release&fileKey=interface-1d2fe1215.jar, md5=334b52cc7d5ee3c48bbcd6baf84718a0), JarFileInfo(uniqueName=sqlite-jdbc-3.42.0.0-lite.jar, url=https://jugg.sickworm.com/download_hot_update?version=3.0.35-release&fileKey=sqlite-jdbc-3.42.0.0-lite.jar, md5=3a6532c30c1842c5d5bacb8317077719), JarFileInfo(uniqueName=istack-commons-runtime-3.0.8.jar, url=https://jugg.sickworm.com/download_hot_update?version=3.0.35-release&fileKey=istack-commons-runtime-3.0.8.jar, md5=d8555a2f242c55d6727b4d0e82ab8446), JarFileInfo(uniqueName=jetifier-core-1.0.0-beta10.jar, url=https://jugg.sickworm.com/download_hot_update?version=3.0.35-release&fileKey=jetifier-core-1.0.0-beta10.jar, md5=45a718d6bdbf73f9450dec94c2880f6c), JarFileInfo(uniqueName=txw2-2.3.2.jar, url=https://jugg.sickworm.com/download_hot_update?version=3.0.35-release&fileKey=txw2-2.3.2.jar, md5=3f278f148c5d27dc608c25cb7d093b94), JarFileInfo(uniqueName=v_meerkat-6717fd4bd.jar, url=https://jugg.sickworm.com/download_hot_update?version=3.0.35-release&fileKey=v_meerkat-6717fd4bd.jar, md5=9264e92c605fbde63e3dcb881c9b33e4), JarFileInfo(uniqueName=javaparser-core-3.17.0.jar, url=https://jugg.sickworm.com/download_hot_update?version=3.0.35-release&fileKey=javaparser-core-3.17.0.jar, md5=1cdfeabd6f748e469816a447c54f096e), JarFileInfo(uniqueName=v_hedgehog-3f5b2d677.jar, url=https://jugg.sickworm.com/download_hot_update?version=3.0.35-release&fileKey=v_hedgehog-3f5b2d677.jar, md5=1ca40429561290993e4c6770c803804b)], isNeedReinstall=false)
[2026-08-04 06:49:39.698] [FINE   ] [JuggHotUpdateDownloader] downloadHotUpdate isUpdatedThisRuntime=true, just mark it success
[2026-08-04 06:49:57.108] [FINE   ] [JuggHotUpdateDownloader] checkHotUpdate: HotUpdateData(isNeedUpdate=true, targetVersion=3.0.35-release, updateInfo=NotificationData(title=Jugg 已更新至：3.0.35-release, content=<html><p>更新内容：(2026.07.23)</p><p>1. 修复复合工程存在同名 app 模块时 Application R.jar 丢失，导致增量编译找不到 R 的问题</p><p>2. 隐藏可恢复的 DataBinding 编译失败警告，仅保留调试日志</p><p>3. 修复 Android Studio Quail 单选设备时错误部署到所有已连接设备的问题</p></html>, buttonText=null, jumpUrl=null, isSticky=true), jarFileInfos=[JarFileInfo(uniqueName=kotlin-daemon-embeddable-1.9.23.jar, url=https://jugg.sickworm.com/download_hot_update?version=3.0.35-release&fileKey=kotlin-daemon-embeddable-1.9.23.jar, md5=9b1362b8576bd085058d8be2ae34c316), JarFileInfo(uniqueName=trove4j-1.0.20200330.jar, url=https://jugg.sickworm.com/download_hot_update?version=3.0.35-release&fileKey=trove4j-1.0.20200330.jar, md5=bb75697e375d588a9d3f8f2653b30f77), JarFileInfo(uniqueName=v_narwhal-12dc464b5.jar, url=https://jugg.sickworm.com/download_hot_update?version=3.0.35-release&fileKey=v_narwhal-12dc464b5.jar, md5=1c87efc67da528bb93b3ecf026320a7e), JarFileInfo(uniqueName=kotlin-reflect-1.9.23.jar, url=https://jugg.sickworm.com/download_hot_update?version=3.0.35-release&fileKey=kotlin-reflect-1.9.23.jar, md5=08f576baf497678c7a08b5cd14bc707a), JarFileInfo(uniqueName=databinding-compiler-common-8.7.3.jar, url=https://jugg.sickworm.com/download_hot_update?version=3.0.35-release&fileKey=databinding-compiler-common-8.7.3.jar, md5=eab0027e90ef13434c8d7e23e68cc3bb), JarFileInfo(uniqueName=JavaEWAH-1.2.3.jar, url=https://jugg.sickworm.com/download_hot_update?version=3.0.35-release&fileKey=JavaEWAH-1.2.3.jar, md5=8fdeda28c1fb10e67b3d79f86bef5e61), JarFileInfo(uniqueName=kotlinx-metadata-jvm-0.9.0.jar, url=https://jugg.sickworm.com/download_hot_update?version=3.0.35-release&fileKey=kotlinx-metadata-jvm-0.9.0.jar, md5=b339ca5ef7c29e18529bf487a0fb9f4d), JarFileInfo(uniqueName=v_narwhal_feature-12dc464b5.jar, url=https://jugg.sickworm.com/download_hot_update?version=3.0.35-release&fileKey=v_narwhal_feature-12dc464b5.jar, md5=21d5b536f6e1da6fd7722986d8cec17f), JarFileInfo(uniqueName=kotlin-script-runtime-1.9.23.jar, url=https://jugg.sickworm.com/download_hot_update?version=3.0.35-release&fileKey=kotlin-script-runtime-1.9.23.jar, md5=c741a84781d9661f79b3ad7b3cac63d5), JarFileInfo(uniqueName=FastInfoset-1.2.16.jar, url=https://jugg.sickworm.com/download_hot_update?version=3.0.35-release&fileKey=FastInfoset-1.2.16.jar, md5=f7f4be4695e2501a6d585beca305c74c), JarFileInfo(uniqueName=kotlin-stdlib-jdk7-1.9.23.jar, url=https://jugg.sickworm.com/download_hot_update?version=3.0.35-release&fileKey=kotlin-stdlib-jdk7-1.9.23.jar, md5=3818d01fbd742c4ef31bdccaa1825524), JarFileInfo(uniqueName=jakarta.xml.bind-api-2.3.2.jar, url=https://jugg.sickworm.com/download_hot_update?version=3.0.35-release&fileKey=jakarta.xml.bind-api-2.3.2.jar, md5=dabb40ba58199304c640b7bd8bb2fbac), JarFileInfo(uniqueName=gson-2.10.1.jar, url=https://jugg.sickworm.com/download_hot_update?version=3.0.35-release&fileKey=gson-2.10.1.jar, md5=df6097815738cb31fc56391553210843), JarFileInfo(uniqueName=databinding-compiler-8.7.3.jar, url=https://jugg.sickworm.com/download_hot_update?version=3.0.35-release&fileKey=databinding-compiler-8.7.3.jar, md5=20c1d22a79fcfed926a47493708c1c02), JarFileInfo(uniqueName=javapoet-1.10.0.jar, url=https://jugg.sickworm.com/download_hot_update?version=3.0.35-release&fileKey=javapoet-1.10.0.jar, md5=58f542814fa3501790a57c212f20dafe), JarFileInfo(uniqueName=v_otter-0bd665c7d.jar, url=https://jugg.sickworm.com/download_hot_update?version=3.0.35-release&fileKey=v_otter-0bd665c7d.jar, md5=c6c18314450bcb3a8966af031dbfbbca), JarFileInfo(uniqueName=annotations-13.0.jar, url=https://jugg.sickworm.com/download_hot_update?version=3.0.35-release&fileKey=annotations-13.0.jar, md5=f4fb462172517b46b6cd90003508515a), JarFileInfo(uniqueName=aapt2-inclink-ae75b9235.jar, url=https://jugg.sickworm.com/download_hot_update?version=3.0.35-release&fileKey=aapt2-inclink-ae75b9235.jar, md5=5a950f00b73be8231db08ce156bd084e), JarFileInfo(uniqueName=classgraph-4.8.110.jar, url=https://jugg.sickworm.com/download_hot_update?version=3.0.35-release&fileKey=classgraph-4.8.110.jar, md5=8a9143146fb4e5089159a8eba84c34ee), JarFileInfo(uniqueName=v_giraffe-21061cc13.jar, url=https://jugg.sickworm.com/download_hot_update?version=3.0.35-release&fileKey=v_giraffe-21061cc13.jar, md5=7ac4f7c12576f6f3498e48558a3c6d26), JarFileInfo(uniqueName=jugg-repackage-asm-tree-9.8.jar, url=https://jugg.sickworm.com/download_hot_update?version=3.0.35-release&fileKey=jugg-repackage-asm-tree-9.8.jar, md5=f9e2cd9467098c52d353736c12407e70), JarFileInfo(uniqueName=jugg-repackage-asm-commons-9.8.jar, url=https://jugg.sickworm.com/download_hot_update?version=3.0.35-release&fileKey=jugg-repackage-asm-commons-9.8.jar, md5=669e4797e611944b7ee7e05be66668a3), JarFileInfo(uniqueName=commons-codec-1.16.0.jar, url=https://jugg.sickworm.com/download_hot_update?version=3.0.35-release&fileKey=commons-codec-1.16.0.jar, md5=6e26920fa7228891980890cce06b718c), JarFileInfo(uniqueName=baseLibrary-8.7.3.jar, url=https://jugg.sickworm.com/download_hot_update?version=3.0.35-release&fileKey=baseLibrary-8.7.3.jar, md5=d4fb415454f1c7211401c41c9be31e05), JarFileInfo(uniqueName=databinding-common-8.7.3.jar, url=https://jugg.sickworm.com/download_hot_update?version=3.0.35-release&fileKey=databinding-common-8.7.3.jar, md5=53eabd81209a65d44483e3f3460cda42), JarFileInfo(uniqueName=org.eclipse.jgit-6.8.0.202311291450-r.jar, url=https://jugg.sickworm.com/download_hot_update?version=3.0.35-release&fileKey=org.eclipse.jgit-6.8.0.202311291450-r.jar, md5=7b4362927e7a0f004ce94fd589dfb0ce), JarFileInfo(uniqueName=jakarta.activation-api-1.2.1.jar, url=https://jugg.sickworm.com/download_hot_update?version=3.0.35-release&fileKey=jakarta.activation-api-1.2.1.jar, md5=9b647398add993324d3d9e5effa6005a), JarFileInfo(uniqueName=dex-reader-api-2.1.jar, url=https://jugg.sickworm.com/download_hot_update?version=3.0.35-release&fileKey=dex-reader-api-2.1.jar, md5=5127ff8b033d6abe773d1b45d6ad7098), JarFileInfo(uniqueName=jaxb-runtime-2.3.2.jar, url=https://jugg.sickworm.com/download_hot_update?version=3.0.35-release&fileKey=jaxb-runtime-2.3.2.jar, md5=9c3bf13a58e56c1b955bf5a365ca10b2), JarFileInfo(uniqueName=kotlin-compiler-embeddable-1.9.23.jar, url=https://jugg.sickworm.com/download_hot_update?version=3.0.35-release&fileKey=kotlin-compiler-embeddable-1.9.23.jar, md5=197302b41a67b9e516873683cf3925b8), JarFileInfo(uniqueName=okio-jvm-3.6.0.jar, url=https://jugg.sickworm.com/download_hot_update?version=3.0.35-release&fileKey=okio-jvm-3.6.0.jar, md5=26370180ff99a7e8a12dcaac2a70cc6e), JarFileInfo(uniqueName=r8-8.4.21.jar, url=https://jugg.sickworm.com/download_hot_update?version=3.0.35-release&fileKey=r8-8.4.21.jar, md5=4c0eab3750756708f6a9da1d703a9046), JarFileInfo(uniqueName=juniversalchardet-1.0.3.jar, url=https://jugg.sickworm.com/download_hot_update?version=3.0.35-release&fileKey=juniversalchardet-1.0.3.jar, md5=d9ea0a9a275336c175b343f2e4cd8f27), JarFileInfo(uniqueName=dex-reader-2.1.jar, url=https://jugg.sickworm.com/download_hot_update?version=3.0.35-release&fileKey=dex-reader-2.1.jar, md5=0707784d37773cc37070fa7a672b979a), JarFileInfo(uniqueName=arscblamer-1.2.0.jar, url=https://jugg.sickworm.com/download_hot_update?version=3.0.35-release&fileKey=arscblamer-1.2.0.jar, md5=c35033307f3c63655c46c453ccd187c8), JarFileInfo(uniqueName=v_quail-786a1a6f2.jar, url=https://jugg.sickworm.com/download_hot_update?version=3.0.35-release&fileKey=v_quail-786a1a6f2.jar, md5=63f906d7c18cb808b56ee15b21550c4e), JarFileInfo(uniqueName=annotations-31.7.3.jar, url=https://jugg.sickworm.com/download_hot_update?version=3.0.35-release&fileKey=annotations-31.7.3.jar, md5=7be23e27227539b36c14255f6e90d537), JarFileInfo(uniqueName=v_panda-0bd665c7d.jar, url=https://jugg.sickworm.com/download_hot_update?version=3.0.35-release&fileKey=v_panda-0bd665c7d.jar, md5=74d91a4040f938089b01437b29867cd9), JarFileInfo(uniqueName=stax-ex-1.8.1.jar, url=https://jugg.sickworm.com/download_hot_update?version=3.0.35-release&fileKey=stax-ex-1.8.1.jar, md5=8fea4418fa80e957e39c174cec08053c), JarFileInfo(uniqueName=okhttp-4.12.0.jar, url=https://jugg.sickworm.com/download_hot_update?version=3.0.35-release&fileKey=okhttp-4.12.0.jar, md5=6acba053af88fed87e710c6c29911d7c), JarFileInfo(uniqueName=dex-writer-2.1.jar, url=https://jugg.sickworm.com/download_hot_update?version=3.0.35-release&fileKey=dex-writer-2.1.jar, md5=401ec8782c0febd65ecac023d3ab90ad), JarFileInfo(uniqueName=v_iguana-12dc464b5.jar, url=https://jugg.sickworm.com/download_hot_update?version=3.0.35-release&fileKey=v_iguana-12dc464b5.jar, md5=91471d80b5a8aca52dad8764340a65fc), JarFileInfo(uniqueName=kotlin-stdlib-2.2.21.jar, url=https://jugg.sickworm.com/download_hot_update?version=3.0.35-release&fileKey=kotlin-stdlib-2.2.21.jar, md5=493bc156c79fe10064e9f6b605c8297c), JarFileInfo(uniqueName=kotlinx-coroutines-core-jvm-1.6.4.jar, url=https://jugg.sickworm.com/download_hot_update?version=3.0.35-release&fileKey=kotlinx-coroutines-core-jvm-1.6.4.jar, md5=9ba1873872fe1406d39bc40683050c45), JarFileInfo(uniqueName=commons-io-2.13.0.jar, url=https://jugg.sickworm.com/download_hot_update?version=3.0.35-release&fileKey=commons-io-2.13.0.jar, md5=8d000fa8939b71b8894637f0ef6ea28c), JarFileInfo(uniqueName=jugg-repackage-asm-9.8.jar, url=https://jugg.sickworm.com/download_hot_update?version=3.0.35-release&fileKey=jugg-repackage-asm-9.8.jar, md5=83193072c4e696be9de47a8a7a5d4ad1), JarFileInfo(uniqueName=idea-3.0.35-release.jar, url=https://jugg.sickworm.com/download_hot_update?version=3.0.35-release&fileKey=idea-3.0.35-release.jar, md5=37fdb17712746aaae3b7e00d4c392569), JarFileInfo(uniqueName=kotlin-android-extensions-1.9.23_modified.jar, url=https://jugg.sickworm.com/download_hot_update?version=3.0.35-release&fileKey=kotlin-android-extensions-1.9.23_modified.jar, md5=e5ef8e367b28103cdb2e497f4bf63545), JarFileInfo(uniqueName=auto-common-0.10.jar, url=https://jugg.sickworm.com/download_hot_update?version=3.0.35-release&fileKey=auto-common-0.10.jar, md5=1d531d399cde06e9ab49b7d84e7603dc), JarFileInfo(uniqueName=kotlin-metadata-jvm-2.2.21.jar, url=https://jugg.sickworm.com/download_hot_update?version=3.0.35-release&fileKey=kotlin-metadata-jvm-2.2.21.jar, md5=8a642fb1eaaaedfc37a11a0754e6802c), JarFileInfo(uniqueName=jsch-0.2.16.jar, url=https://jugg.sickworm.com/download_hot_update?version=3.0.35-release&fileKey=jsch-0.2.16.jar, md5=589aba7ea9cd9d438307c5076997c479), JarFileInfo(uniqueName=v_chipmunk-21061cc13.jar, url=https://jugg.sickworm.com/download_hot_update?version=3.0.35-release&fileKey=v_chipmunk-21061cc13.jar, md5=415de684987d18b0cb7e61effa43f666), JarFileInfo(uniqueName=kotlin-stdlib-jdk8-1.9.23.jar, url=https://jugg.sickworm.com/download_hot_update?version=3.0.35-release&fileKey=kotlin-stdlib-jdk8-1.9.23.jar, md5=c98840426f61010d8212343807f646e8), JarFileInfo(uniqueName=main-3a9e106d9.jar, url=https://jugg.sickworm.com/download_hot_update?version=3.0.35-release&fileKey=main-3a9e106d9.jar, md5=8087bbc77c68ea1d84e88e5fd4246906), JarFileInfo(uniqueName=interface-1d2fe1215.jar, url=https://jugg.sickworm.com/download_hot_update?version=3.0.35-release&fileKey=interface-1d2fe1215.jar, md5=334b52cc7d5ee3c48bbcd6baf84718a0), JarFileInfo(uniqueName=sqlite-jdbc-3.42.0.0-lite.jar, url=https://jugg.sickworm.com/download_hot_update?version=3.0.35-release&fileKey=sqlite-jdbc-3.42.0.0-lite.jar, md5=3a6532c30c1842c5d5bacb8317077719), JarFileInfo(uniqueName=istack-commons-runtime-3.0.8.jar, url=https://jugg.sickworm.com/download_hot_update?version=3.0.35-release&fileKey=istack-commons-runtime-3.0.8.jar, md5=d8555a2f242c55d6727b4d0e82ab8446), JarFileInfo(uniqueName=jetifier-core-1.0.0-beta10.jar, url=https://jugg.sickworm.com/download_hot_update?version=3.0.35-release&fileKey=jetifier-core-1.0.0-beta10.jar, md5=45a718d6bdbf73f9450dec94c2880f6c), JarFileInfo(uniqueName=txw2-2.3.2.jar, url=https://jugg.sickworm.com/download_hot_update?version=3.0.35-release&fileKey=txw2-2.3.2.jar, md5=3f278f148c5d27dc608c25cb7d093b94), JarFileInfo(uniqueName=v_meerkat-6717fd4bd.jar, url=https://jugg.sickworm.com/download_hot_update?version=3.0.35-release&fileKey=v_meerkat-6717fd4bd.jar, md5=9264e92c605fbde63e3dcb881c9b33e4), JarFileInfo(uniqueName=javaparser-core-3.17.0.jar, url=https://jugg.sickworm.com/download_hot_update?version=3.0.35-release&fileKey=javaparser-core-3.17.0.jar, md5=1cdfeabd6f748e469816a447c54f096e), JarFileInfo(uniqueName=v_hedgehog-3f5b2d677.jar, url=https://jugg.sickworm.com/download_hot_update?version=3.0.35-release&fileKey=v_hedgehog-3f5b2d677.jar, md5=1ca40429561290993e4c6770c803804b)], isNeedReinstall=false)
[2026-08-04 06:49:57.108] [FINE   ] [JuggHotUpdateDownloader] downloadHotUpdate isUpdatedThisRuntime=true, just mark it success
[2026-08-04 06:49:57.550] [FINE   ] [JuggHotUpdateDownloader] checkHotUpdate
[2026-08-04 06:49:57.596] [FINE   ] [JuggServer] checkHotUpdate response: [200] {"isNeedUpdate":true,"isNeedReinstall":false,"targetVersion":"3.0.35-release","updateInfo":{"title":"Jugg 已更新至：3.0.35-release","content":"<html><p>更新内容：(2026.07.23)</p><p>1. 修复复合工程存在同名 app 模块时 Application R.jar 丢失，导致增量编译找不到 R 的问题</p><p>2. 隐藏可恢复的 DataBinding 编译失败警告，仅保留调试日志</p><p>3. 修复 Android Studio Quail 单选设备时错误部署到所有已连接设备的问题</p></html>","buttonText":null,"jumpUrl":null,"isSticky":true},"jarFileInfos":[{"uniqueName":"kotlin-daemon-embeddable-1.9.23.jar","url":"https://jugg.sickworm.com/download_hot_update?version=3.0.35-release&fileKey=kotlin-daemon-embeddable-1.9.23.jar","md5":"9b1362b8576bd085058d8be2ae34c316"},{"uniqueName":"trove4j-1.0.20200330.jar","url":"https://jugg.sickworm.com/download_hot_update?version=3.0.35-release&fileKey=trove4j-1.0.20200330.jar","md5":"bb75697e375d588a9d3f8f2653b30f77"},{"uniqueName":"v_narwhal-12dc464b5.jar","url":"https://jugg.sickworm.com/download_hot_update?version=3.0.35-release&fileKey=v_narwhal-12dc464b5.jar","md5":"1c87efc67da528bb93b3ecf026320a7e"},{"uniqueName":"kotlin-reflect-1.9.23.jar","url":"https://jugg.sickworm.com/download_hot_update?version=3.0.35-release&fileKey=kotlin-reflect-1.9.23.jar","md5":"08f576baf497678c7a08b5cd14bc707a"},{"uniqueName":"databinding-compiler-common-8.7.3.jar","url":"https://jugg.sickworm.com/download_hot_update?version=3.0.35-release&fileKey=databinding-compiler-common-8.7.3.jar","md5":"eab0027e90ef13434c8d7e23e68cc3bb"},{"uniqueName":"JavaEWAH-1.2.3.jar","url":"https://jugg.sickworm.com/download_hot_update?version=3.0.35-release&fileKey=JavaEWAH-1.2.3.jar","md5":"8fdeda28c1fb10e67b3d79f86bef5e61"},{"uniqueName":"kotlinx-metadata-jvm-0.9.0.jar","url":"https://jugg.sickworm.com/download_hot_update?version=3.0.35-release&fileKey=kotlinx-metadata-jvm-0.9.0.jar","md5":"b339ca5ef7c29e18529bf487a0fb9f4d"},{"uniqueName":"v_narwhal_feature-12dc464b5.jar","url":"https://jugg.sickworm.com/download_hot_update?version=3.0.35-release&fileKey=v_narwhal_feature-12dc464b5.jar","md5":"21d5b536f6e1da6fd7722986d8cec17f"},{"uniqueName":"kotlin-script-runtime-1.9.23.jar","url":"https://jugg.sickworm.com/download_hot_update?version=3.0.35-release&fileKey=kotlin-script-runtime-1.9.23.jar","md5":"c741a84781d9661f79b3ad7b3cac63d5"},{"uniqueName":"FastInfoset-1.2.16.jar","url":"https://jugg.sickworm.com/download_hot_update?version=3.0.35-release&fileKey=FastInfoset-1.2.16.jar","md5":"f7f4be4695e2501a6d585beca305c74c"},{"uniqueName":"kotlin-stdlib-jdk7-1.9.23.jar","url":"https://jugg.sickworm.com/download_hot_update?version=3.0.35-release&fileKey=kotlin-stdlib-jdk7-1.9.23.jar","md5":"3818d01fbd742c4ef31bdccaa1825524"},{"uniqueName":"jakarta.xml.bind-api-2.3.2.jar","url":"https://jugg.sickworm.com/download_hot_update?version=3.0.35-release&fileKey=jakarta.xml.bind-api-2.3.2.jar","md5":"dabb40ba58199304c640b7bd8bb2fbac"},{"uniqueName":"gson-2.10.1.jar","url":"https://jugg.sickworm.com/download_hot_update?version=3.0.35-release&fileKey=gson-2.10.1.jar","md5":"df6097815738cb31fc56391553210843"},{"uniqueName":"databinding-compiler-8.7.3.jar","url":"https://jugg.sickworm.com/download_hot_update?version=3.0.35-release&fileKey=databinding-compiler-8.7.3.jar","md5":"20c1d22a79fcfed926a47493708c1c02"},{"uniqueName":"javapoet-1.10.0.jar","url":"https://jugg.sickworm.com/download_hot_update?version=3.0.35-release&fileKey=javapoet-1.10.0.jar","md5":"58f542814fa3501790a57c212f20dafe"},{"uniqueName":"v_otter-0bd665c7d.jar","url":"https://jugg.sickworm.com/download_hot_update?version=3.0.35-release&fileKey=v_otter-0bd665c7d.jar","md5":"c6c18314450bcb3a8966af031dbfbbca"},{"uniqueName":"annotations-13.0.jar","url":"https://jugg.sickworm.com/download_hot_update?version=3.0.35-release&fileKey=annotations-13.0.jar","md5":"f4fb462172517b46b6cd90003508515a"},{"uniqueName":"aapt2-inclink-ae75b9235.jar","url":"https://jugg.sickworm.com/download_hot_update?version=3.0.35-release&fileKey=aapt2-inclink-ae75b9235.jar","md5":"5a950f00b73be8231db08ce156bd084e"},{"uniqueName":"classgraph-4.8.110.jar","url":"https://jugg.sickworm.com/download_hot_update?version=3.0.35-release&fileKey=classgraph-4.8.110.jar","md5":"8a9143146fb4e5089159a8eba84c34ee"},{"uniqueName":"v_giraffe-21061cc13.jar","url":"https://jugg.sickworm.com/download_hot_update?version=3.0.35-release&fileKey=v_giraffe-21061cc13.jar","md5":"7ac4f7c12576f6f3498e48558a3c6d26"},{"uniqueName":"jugg-repackage-asm-tree-9.8.jar","url":"https://jugg.sickworm.com/download_hot_update?version=3.0.35-release&fileKey=jugg-repackage-asm-tree-9.8.jar","md5":"f9e2cd9467098c52d353736c12407e70"},{"uniqueName":"jugg-repackage-asm-commons-9.8.jar","url":"https://jugg.sickworm.com/download_hot_update?version=3.0.35-release&fileKey=jugg-repackage-asm-commons-9.8.jar","md5":"669e4797e611944b7ee7e05be66668a3"},{"uniqueName":"commons-codec-1.16.0.jar","url":"https://jugg.sickworm.com/download_hot_update?version=3.0.35-release&fileKey=commons-codec-1.16.0.jar","md5":"6e26920fa7228891980890cce06b718c"},{"uniqueName":"baseLibrary-8.7.3.jar","url":"https://jugg.sickworm.com/download_hot_update?version=3.0.35-release&fileKey=baseLibrary-8.7.3.jar","md5":"d4fb415454f1c7211401c41c9be31e05"},{"uniqueName":"databinding-common-8.7.3.jar","url":"https://jugg.sickworm.com/download_hot_update?version=3.0.35-release&fileKey=databinding-common-8.7.3.jar","md5":"53eabd81209a65d44483e3f3460cda42"},{"uniqueName":"org.eclipse.jgit-6.8.0.202311291450-r.jar","url":"https://jugg.sickworm.com/download_hot_update?version=3.0.35-release&fileKey=org.eclipse.jgit-6.8.0.202311291450-r.jar","md5":"7b4362927e7a0f004ce94fd589dfb0ce"},{"uniqueName":"jakarta.activation-api-1.2.1.jar","url":"https://jugg.sickworm.com/download_hot_update?version=3.0.35-release&fileKey=jakarta.activation-api-1.2.1.jar","md5":"9b647398add993324d3d9e5effa6005a"},{"uniqueName":"dex-reader-api-2.1.jar","url":"https://jugg.sickworm.com/download_hot_update?version=3.0.35-release&fileKey=dex-reader-api-2.1.jar","md5":"5127ff8b033d6abe773d1b45d6ad7098"},{"uniqueName":"jaxb-runtime-2.3.2.jar","url":"https://jugg.sickworm.com/download_hot_update?version=3.0.35-release&fileKey=jaxb-runtime-2.3.2.jar","md5":"9c3bf13a58e56c1b955bf5a365ca10b2"},{"uniqueName":"kotlin-compiler-embeddable-1.9.23.jar","url":"https://jugg.sickworm.com/download_hot_update?version=3.0.35-release&fileKey=kotlin-compiler-embeddable-1.9.23.jar","md5":"197302b41a67b9e516873683cf3925b8"},{"uniqueName":"okio-jvm-3.6.0.jar","url":"https://jugg.sickworm.com/download_hot_update?version=3.0.35-release&fileKey=okio-jvm-3.6.0.jar","md5":"26370180ff99a7e8a12dcaac2a70cc6e"},{"uniqueName":"r8-8.4.21.jar","url":"https://jugg.sickworm.com/download_hot_update?version=3.0.35-release&fileKey=r8-8.4.21.jar","md5":"4c0eab3750756708f6a9da1d703a9046"},{"uniqueName":"juniversalchardet-1.0.3.jar","url":"https://jugg.sickworm.com/download_hot_update?version=3.0.35-release&fileKey=juniversalchardet-1.0.3.jar","md5":"d9ea0a9a275336c175b343f2e4cd8f27"},{"uniqueName":"dex-reader-2.1.jar","url":"https://jugg.sickworm.com/download_hot_update?version=3.0.35-release&fileKey=dex-reader-2.1.jar","md5":"0707784d37773cc37070fa7a672b979a"},{"uniqueName":"arscblamer-1.2.0.jar","url":"https://jugg.sickworm.com/download_hot_update?version=3.0.35-release&fileKey=arscblamer-1.2.0.jar","md5":"c35033307f3c63655c46c453ccd187c8"},{"uniqueName":"v_quail-786a1a6f2.jar","url":"https://jugg.sickworm.com/download_hot_update?version=3.0.35-release&fileKey=v_quail-786a1a6f2.jar","md5":"63f906d7c18cb808b56ee15b21550c4e"},{"uniqueName":"annotations-31.7.3.jar","url":"https://jugg.sickworm.com/download_hot_update?version=3.0.35-release&fileKey=annotations-31.7.3.jar","md5":"7be23e27227539b36c14255f6e90d537"},{"uniqueName":"v_panda-0bd665c7d.jar","url":"https://jugg.sickworm.com/download_hot_update?version=3.0.35-release&fileKey=v_panda-0bd665c7d.jar","md5":"74d91a4040f938089b01437b29867cd9"},{"uniqueName":"stax-ex-1.8.1.jar","url":"https://jugg.sickworm.com/download_hot_update?version=3.0.35-release&fileKey=stax-ex-1.8.1.jar","md5":"8fea4418fa80e957e39c174cec08053c"},{"uniqueName":"okhttp-4.12.0.jar","url":"https://jugg.sickworm.com/download_hot_update?version=3.0.35-release&fileKey=okhttp-4.12.0.jar","md5":"6acba053af88fed87e710c6c29911d7c"},{"uniqueName":"dex-writer-2.1.jar","url":"https://jugg.sickworm.com/download_hot_update?version=3.0.35-release&fileKey=dex-writer-2.1.jar","md5":"401ec8782c0febd65ecac023d3ab90ad"},{"uniqueName":"v_iguana-12dc464b5.jar","url":"https://jugg.sickworm.com/download_hot_update?version=3.0.35-release&fileKey=v_iguana-12dc464b5.jar","md5":"91471d80b5a8aca52dad8764340a65fc"},{"uniqueName":"kotlin-stdlib-2.2.21.jar","url":"https://jugg.sickworm.com/download_hot_update?version=3.0.35-release&fileKey=kotlin-stdlib-2.2.21.jar","md5":"493bc156c79fe10064e9f6b605c8297c"},{"uniqueName":"kotlinx-coroutines-core-jvm-1.6.4.jar","url":"https://jugg.sickworm.com/download_hot_update?version=3.0.35-release&fileKey=kotlinx-coroutines-core-jvm-1.6.4.jar","md5":"9ba1873872fe1406d39bc40683050c45"},{"uniqueName":"commons-io-2.13.0.jar","url":"https://jugg.sickworm.com/download_hot_update?version=3.0.35-release&fileKey=commons-io-2.13.0.jar","md5":"8d000fa8939b71b8894637f0ef6ea28c"},{"uniqueName":"jugg-repackage-asm-9.8.jar","url":"https://jugg.sickworm.com/download_hot_update?version=3.0.35-release&fileKey=jugg-repackage-asm-9.8.jar","md5":"83193072c4e696be9de47a8a7a5d4ad1"},{"uniqueName":"idea-3.0.35-release.jar","url":"https://jugg.sickworm.com/download_hot_update?version=3.0.35-release&fileKey=idea-3.0.35-release.jar","md5":"37fdb17712746aaae3b7e00d4c392569"},{"uniqueName":"kotlin-android-extensions-1.9.23_modified.jar","url":"https://jugg.sickworm.com/download_hot_update?version=3.0.35-release&fileKey=kotlin-android-extensions-1.9.23_modified.jar","md5":"e5ef8e367b28103cdb2e497f4bf63545"},{"uniqueName":"auto-common-0.10.jar","url":"https://jugg.sickworm.com/download_hot_update?version=3.0.35-release&fileKey=auto-common-0.10.jar","md5":"1d531d399cde06e9ab49b7d84e7603dc"},{"uniqueName":"kotlin-metadata-jvm-2.2.21.jar","url":"https://jugg.sickworm.com/download_hot_update?version=3.0.35-release&fileKey=kotlin-metadata-jvm-2.2.21.jar","md5":"8a642fb1eaaaedfc37a11a0754e6802c"},{"uniqueName":"jsch-0.2.16.jar","url":"https://jugg.sickworm.com/download_hot_update?version=3.0.35-release&fileKey=jsch-0.2.16.jar","md5":"589aba7ea9cd9d438307c5076997c479"},{"uniqueName":"v_chipmunk-21061cc13.jar","url":"https://jugg.sickworm.com/download_hot_update?version=3.0.35-release&fileKey=v_chipmunk-21061cc13.jar","md5":"415de684987d18b0cb7e61effa43f666"},{"uniqueName":"kotlin-stdlib-jdk8-1.9.23.jar","url":"https://jugg.sickworm.com/download_hot_update?version=3.0.35-release&fileKey=kotlin-stdlib-jdk8-1.9.23.jar","md5":"c98840426f61010d8212343807f646e8"},{"uniqueName":"main-3a9e106d9.jar","url":"https://jugg.sickworm.com/download_hot_update?version=3.0.35-release&fileKey=main-3a9e106d9.jar","md5":"8087bbc77c68ea1d84e88e5fd4246906"},{"uniqueName":"interface-1d2fe1215.jar","url":"https://jugg.sickworm.com/download_hot_update?version=3.0.35-release&fileKey=interface-1d2fe1215.jar","md5":"334b52cc7d5ee3c48bbcd6baf84718a0"},{"uniqueName":"sqlite-jdbc-3.42.0.0-lite.jar","url":"https://jugg.sickworm.com/download_hot_update?version=3.0.35-release&fileKey=sqlite-jdbc-3.42.0.0-lite.jar","md5":"3a6532c30c1842c5d5bacb8317077719"},{"uniqueName":"istack-commons-runtime-3.0.8.jar","url":"https://jugg.sickworm.com/download_hot_update?version=3.0.35-release&fileKey=istack-commons-runtime-3.0.8.jar","md5":"d8555a2f242c55d6727b4d0e82ab8446"},{"uniqueName":"jetifier-core-1.0.0-beta10.jar","url":"https://jugg.sickworm.com/download_hot_update?version=3.0.35-release&fileKey=jetifier-core-1.0.0-beta10.jar","md5":"45a718d6bdbf73f9450dec94c2880f6c"},{"uniqueName":"txw2-2.3.2.jar","url":"https://jugg.sickworm.com/download_hot_update?version=3.0.35-release&fileKey=txw2-2.3.2.jar","md5":"3f278f148c5d27dc608c25cb7d093b94"},{"uniqueName":"v_meerkat-6717fd4bd.jar","url":"https://jugg.sickworm.com/download_hot_update?version=3.0.35-release&fileKey=v_meerkat-6717fd4bd.jar","md5":"9264e92c605fbde63e3dcb881c9b33e4"},{"uniqueName":"javaparser-core-3.17.0.jar","url":"https://jugg.sickworm.com/download_hot_update?version=3.0.35-release&fileKey=javaparser-core-3.17.0.jar","md5":"1cdfeabd6f748e469816a447c54f096e"},{"uniqueName":"v_hedgehog-3f5b2d677.jar","url":"https://jugg.sickworm.com/download_hot_update?version=3.0.35-release&fileKey=v_hedgehog-3f5b2d677.jar","md5":"1ca40429561290993e4c6770c803804b"}]}
[2026-08-04 06:49:57.599] [FINE   ] [JuggHotUpdateDownloader] checkHotUpdate: HotUpdateData(isNeedUpdate=true, targetVersion=3.0.35-release, updateInfo=NotificationData(title=Jugg 已更新至：3.0.35-release, content=<html><p>更新内容：(2026.07.23)</p><p>1. 修复复合工程存在同名 app 模块时 Application R.jar 丢失，导致增量编译找不到 R 的问题</p><p>2. 隐藏可恢复的 DataBinding 编译失败警告，仅保留调试日志</p><p>3. 修复 Android Studio Quail 单选设备时错误部署到所有已连接设备的问题</p></html>, buttonText=null, jumpUrl=null, isSticky=true), jarFileInfos=[JarFileInfo(uniqueName=kotlin-daemon-embeddable-1.9.23.jar, url=https://jugg.sickworm.com/download_hot_update?version=3.0.35-release&fileKey=kotlin-daemon-embeddable-1.9.23.jar, md5=9b1362b8576bd085058d8be2ae34c316), JarFileInfo(uniqueName=trove4j-1.0.20200330.jar, url=https://jugg.sickworm.com/download_hot_update?version=3.0.35-release&fileKey=trove4j-1.0.20200330.jar, md5=bb75697e375d588a9d3f8f2653b30f77), JarFileInfo(uniqueName=v_narwhal-12dc464b5.jar, url=https://jugg.sickworm.com/download_hot_update?version=3.0.35-release&fileKey=v_narwhal-12dc464b5.jar, md5=1c87efc67da528bb93b3ecf026320a7e), JarFileInfo(uniqueName=kotlin-reflect-1.9.23.jar, url=https://jugg.sickworm.com/download_hot_update?version=3.0.35-release&fileKey=kotlin-reflect-1.9.23.jar, md5=08f576baf497678c7a08b5cd14bc707a), JarFileInfo(uniqueName=databinding-compiler-common-8.7.3.jar, url=https://jugg.sickworm.com/download_hot_update?version=3.0.35-release&fileKey=databinding-compiler-common-8.7.3.jar, md5=eab0027e90ef13434c8d7e23e68cc3bb), JarFileInfo(uniqueName=JavaEWAH-1.2.3.jar, url=https://jugg.sickworm.com/download_hot_update?version=3.0.35-release&fileKey=JavaEWAH-1.2.3.jar, md5=8fdeda28c1fb10e67b3d79f86bef5e61), JarFileInfo(uniqueName=kotlinx-metadata-jvm-0.9.0.jar, url=https://jugg.sickworm.com/download_hot_update?version=3.0.35-release&fileKey=kotlinx-metadata-jvm-0.9.0.jar, md5=b339ca5ef7c29e18529bf487a0fb9f4d), JarFileInfo(uniqueName=v_narwhal_feature-12dc464b5.jar, url=https://jugg.sickworm.com/download_hot_update?version=3.0.35-release&fileKey=v_narwhal_feature-12dc464b5.jar, md5=21d5b536f6e1da6fd7722986d8cec17f), JarFileInfo(uniqueName=kotlin-script-runtime-1.9.23.jar, url=https://jugg.sickworm.com/download_hot_update?version=3.0.35-release&fileKey=kotlin-script-runtime-1.9.23.jar, md5=c741a84781d9661f79b3ad7b3cac63d5), JarFileInfo(uniqueName=FastInfoset-1.2.16.jar, url=https://jugg.sickworm.com/download_hot_update?version=3.0.35-release&fileKey=FastInfoset-1.2.16.jar, md5=f7f4be4695e2501a6d585beca305c74c), JarFileInfo(uniqueName=kotlin-stdlib-jdk7-1.9.23.jar, url=https://jugg.sickworm.com/download_hot_update?version=3.0.35-release&fileKey=kotlin-stdlib-jdk7-1.9.23.jar, md5=3818d01fbd742c4ef31bdccaa1825524), JarFileInfo(uniqueName=jakarta.xml.bind-api-2.3.2.jar, url=https://jugg.sickworm.com/download_hot_update?version=3.0.35-release&fileKey=jakarta.xml.bind-api-2.3.2.jar, md5=dabb40ba58199304c640b7bd8bb2fbac), JarFileInfo(uniqueName=gson-2.10.1.jar, url=https://jugg.sickworm.com/download_hot_update?version=3.0.35-release&fileKey=gson-2.10.1.jar, md5=df6097815738cb31fc56391553210843), JarFileInfo(uniqueName=databinding-compiler-8.7.3.jar, url=https://jugg.sickworm.com/download_hot_update?version=3.0.35-release&fileKey=databinding-compiler-8.7.3.jar, md5=20c1d22a79fcfed926a47493708c1c02), JarFileInfo(uniqueName=javapoet-1.10.0.jar, url=https://jugg.sickworm.com/download_hot_update?version=3.0.35-release&fileKey=javapoet-1.10.0.jar, md5=58f542814fa3501790a57c212f20dafe), JarFileInfo(uniqueName=v_otter-0bd665c7d.jar, url=https://jugg.sickworm.com/download_hot_update?version=3.0.35-release&fileKey=v_otter-0bd665c7d.jar, md5=c6c18314450bcb3a8966af031dbfbbca), JarFileInfo(uniqueName=annotations-13.0.jar, url=https://jugg.sickworm.com/download_hot_update?version=3.0.35-release&fileKey=annotations-13.0.jar, md5=f4fb462172517b46b6cd90003508515a), JarFileInfo(uniqueName=aapt2-inclink-ae75b9235.jar, url=https://jugg.sickworm.com/download_hot_update?version=3.0.35-release&fileKey=aapt2-inclink-ae75b9235.jar, md5=5a950f00b73be8231db08ce156bd084e), JarFileInfo(uniqueName=classgraph-4.8.110.jar, url=https://jugg.sickworm.com/download_hot_update?version=3.0.35-release&fileKey=classgraph-4.8.110.jar, md5=8a9143146fb4e5089159a8eba84c34ee), JarFileInfo(uniqueName=v_giraffe-21061cc13.jar, url=https://jugg.sickworm.com/download_hot_update?version=3.0.35-release&fileKey=v_giraffe-21061cc13.jar, md5=7ac4f7c12576f6f3498e48558a3c6d26), JarFileInfo(uniqueName=jugg-repackage-asm-tree-9.8.jar, url=https://jugg.sickworm.com/download_hot_update?version=3.0.35-release&fileKey=jugg-repackage-asm-tree-9.8.jar, md5=f9e2cd9467098c52d353736c12407e70), JarFileInfo(uniqueName=jugg-repackage-asm-commons-9.8.jar, url=https://jugg.sickworm.com/download_hot_update?version=3.0.35-release&fileKey=jugg-repackage-asm-commons-9.8.jar, md5=669e4797e611944b7ee7e05be66668a3), JarFileInfo(uniqueName=commons-codec-1.16.0.jar, url=https://jugg.sickworm.com/download_hot_update?version=3.0.35-release&fileKey=commons-codec-1.16.0.jar, md5=6e26920fa7228891980890cce06b718c), JarFileInfo(uniqueName=baseLibrary-8.7.3.jar, url=https://jugg.sickworm.com/download_hot_update?version=3.0.35-release&fileKey=baseLibrary-8.7.3.jar, md5=d4fb415454f1c7211401c41c9be31e05), JarFileInfo(uniqueName=databinding-common-8.7.3.jar, url=https://jugg.sickworm.com/download_hot_update?version=3.0.35-release&fileKey=databinding-common-8.7.3.jar, md5=53eabd81209a65d44483e3f3460cda42), JarFileInfo(uniqueName=org.eclipse.jgit-6.8.0.202311291450-r.jar, url=https://jugg.sickworm.com/download_hot_update?version=3.0.35-release&fileKey=org.eclipse.jgit-6.8.0.202311291450-r.jar, md5=7b4362927e7a0f004ce94fd589dfb0ce), JarFileInfo(uniqueName=jakarta.activation-api-1.2.1.jar, url=https://jugg.sickworm.com/download_hot_update?version=3.0.35-release&fileKey=jakarta.activation-api-1.2.1.jar, md5=9b647398add993324d3d9e5effa6005a), JarFileInfo(uniqueName=dex-reader-api-2.1.jar, url=https://jugg.sickworm.com/download_hot_update?version=3.0.35-release&fileKey=dex-reader-api-2.1.jar, md5=5127ff8b033d6abe773d1b45d6ad7098), JarFileInfo(uniqueName=jaxb-runtime-2.3.2.jar, url=https://jugg.sickworm.com/download_hot_update?version=3.0.35-release&fileKey=jaxb-runtime-2.3.2.jar, md5=9c3bf13a58e56c1b955bf5a365ca10b2), JarFileInfo(uniqueName=kotlin-compiler-embeddable-1.9.23.jar, url=https://jugg.sickworm.com/download_hot_update?version=3.0.35-release&fileKey=kotlin-compiler-embeddable-1.9.23.jar, md5=197302b41a67b9e516873683cf3925b8), JarFileInfo(uniqueName=okio-jvm-3.6.0.jar, url=https://jugg.sickworm.com/download_hot_update?version=3.0.35-release&fileKey=okio-jvm-3.6.0.jar, md5=26370180ff99a7e8a12dcaac2a70cc6e), JarFileInfo(uniqueName=r8-8.4.21.jar, url=https://jugg.sickworm.com/download_hot_update?version=3.0.35-release&fileKey=r8-8.4.21.jar, md5=4c0eab3750756708f6a9da1d703a9046), JarFileInfo(uniqueName=juniversalchardet-1.0.3.jar, url=https://jugg.sickworm.com/download_hot_update?version=3.0.35-release&fileKey=juniversalchardet-1.0.3.jar, md5=d9ea0a9a275336c175b343f2e4cd8f27), JarFileInfo(uniqueName=dex-reader-2.1.jar, url=https://jugg.sickworm.com/download_hot_update?version=3.0.35-release&fileKey=dex-reader-2.1.jar, md5=0707784d37773cc37070fa7a672b979a), JarFileInfo(uniqueName=arscblamer-1.2.0.jar, url=https://jugg.sickworm.com/download_hot_update?version=3.0.35-release&fileKey=arscblamer-1.2.0.jar, md5=c35033307f3c63655c46c453ccd187c8), JarFileInfo(uniqueName=v_quail-786a1a6f2.jar, url=https://jugg.sickworm.com/download_hot_update?version=3.0.35-release&fileKey=v_quail-786a1a6f2.jar, md5=63f906d7c18cb808b56ee15b21550c4e), JarFileInfo(uniqueName=annotations-31.7.3.jar, url=https://jugg.sickworm.com/download_hot_update?version=3.0.35-release&fileKey=annotations-31.7.3.jar, md5=7be23e27227539b36c14255f6e90d537), JarFileInfo(uniqueName=v_panda-0bd665c7d.jar, url=https://jugg.sickworm.com/download_hot_update?version=3.0.35-release&fileKey=v_panda-0bd665c7d.jar, md5=74d91a4040f938089b01437b29867cd9), JarFileInfo(uniqueName=stax-ex-1.8.1.jar, url=https://jugg.sickworm.com/download_hot_update?version=3.0.35-release&fileKey=stax-ex-1.8.1.jar, md5=8fea4418fa80e957e39c174cec08053c), JarFileInfo(uniqueName=okhttp-4.12.0.jar, url=https://jugg.sickworm.com/download_hot_update?version=3.0.35-release&fileKey=okhttp-4.12.0.jar, md5=6acba053af88fed87e710c6c29911d7c), JarFileInfo(uniqueName=dex-writer-2.1.jar, url=https://jugg.sickworm.com/download_hot_update?version=3.0.35-release&fileKey=dex-writer-2.1.jar, md5=401ec8782c0febd65ecac023d3ab90ad), JarFileInfo(uniqueName=v_iguana-12dc464b5.jar, url=https://jugg.sickworm.com/download_hot_update?version=3.0.35-release&fileKey=v_iguana-12dc464b5.jar, md5=91471d80b5a8aca52dad8764340a65fc), JarFileInfo(uniqueName=kotlin-stdlib-2.2.21.jar, url=https://jugg.sickworm.com/download_hot_update?version=3.0.35-release&fileKey=kotlin-stdlib-2.2.21.jar, md5=493bc156c79fe10064e9f6b605c8297c), JarFileInfo(uniqueName=kotlinx-coroutines-core-jvm-1.6.4.jar, url=https://jugg.sickworm.com/download_hot_update?version=3.0.35-release&fileKey=kotlinx-coroutines-core-jvm-1.6.4.jar, md5=9ba1873872fe1406d39bc40683050c45), JarFileInfo(uniqueName=commons-io-2.13.0.jar, url=https://jugg.sickworm.com/download_hot_update?version=3.0.35-release&fileKey=commons-io-2.13.0.jar, md5=8d000fa8939b71b8894637f0ef6ea28c), JarFileInfo(uniqueName=jugg-repackage-asm-9.8.jar, url=https://jugg.sickworm.com/download_hot_update?version=3.0.35-release&fileKey=jugg-repackage-asm-9.8.jar, md5=83193072c4e696be9de47a8a7a5d4ad1), JarFileInfo(uniqueName=idea-3.0.35-release.jar, url=https://jugg.sickworm.com/download_hot_update?version=3.0.35-release&fileKey=idea-3.0.35-release.jar, md5=37fdb17712746aaae3b7e00d4c392569), JarFileInfo(uniqueName=kotlin-android-extensions-1.9.23_modified.jar, url=https://jugg.sickworm.com/download_hot_update?version=3.0.35-release&fileKey=kotlin-android-extensions-1.9.23_modified.jar, md5=e5ef8e367b28103cdb2e497f4bf63545), JarFileInfo(uniqueName=auto-common-0.10.jar, url=https://jugg.sickworm.com/download_hot_update?version=3.0.35-release&fileKey=auto-common-0.10.jar, md5=1d531d399cde06e9ab49b7d84e7603dc), JarFileInfo(uniqueName=kotlin-metadata-jvm-2.2.21.jar, url=https://jugg.sickworm.com/download_hot_update?version=3.0.35-release&fileKey=kotlin-metadata-jvm-2.2.21.jar, md5=8a642fb1eaaaedfc37a11a0754e6802c), JarFileInfo(uniqueName=jsch-0.2.16.jar, url=https://jugg.sickworm.com/download_hot_update?version=3.0.35-release&fileKey=jsch-0.2.16.jar, md5=589aba7ea9cd9d438307c5076997c479), JarFileInfo(uniqueName=v_chipmunk-21061cc13.jar, url=https://jugg.sickworm.com/download_hot_update?version=3.0.35-release&fileKey=v_chipmunk-21061cc13.jar, md5=415de684987d18b0cb7e61effa43f666), JarFileInfo(uniqueName=kotlin-stdlib-jdk8-1.9.23.jar, url=https://jugg.sickworm.com/download_hot_update?version=3.0.35-release&fileKey=kotlin-stdlib-jdk8-1.9.23.jar, md5=c98840426f61010d8212343807f646e8), JarFileInfo(uniqueName=main-3a9e106d9.jar, url=https://jugg.sickworm.com/download_hot_update?version=3.0.35-release&fileKey=main-3a9e106d9.jar, md5=8087bbc77c68ea1d84e88e5fd4246906), JarFileInfo(uniqueName=interface-1d2fe1215.jar, url=https://jugg.sickworm.com/download_hot_update?version=3.0.35-release&fileKey=interface-1d2fe1215.jar, md5=334b52cc7d5ee3c48bbcd6baf84718a0), JarFileInfo(uniqueName=sqlite-jdbc-3.42.0.0-lite.jar, url=https://jugg.sickworm.com/download_hot_update?version=3.0.35-release&fileKey=sqlite-jdbc-3.42.0.0-lite.jar, md5=3a6532c30c1842c5d5bacb8317077719), JarFileInfo(uniqueName=istack-commons-runtime-3.0.8.jar, url=https://jugg.sickworm.com/download_hot_update?version=3.0.35-release&fileKey=istack-commons-runtime-3.0.8.jar, md5=d8555a2f242c55d6727b4d0e82ab8446), JarFileInfo(uniqueName=jetifier-core-1.0.0-beta10.jar, url=https://jugg.sickworm.com/download_hot_update?version=3.0.35-release&fileKey=jetifier-core-1.0.0-beta10.jar, md5=45a718d6bdbf73f9450dec94c2880f6c), JarFileInfo(uniqueName=txw2-2.3.2.jar, url=https://jugg.sickworm.com/download_hot_update?version=3.0.35-release&fileKey=txw2-2.3.2.jar, md5=3f278f148c5d27dc608c25cb7d093b94), JarFileInfo(uniqueName=v_meerkat-6717fd4bd.jar, url=https://jugg.sickworm.com/download_hot_update?version=3.0.35-release&fileKey=v_meerkat-6717fd4bd.jar, md5=9264e92c605fbde63e3dcb881c9b33e4), JarFileInfo(uniqueName=javaparser-core-3.17.0.jar, url=https://jugg.sickworm.com/download_hot_update?version=3.0.35-release&fileKey=javaparser-core-3.17.0.jar, md5=1cdfeabd6f748e469816a447c54f096e), JarFileInfo(uniqueName=v_hedgehog-3f5b2d677.jar, url=https://jugg.sickworm.com/download_hot_update?version=3.0.35-release&fileKey=v_hedgehog-3f5b2d677.jar, md5=1ca40429561290993e4c6770c803804b)], isNeedReinstall=false)
[2026-08-04 06:49:57.599] [FINE   ] [JuggHotUpdateDownloader] downloadHotUpdate isUpdatedThisRuntime=true, just mark it success
[2026-08-04 06:49:58.588] [FINE   ] [JuggHotUpdateDownloader] checkHotUpdate: HotUpdateData(isNeedUpdate=true, targetVersion=3.0.35-release, updateInfo=NotificationData(title=Jugg 已更新至：3.0.35-release, content=<html><p>更新内容：(2026.07.23)</p><p>1. 修复复合工程存在同名 app 模块时 Application R.jar 丢失，导致增量编译找不到 R 的问题</p><p>2. 隐藏可恢复的 DataBinding 编译失败警告，仅保留调试日志</p><p>3. 修复 Android Studio Quail 单选设备时错误部署到所有已连接设备的问题</p></html>, buttonText=null, jumpUrl=null, isSticky=true), jarFileInfos=[JarFileInfo(uniqueName=kotlin-daemon-embeddable-1.9.23.jar, url=https://jugg.sickworm.com/download_hot_update?version=3.0.35-release&fileKey=kotlin-daemon-embeddable-1.9.23.jar, md5=9b1362b8576bd085058d8be2ae34c316), JarFileInfo(uniqueName=trove4j-1.0.20200330.jar, url=https://jugg.sickworm.com/download_hot_update?version=3.0.35-release&fileKey=trove4j-1.0.20200330.jar, md5=bb75697e375d588a9d3f8f2653b30f77), JarFileInfo(uniqueName=v_narwhal-12dc464b5.jar, url=https://jugg.sickworm.com/download_hot_update?version=3.0.35-release&fileKey=v_narwhal-12dc464b5.jar, md5=1c87efc67da528bb93b3ecf026320a7e), JarFileInfo(uniqueName=kotlin-reflect-1.9.23.jar, url=https://jugg.sickworm.com/download_hot_update?version=3.0.35-release&fileKey=kotlin-reflect-1.9.23.jar, md5=08f576baf497678c7a08b5cd14bc707a), JarFileInfo(uniqueName=databinding-compiler-common-8.7.3.jar, url=https://jugg.sickworm.com/download_hot_update?version=3.0.35-release&fileKey=databinding-compiler-common-8.7.3.jar, md5=eab0027e90ef13434c8d7e23e68cc3bb), JarFileInfo(uniqueName=JavaEWAH-1.2.3.jar, url=https://jugg.sickworm.com/download_hot_update?version=3.0.35-release&fileKey=JavaEWAH-1.2.3.jar, md5=8fdeda28c1fb10e67b3d79f86bef5e61), JarFileInfo(uniqueName=kotlinx-metadata-jvm-0.9.0.jar, url=https://jugg.sickworm.com/download_hot_update?version=3.0.35-release&fileKey=kotlinx-metadata-jvm-0.9.0.jar, md5=b339ca5ef7c29e18529bf487a0fb9f4d), JarFileInfo(uniqueName=v_narwhal_feature-12dc464b5.jar, url=https://jugg.sickworm.com/download_hot_update?version=3.0.35-release&fileKey=v_narwhal_feature-12dc464b5.jar, md5=21d5b536f6e1da6fd7722986d8cec17f), JarFileInfo(uniqueName=kotlin-script-runtime-1.9.23.jar, url=https://jugg.sickworm.com/download_hot_update?version=3.0.35-release&fileKey=kotlin-script-runtime-1.9.23.jar, md5=c741a84781d9661f79b3ad7b3cac63d5), JarFileInfo(uniqueName=FastInfoset-1.2.16.jar, url=https://jugg.sickworm.com/download_hot_update?version=3.0.35-release&fileKey=FastInfoset-1.2.16.jar, md5=f7f4be4695e2501a6d585beca305c74c), JarFileInfo(uniqueName=kotlin-stdlib-jdk7-1.9.23.jar, url=https://jugg.sickworm.com/download_hot_update?version=3.0.35-release&fileKey=kotlin-stdlib-jdk7-1.9.23.jar, md5=3818d01fbd742c4ef31bdccaa1825524), JarFileInfo(uniqueName=jakarta.xml.bind-api-2.3.2.jar, url=https://jugg.sickworm.com/download_hot_update?version=3.0.35-release&fileKey=jakarta.xml.bind-api-2.3.2.jar, md5=dabb40ba58199304c640b7bd8bb2fbac), JarFileInfo(uniqueName=gson-2.10.1.jar, url=https://jugg.sickworm.com/download_hot_update?version=3.0.35-release&fileKey=gson-2.10.1.jar, md5=df6097815738cb31fc56391553210843), JarFileInfo(uniqueName=databinding-compiler-8.7.3.jar, url=https://jugg.sickworm.com/download_hot_update?version=3.0.35-release&fileKey=databinding-compiler-8.7.3.jar, md5=20c1d22a79fcfed926a47493708c1c02), JarFileInfo(uniqueName=javapoet-1.10.0.jar, url=https://jugg.sickworm.com/download_hot_update?version=3.0.35-release&fileKey=javapoet-1.10.0.jar, md5=58f542814fa3501790a57c212f20dafe), JarFileInfo(uniqueName=v_otter-0bd665c7d.jar, url=https://jugg.sickworm.com/download_hot_update?version=3.0.35-release&fileKey=v_otter-0bd665c7d.jar, md5=c6c18314450bcb3a8966af031dbfbbca), JarFileInfo(uniqueName=annotations-13.0.jar, url=https://jugg.sickworm.com/download_hot_update?version=3.0.35-release&fileKey=annotations-13.0.jar, md5=f4fb462172517b46b6cd90003508515a), JarFileInfo(uniqueName=aapt2-inclink-ae75b9235.jar, url=https://jugg.sickworm.com/download_hot_update?version=3.0.35-release&fileKey=aapt2-inclink-ae75b9235.jar, md5=5a950f00b73be8231db08ce156bd084e), JarFileInfo(uniqueName=classgraph-4.8.110.jar, url=https://jugg.sickworm.com/download_hot_update?version=3.0.35-release&fileKey=classgraph-4.8.110.jar, md5=8a9143146fb4e5089159a8eba84c34ee), JarFileInfo(uniqueName=v_giraffe-21061cc13.jar, url=https://jugg.sickworm.com/download_hot_update?version=3.0.35-release&fileKey=v_giraffe-21061cc13.jar, md5=7ac4f7c12576f6f3498e48558a3c6d26), JarFileInfo(uniqueName=jugg-repackage-asm-tree-9.8.jar, url=https://jugg.sickworm.com/download_hot_update?version=3.0.35-release&fileKey=jugg-repackage-asm-tree-9.8.jar, md5=f9e2cd9467098c52d353736c12407e70), JarFileInfo(uniqueName=jugg-repackage-asm-commons-9.8.jar, url=https://jugg.sickworm.com/download_hot_update?version=3.0.35-release&fileKey=jugg-repackage-asm-commons-9.8.jar, md5=669e4797e611944b7ee7e05be66668a3), JarFileInfo(uniqueName=commons-codec-1.16.0.jar, url=https://jugg.sickworm.com/download_hot_update?version=3.0.35-release&fileKey=commons-codec-1.16.0.jar, md5=6e26920fa7228891980890cce06b718c), JarFileInfo(uniqueName=baseLibrary-8.7.3.jar, url=https://jugg.sickworm.com/download_hot_update?version=3.0.35-release&fileKey=baseLibrary-8.7.3.jar, md5=d4fb415454f1c7211401c41c9be31e05), JarFileInfo(uniqueName=databinding-common-8.7.3.jar, url=https://jugg.sickworm.com/download_hot_update?version=3.0.35-release&fileKey=databinding-common-8.7.3.jar, md5=53eabd81209a65d44483e3f3460cda42), JarFileInfo(uniqueName=org.eclipse.jgit-6.8.0.202311291450-r.jar, url=https://jugg.sickworm.com/download_hot_update?version=3.0.35-release&fileKey=org.eclipse.jgit-6.8.0.202311291450-r.jar, md5=7b4362927e7a0f004ce94fd589dfb0ce), JarFileInfo(uniqueName=jakarta.activation-api-1.2.1.jar, url=https://jugg.sickworm.com/download_hot_update?version=3.0.35-release&fileKey=jakarta.activation-api-1.2.1.jar, md5=9b647398add993324d3d9e5effa6005a), JarFileInfo(uniqueName=dex-reader-api-2.1.jar, url=https://jugg.sickworm.com/download_hot_update?version=3.0.35-release&fileKey=dex-reader-api-2.1.jar, md5=5127ff8b033d6abe773d1b45d6ad7098), JarFileInfo(uniqueName=jaxb-runtime-2.3.2.jar, url=https://jugg.sickworm.com/download_hot_update?version=3.0.35-release&fileKey=jaxb-runtime-2.3.2.jar, md5=9c3bf13a58e56c1b955bf5a365ca10b2), JarFileInfo(uniqueName=kotlin-compiler-embeddable-1.9.23.jar, url=https://jugg.sickworm.com/download_hot_update?version=3.0.35-release&fileKey=kotlin-compiler-embeddable-1.9.23.jar, md5=197302b41a67b9e516873683cf3925b8), JarFileInfo(uniqueName=okio-jvm-3.6.0.jar, url=https://jugg.sickworm.com/download_hot_update?version=3.0.35-release&fileKey=okio-jvm-3.6.0.jar, md5=26370180ff99a7e8a12dcaac2a70cc6e), JarFileInfo(uniqueName=r8-8.4.21.jar, url=https://jugg.sickworm.com/download_hot_update?version=3.0.35-release&fileKey=r8-8.4.21.jar, md5=4c0eab3750756708f6a9da1d703a9046), JarFileInfo(uniqueName=juniversalchardet-1.0.3.jar, url=https://jugg.sickworm.com/download_hot_update?version=3.0.35-release&fileKey=juniversalchardet-1.0.3.jar, md5=d9ea0a9a275336c175b343f2e4cd8f27), JarFileInfo(uniqueName=dex-reader-2.1.jar, url=https://jugg.sickworm.com/download_hot_update?version=3.0.35-release&fileKey=dex-reader-2.1.jar, md5=0707784d37773cc37070fa7a672b979a), JarFileInfo(uniqueName=arscblamer-1.2.0.jar, url=https://jugg.sickworm.com/download_hot_update?version=3.0.35-release&fileKey=arscblamer-1.2.0.jar, md5=c35033307f3c63655c46c453ccd187c8), JarFileInfo(uniqueName=v_quail-786a1a6f2.jar, url=https://jugg.sickworm.com/download_hot_update?version=3.0.35-release&fileKey=v_quail-786a1a6f2.jar, md5=63f906d7c18cb808b56ee15b21550c4e), JarFileInfo(uniqueName=annotations-31.7.3.jar, url=https://jugg.sickworm.com/download_hot_update?version=3.0.35-release&fileKey=annotations-31.7.3.jar, md5=7be23e27227539b36c14255f6e90d537), JarFileInfo(uniqueName=v_panda-0bd665c7d.jar, url=https://jugg.sickworm.com/download_hot_update?version=3.0.35-release&fileKey=v_panda-0bd665c7d.jar, md5=74d91a4040f938089b01437b29867cd9), JarFileInfo(uniqueName=stax-ex-1.8.1.jar, url=https://jugg.sickworm.com/download_hot_update?version=3.0.35-release&fileKey=stax-ex-1.8.1.jar, md5=8fea4418fa80e957e39c174cec08053c), JarFileInfo(uniqueName=okhttp-4.12.0.jar, url=https://jugg.sickworm.com/download_hot_update?version=3.0.35-release&fileKey=okhttp-4.12.0.jar, md5=6acba053af88fed87e710c6c29911d7c), JarFileInfo(uniqueName=dex-writer-2.1.jar, url=https://jugg.sickworm.com/download_hot_update?version=3.0.35-release&fileKey=dex-writer-2.1.jar, md5=401ec8782c0febd65ecac023d3ab90ad), JarFileInfo(uniqueName=v_iguana-12dc464b5.jar, url=https://jugg.sickworm.com/download_hot_update?version=3.0.35-release&fileKey=v_iguana-12dc464b5.jar, md5=91471d80b5a8aca52dad8764340a65fc), JarFileInfo(uniqueName=kotlin-stdlib-2.2.21.jar, url=https://jugg.sickworm.com/download_hot_update?version=3.0.35-release&fileKey=kotlin-stdlib-2.2.21.jar, md5=493bc156c79fe10064e9f6b605c8297c), JarFileInfo(uniqueName=kotlinx-coroutines-core-jvm-1.6.4.jar, url=https://jugg.sickworm.com/download_hot_update?version=3.0.35-release&fileKey=kotlinx-coroutines-core-jvm-1.6.4.jar, md5=9ba1873872fe1406d39bc40683050c45), JarFileInfo(uniqueName=commons-io-2.13.0.jar, url=https://jugg.sickworm.com/download_hot_update?version=3.0.35-release&fileKey=commons-io-2.13.0.jar, md5=8d000fa8939b71b8894637f0ef6ea28c), JarFileInfo(uniqueName=jugg-repackage-asm-9.8.jar, url=https://jugg.sickworm.com/download_hot_update?version=3.0.35-release&fileKey=jugg-repackage-asm-9.8.jar, md5=83193072c4e696be9de47a8a7a5d4ad1), JarFileInfo(uniqueName=idea-3.0.35-release.jar, url=https://jugg.sickworm.com/download_hot_update?version=3.0.35-release&fileKey=idea-3.0.35-release.jar, md5=37fdb17712746aaae3b7e00d4c392569), JarFileInfo(uniqueName=kotlin-android-extensions-1.9.23_modified.jar, url=https://jugg.sickworm.com/download_hot_update?version=3.0.35-release&fileKey=kotlin-android-extensions-1.9.23_modified.jar, md5=e5ef8e367b28103cdb2e497f4bf63545), JarFileInfo(uniqueName=auto-common-0.10.jar, url=https://jugg.sickworm.com/download_hot_update?version=3.0.35-release&fileKey=auto-common-0.10.jar, md5=1d531d399cde06e9ab49b7d84e7603dc), JarFileInfo(uniqueName=kotlin-metadata-jvm-2.2.21.jar, url=https://jugg.sickworm.com/download_hot_update?version=3.0.35-release&fileKey=kotlin-metadata-jvm-2.2.21.jar, md5=8a642fb1eaaaedfc37a11a0754e6802c), JarFileInfo(uniqueName=jsch-0.2.16.jar, url=https://jugg.sickworm.com/download_hot_update?version=3.0.35-release&fileKey=jsch-0.2.16.jar, md5=589aba7ea9cd9d438307c5076997c479), JarFileInfo(uniqueName=v_chipmunk-21061cc13.jar, url=https://jugg.sickworm.com/download_hot_update?version=3.0.35-release&fileKey=v_chipmunk-21061cc13.jar, md5=415de684987d18b0cb7e61effa43f666), JarFileInfo(uniqueName=kotlin-stdlib-jdk8-1.9.23.jar, url=https://jugg.sickworm.com/download_hot_update?version=3.0.35-release&fileKey=kotlin-stdlib-jdk8-1.9.23.jar, md5=c98840426f61010d8212343807f646e8), JarFileInfo(uniqueName=main-3a9e106d9.jar, url=https://jugg.sickworm.com/download_hot_update?version=3.0.35-release&fileKey=main-3a9e106d9.jar, md5=8087bbc77c68ea1d84e88e5fd4246906), JarFileInfo(uniqueName=interface-1d2fe1215.jar, url=https://jugg.sickworm.com/download_hot_update?version=3.0.35-release&fileKey=interface-1d2fe1215.jar, md5=334b52cc7d5ee3c48bbcd6baf84718a0), JarFileInfo(uniqueName=sqlite-jdbc-3.42.0.0-lite.jar, url=https://jugg.sickworm.com/download_hot_update?version=3.0.35-release&fileKey=sqlite-jdbc-3.42.0.0-lite.jar, md5=3a6532c30c1842c5d5bacb8317077719), JarFileInfo(uniqueName=istack-commons-runtime-3.0.8.jar, url=https://jugg.sickworm.com/download_hot_update?version=3.0.35-release&fileKey=istack-commons-runtime-3.0.8.jar, md5=d8555a2f242c55d6727b4d0e82ab8446), JarFileInfo(uniqueName=jetifier-core-1.0.0-beta10.jar, url=https://jugg.sickworm.com/download_hot_update?version=3.0.35-release&fileKey=jetifier-core-1.0.0-beta10.jar, md5=45a718d6bdbf73f9450dec94c2880f6c), JarFileInfo(uniqueName=txw2-2.3.2.jar, url=https://jugg.sickworm.com/download_hot_update?version=3.0.35-release&fileKey=txw2-2.3.2.jar, md5=3f278f148c5d27dc608c25cb7d093b94), JarFileInfo(uniqueName=v_meerkat-6717fd4bd.jar, url=https://jugg.sickworm.com/download_hot_update?version=3.0.35-release&fileKey=v_meerkat-6717fd4bd.jar, md5=9264e92c605fbde63e3dcb881c9b33e4), JarFileInfo(uniqueName=javaparser-core-3.17.0.jar, url=https://jugg.sickworm.com/download_hot_update?version=3.0.35-release&fileKey=javaparser-core-3.17.0.jar, md5=1cdfeabd6f748e469816a447c54f096e), JarFileInfo(uniqueName=v_hedgehog-3f5b2d677.jar, url=https://jugg.sickworm.com/download_hot_update?version=3.0.35-release&fileKey=v_hedgehog-3f5b2d677.jar, md5=1ca40429561290993e4c6770c803804b)], isNeedReinstall=false)
[2026-08-04 06:49:58.588] [FINE   ] [JuggHotUpdateDownloader] downloadHotUpdate isUpdatedThisRuntime=true, just mark it success
[2026-08-04 06:50:21.847] [FINE   ] [JuggHotUpdateDownloader] checkHotUpdate: HotUpdateData(isNeedUpdate=true, targetVersion=3.0.35-release, updateInfo=NotificationData(title=Jugg 已更新至：3.0.35-release, content=<html><p>更新内容：(2026.07.23)</p><p>1. 修复复合工程存在同名 app 模块时 Application R.jar 丢失，导致增量编译找不到 R 的问题</p><p>2. 隐藏可恢复的 DataBinding 编译失败警告，仅保留调试日志</p><p>3. 修复 Android Studio Quail 单选设备时错误部署到所有已连接设备的问题</p></html>, buttonText=null, jumpUrl=null, isSticky=true), jarFileInfos=[JarFileInfo(uniqueName=kotlin-daemon-embeddable-1.9.23.jar, url=https://jugg.sickworm.com/download_hot_update?version=3.0.35-release&fileKey=kotlin-daemon-embeddable-1.9.23.jar, md5=9b1362b8576bd085058d8be2ae34c316), JarFileInfo(uniqueName=trove4j-1.0.20200330.jar, url=https://jugg.sickworm.com/download_hot_update?version=3.0.35-release&fileKey=trove4j-1.0.20200330.jar, md5=bb75697e375d588a9d3f8f2653b30f77), JarFileInfo(uniqueName=v_narwhal-12dc464b5.jar, url=https://jugg.sickworm.com/download_hot_update?version=3.0.35-release&fileKey=v_narwhal-12dc464b5.jar, md5=1c87efc67da528bb93b3ecf026320a7e), JarFileInfo(uniqueName=kotlin-reflect-1.9.23.jar, url=https://jugg.sickworm.com/download_hot_update?version=3.0.35-release&fileKey=kotlin-reflect-1.9.23.jar, md5=08f576baf497678c7a08b5cd14bc707a), JarFileInfo(uniqueName=databinding-compiler-common-8.7.3.jar, url=https://jugg.sickworm.com/download_hot_update?version=3.0.35-release&fileKey=databinding-compiler-common-8.7.3.jar, md5=eab0027e90ef13434c8d7e23e68cc3bb), JarFileInfo(uniqueName=JavaEWAH-1.2.3.jar, url=https://jugg.sickworm.com/download_hot_update?version=3.0.35-release&fileKey=JavaEWAH-1.2.3.jar, md5=8fdeda28c1fb10e67b3d79f86bef5e61), JarFileInfo(uniqueName=kotlinx-metadata-jvm-0.9.0.jar, url=https://jugg.sickworm.com/download_hot_update?version=3.0.35-release&fileKey=kotlinx-metadata-jvm-0.9.0.jar, md5=b339ca5ef7c29e18529bf487a0fb9f4d), JarFileInfo(uniqueName=v_narwhal_feature-12dc464b5.jar, url=https://jugg.sickworm.com/download_hot_update?version=3.0.35-release&fileKey=v_narwhal_feature-12dc464b5.jar, md5=21d5b536f6e1da6fd7722986d8cec17f), JarFileInfo(uniqueName=kotlin-script-runtime-1.9.23.jar, url=https://jugg.sickworm.com/download_hot_update?version=3.0.35-release&fileKey=kotlin-script-runtime-1.9.23.jar, md5=c741a84781d9661f79b3ad7b3cac63d5), JarFileInfo(uniqueName=FastInfoset-1.2.16.jar, url=https://jugg.sickworm.com/download_hot_update?version=3.0.35-release&fileKey=FastInfoset-1.2.16.jar, md5=f7f4be4695e2501a6d585beca305c74c), JarFileInfo(uniqueName=kotlin-stdlib-jdk7-1.9.23.jar, url=https://jugg.sickworm.com/download_hot_update?version=3.0.35-release&fileKey=kotlin-stdlib-jdk7-1.9.23.jar, md5=3818d01fbd742c4ef31bdccaa1825524), JarFileInfo(uniqueName=jakarta.xml.bind-api-2.3.2.jar, url=https://jugg.sickworm.com/download_hot_update?version=3.0.35-release&fileKey=jakarta.xml.bind-api-2.3.2.jar, md5=dabb40ba58199304c640b7bd8bb2fbac), JarFileInfo(uniqueName=gson-2.10.1.jar, url=https://jugg.sickworm.com/download_hot_update?version=3.0.35-release&fileKey=gson-2.10.1.jar, md5=df6097815738cb31fc56391553210843), JarFileInfo(uniqueName=databinding-compiler-8.7.3.jar, url=https://jugg.sickworm.com/download_hot_update?version=3.0.35-release&fileKey=databinding-compiler-8.7.3.jar, md5=20c1d22a79fcfed926a47493708c1c02), JarFileInfo(uniqueName=javapoet-1.10.0.jar, url=https://jugg.sickworm.com/download_hot_update?version=3.0.35-release&fileKey=javapoet-1.10.0.jar, md5=58f542814fa3501790a57c212f20dafe), JarFileInfo(uniqueName=v_otter-0bd665c7d.jar, url=https://jugg.sickworm.com/download_hot_update?version=3.0.35-release&fileKey=v_otter-0bd665c7d.jar, md5=c6c18314450bcb3a8966af031dbfbbca), JarFileInfo(uniqueName=annotations-13.0.jar, url=https://jugg.sickworm.com/download_hot_update?version=3.0.35-release&fileKey=annotations-13.0.jar, md5=f4fb462172517b46b6cd90003508515a), JarFileInfo(uniqueName=aapt2-inclink-ae75b9235.jar, url=https://jugg.sickworm.com/download_hot_update?version=3.0.35-release&fileKey=aapt2-inclink-ae75b9235.jar, md5=5a950f00b73be8231db08ce156bd084e), JarFileInfo(uniqueName=classgraph-4.8.110.jar, url=https://jugg.sickworm.com/download_hot_update?version=3.0.35-release&fileKey=classgraph-4.8.110.jar, md5=8a9143146fb4e5089159a8eba84c34ee), JarFileInfo(uniqueName=v_giraffe-21061cc13.jar, url=https://jugg.sickworm.com/download_hot_update?version=3.0.35-release&fileKey=v_giraffe-21061cc13.jar, md5=7ac4f7c12576f6f3498e48558a3c6d26), JarFileInfo(uniqueName=jugg-repackage-asm-tree-9.8.jar, url=https://jugg.sickworm.com/download_hot_update?version=3.0.35-release&fileKey=jugg-repackage-asm-tree-9.8.jar, md5=f9e2cd9467098c52d353736c12407e70), JarFileInfo(uniqueName=jugg-repackage-asm-commons-9.8.jar, url=https://jugg.sickworm.com/download_hot_update?version=3.0.35-release&fileKey=jugg-repackage-asm-commons-9.8.jar, md5=669e4797e611944b7ee7e05be66668a3), JarFileInfo(uniqueName=commons-codec-1.16.0.jar, url=https://jugg.sickworm.com/download_hot_update?version=3.0.35-release&fileKey=commons-codec-1.16.0.jar, md5=6e26920fa7228891980890cce06b718c), JarFileInfo(uniqueName=baseLibrary-8.7.3.jar, url=https://jugg.sickworm.com/download_hot_update?version=3.0.35-release&fileKey=baseLibrary-8.7.3.jar, md5=d4fb415454f1c7211401c41c9be31e05), JarFileInfo(uniqueName=databinding-common-8.7.3.jar, url=https://jugg.sickworm.com/download_hot_update?version=3.0.35-release&fileKey=databinding-common-8.7.3.jar, md5=53eabd81209a65d44483e3f3460cda42), JarFileInfo(uniqueName=org.eclipse.jgit-6.8.0.202311291450-r.jar, url=https://jugg.sickworm.com/download_hot_update?version=3.0.35-release&fileKey=org.eclipse.jgit-6.8.0.202311291450-r.jar, md5=7b4362927e7a0f004ce94fd589dfb0ce), JarFileInfo(uniqueName=jakarta.activation-api-1.2.1.jar, url=https://jugg.sickworm.com/download_hot_update?version=3.0.35-release&fileKey=jakarta.activation-api-1.2.1.jar, md5=9b647398add993324d3d9e5effa6005a), JarFileInfo(uniqueName=dex-reader-api-2.1.jar, url=https://jugg.sickworm.com/download_hot_update?version=3.0.35-release&fileKey=dex-reader-api-2.1.jar, md5=5127ff8b033d6abe773d1b45d6ad7098), JarFileInfo(uniqueName=jaxb-runtime-2.3.2.jar, url=https://jugg.sickworm.com/download_hot_update?version=3.0.35-release&fileKey=jaxb-runtime-2.3.2.jar, md5=9c3bf13a58e56c1b955bf5a365ca10b2), JarFileInfo(uniqueName=kotlin-compiler-embeddable-1.9.23.jar, url=https://jugg.sickworm.com/download_hot_update?version=3.0.35-release&fileKey=kotlin-compiler-embeddable-1.9.23.jar, md5=197302b41a67b9e516873683cf3925b8), JarFileInfo(uniqueName=okio-jvm-3.6.0.jar, url=https://jugg.sickworm.com/download_hot_update?version=3.0.35-release&fileKey=okio-jvm-3.6.0.jar, md5=26370180ff99a7e8a12dcaac2a70cc6e), JarFileInfo(uniqueName=r8-8.4.21.jar, url=https://jugg.sickworm.com/download_hot_update?version=3.0.35-release&fileKey=r8-8.4.21.jar, md5=4c0eab3750756708f6a9da1d703a9046), JarFileInfo(uniqueName=juniversalchardet-1.0.3.jar, url=https://jugg.sickworm.com/download_hot_update?version=3.0.35-release&fileKey=juniversalchardet-1.0.3.jar, md5=d9ea0a9a275336c175b343f2e4cd8f27), JarFileInfo(uniqueName=dex-reader-2.1.jar, url=https://jugg.sickworm.com/download_hot_update?version=3.0.35-release&fileKey=dex-reader-2.1.jar, md5=0707784d37773cc37070fa7a672b979a), JarFileInfo(uniqueName=arscblamer-1.2.0.jar, url=https://jugg.sickworm.com/download_hot_update?version=3.0.35-release&fileKey=arscblamer-1.2.0.jar, md5=c35033307f3c63655c46c453ccd187c8), JarFileInfo(uniqueName=v_quail-786a1a6f2.jar, url=https://jugg.sickworm.com/download_hot_update?version=3.0.35-release&fileKey=v_quail-786a1a6f2.jar, md5=63f906d7c18cb808b56ee15b21550c4e), JarFileInfo(uniqueName=annotations-31.7.3.jar, url=https://jugg.sickworm.com/download_hot_update?version=3.0.35-release&fileKey=annotations-31.7.3.jar, md5=7be23e27227539b36c14255f6e90d537), JarFileInfo(uniqueName=v_panda-0bd665c7d.jar, url=https://jugg.sickworm.com/download_hot_update?version=3.0.35-release&fileKey=v_panda-0bd665c7d.jar, md5=74d91a4040f938089b01437b29867cd9), JarFileInfo(uniqueName=stax-ex-1.8.1.jar, url=https://jugg.sickworm.com/download_hot_update?version=3.0.35-release&fileKey=stax-ex-1.8.1.jar, md5=8fea4418fa80e957e39c174cec08053c), JarFileInfo(uniqueName=okhttp-4.12.0.jar, url=https://jugg.sickworm.com/download_hot_update?version=3.0.35-release&fileKey=okhttp-4.12.0.jar, md5=6acba053af88fed87e710c6c29911d7c), JarFileInfo(uniqueName=dex-writer-2.1.jar, url=https://jugg.sickworm.com/download_hot_update?version=3.0.35-release&fileKey=dex-writer-2.1.jar, md5=401ec8782c0febd65ecac023d3ab90ad), JarFileInfo(uniqueName=v_iguana-12dc464b5.jar, url=https://jugg.sickworm.com/download_hot_update?version=3.0.35-release&fileKey=v_iguana-12dc464b5.jar, md5=91471d80b5a8aca52dad8764340a65fc), JarFileInfo(uniqueName=kotlin-stdlib-2.2.21.jar, url=https://jugg.sickworm.com/download_hot_update?version=3.0.35-release&fileKey=kotlin-stdlib-2.2.21.jar, md5=493bc156c79fe10064e9f6b605c8297c), JarFileInfo(uniqueName=kotlinx-coroutines-core-jvm-1.6.4.jar, url=https://jugg.sickworm.com/download_hot_update?version=3.0.35-release&fileKey=kotlinx-coroutines-core-jvm-1.6.4.jar, md5=9ba1873872fe1406d39bc40683050c45), JarFileInfo(uniqueName=commons-io-2.13.0.jar, url=https://jugg.sickworm.com/download_hot_update?version=3.0.35-release&fileKey=commons-io-2.13.0.jar, md5=8d000fa8939b71b8894637f0ef6ea28c), JarFileInfo(uniqueName=jugg-repackage-asm-9.8.jar, url=https://jugg.sickworm.com/download_hot_update?version=3.0.35-release&fileKey=jugg-repackage-asm-9.8.jar, md5=83193072c4e696be9de47a8a7a5d4ad1), JarFileInfo(uniqueName=idea-3.0.35-release.jar, url=https://jugg.sickworm.com/download_hot_update?version=3.0.35-release&fileKey=idea-3.0.35-release.jar, md5=37fdb17712746aaae3b7e00d4c392569), JarFileInfo(uniqueName=kotlin-android-extensions-1.9.23_modified.jar, url=https://jugg.sickworm.com/download_hot_update?version=3.0.35-release&fileKey=kotlin-android-extensions-1.9.23_modified.jar, md5=e5ef8e367b28103cdb2e497f4bf63545), JarFileInfo(uniqueName=auto-common-0.10.jar, url=https://jugg.sickworm.com/download_hot_update?version=3.0.35-release&fileKey=auto-common-0.10.jar, md5=1d531d399cde06e9ab49b7d84e7603dc), JarFileInfo(uniqueName=kotlin-metadata-jvm-2.2.21.jar, url=https://jugg.sickworm.com/download_hot_update?version=3.0.35-release&fileKey=kotlin-metadata-jvm-2.2.21.jar, md5=8a642fb1eaaaedfc37a11a0754e6802c), JarFileInfo(uniqueName=jsch-0.2.16.jar, url=https://jugg.sickworm.com/download_hot_update?version=3.0.35-release&fileKey=jsch-0.2.16.jar, md5=589aba7ea9cd9d438307c5076997c479), JarFileInfo(uniqueName=v_chipmunk-21061cc13.jar, url=https://jugg.sickworm.com/download_hot_update?version=3.0.35-release&fileKey=v_chipmunk-21061cc13.jar, md5=415de684987d18b0cb7e61effa43f666), JarFileInfo(uniqueName=kotlin-stdlib-jdk8-1.9.23.jar, url=https://jugg.sickworm.com/download_hot_update?version=3.0.35-release&fileKey=kotlin-stdlib-jdk8-1.9.23.jar, md5=c98840426f61010d8212343807f646e8), JarFileInfo(uniqueName=main-3a9e106d9.jar, url=https://jugg.sickworm.com/download_hot_update?version=3.0.35-release&fileKey=main-3a9e106d9.jar, md5=8087bbc77c68ea1d84e88e5fd4246906), JarFileInfo(uniqueName=interface-1d2fe1215.jar, url=https://jugg.sickworm.com/download_hot_update?version=3.0.35-release&fileKey=interface-1d2fe1215.jar, md5=334b52cc7d5ee3c48bbcd6baf84718a0), JarFileInfo(uniqueName=sqlite-jdbc-3.42.0.0-lite.jar, url=https://jugg.sickworm.com/download_hot_update?version=3.0.35-release&fileKey=sqlite-jdbc-3.42.0.0-lite.jar, md5=3a6532c30c1842c5d5bacb8317077719), JarFileInfo(uniqueName=istack-commons-runtime-3.0.8.jar, url=https://jugg.sickworm.com/download_hot_update?version=3.0.35-release&fileKey=istack-commons-runtime-3.0.8.jar, md5=d8555a2f242c55d6727b4d0e82ab8446), JarFileInfo(uniqueName=jetifier-core-1.0.0-beta10.jar, url=https://jugg.sickworm.com/download_hot_update?version=3.0.35-release&fileKey=jetifier-core-1.0.0-beta10.jar, md5=45a718d6bdbf73f9450dec94c2880f6c), JarFileInfo(uniqueName=txw2-2.3.2.jar, url=https://jugg.sickworm.com/download_hot_update?version=3.0.35-release&fileKey=txw2-2.3.2.jar, md5=3f278f148c5d27dc608c25cb7d093b94), JarFileInfo(uniqueName=v_meerkat-6717fd4bd.jar, url=https://jugg.sickworm.com/download_hot_update?version=3.0.35-release&fileKey=v_meerkat-6717fd4bd.jar, md5=9264e92c605fbde63e3dcb881c9b33e4), JarFileInfo(uniqueName=javaparser-core-3.17.0.jar, url=https://jugg.sickworm.com/download_hot_update?version=3.0.35-release&fileKey=javaparser-core-3.17.0.jar, md5=1cdfeabd6f748e469816a447c54f096e), JarFileInfo(uniqueName=v_hedgehog-3f5b2d677.jar, url=https://jugg.sickworm.com/download_hot_update?version=3.0.35-release&fileKey=v_hedgehog-3f5b2d677.jar, md5=1ca40429561290993e4c6770c803804b)], isNeedReinstall=false)
[2026-08-04 06:50:21.848] [FINE   ] [JuggHotUpdateDownloader] downloadHotUpdate isUpdatedThisRuntime=true, just mark it success
[2026-08-04 10:25:08.418] [FINE   ] [McpLocalServer] start: Server is already running
[2026-08-04 10:49:39.810] [FINE   ] [JuggHotUpdateDownloader] checkHotUpdate: HotUpdateData(isNeedUpdate=true, targetVersion=3.0.35-release, updateInfo=NotificationData(title=Jugg 已更新至：3.0.35-release, content=<html><p>更新内容：(2026.07.23)</p><p>1. 修复复合工程存在同名 app 模块时 Application R.jar 丢失，导致增量编译找不到 R 的问题</p><p>2. 隐藏可恢复的 DataBinding 编译失败警告，仅保留调试日志</p><p>3. 修复 Android Studio Quail 单选设备时错误部署到所有已连接设备的问题</p></html>, buttonText=null, jumpUrl=null, isSticky=true), jarFileInfos=[JarFileInfo(uniqueName=kotlin-daemon-embeddable-1.9.23.jar, url=https://jugg.sickworm.com/download_hot_update?version=3.0.35-release&fileKey=kotlin-daemon-embeddable-1.9.23.jar, md5=9b1362b8576bd085058d8be2ae34c316), JarFileInfo(uniqueName=trove4j-1.0.20200330.jar, url=https://jugg.sickworm.com/download_hot_update?version=3.0.35-release&fileKey=trove4j-1.0.20200330.jar, md5=bb75697e375d588a9d3f8f2653b30f77), JarFileInfo(uniqueName=v_narwhal-12dc464b5.jar, url=https://jugg.sickworm.com/download_hot_update?version=3.0.35-release&fileKey=v_narwhal-12dc464b5.jar, md5=1c87efc67da528bb93b3ecf026320a7e), JarFileInfo(uniqueName=kotlin-reflect-1.9.23.jar, url=https://jugg.sickworm.com/download_hot_update?version=3.0.35-release&fileKey=kotlin-reflect-1.9.23.jar, md5=08f576baf497678c7a08b5cd14bc707a), JarFileInfo(uniqueName=databinding-compiler-common-8.7.3.jar, url=https://jugg.sickworm.com/download_hot_update?version=3.0.35-release&fileKey=databinding-compiler-common-8.7.3.jar, md5=eab0027e90ef13434c8d7e23e68cc3bb), JarFileInfo(uniqueName=JavaEWAH-1.2.3.jar, url=https://jugg.sickworm.com/download_hot_update?version=3.0.35-release&fileKey=JavaEWAH-1.2.3.jar, md5=8fdeda28c1fb10e67b3d79f86bef5e61), JarFileInfo(uniqueName=kotlinx-metadata-jvm-0.9.0.jar, url=https://jugg.sickworm.com/download_hot_update?version=3.0.35-release&fileKey=kotlinx-metadata-jvm-0.9.0.jar, md5=b339ca5ef7c29e18529bf487a0fb9f4d), JarFileInfo(uniqueName=v_narwhal_feature-12dc464b5.jar, url=https://jugg.sickworm.com/download_hot_update?version=3.0.35-release&fileKey=v_narwhal_feature-12dc464b5.jar, md5=21d5b536f6e1da6fd7722986d8cec17f), JarFileInfo(uniqueName=kotlin-script-runtime-1.9.23.jar, url=https://jugg.sickworm.com/download_hot_update?version=3.0.35-release&fileKey=kotlin-script-runtime-1.9.23.jar, md5=c741a84781d9661f79b3ad7b3cac63d5), JarFileInfo(uniqueName=FastInfoset-1.2.16.jar, url=https://jugg.sickworm.com/download_hot_update?version=3.0.35-release&fileKey=FastInfoset-1.2.16.jar, md5=f7f4be4695e2501a6d585beca305c74c), JarFileInfo(uniqueName=kotlin-stdlib-jdk7-1.9.23.jar, url=https://jugg.sickworm.com/download_hot_update?version=3.0.35-release&fileKey=kotlin-stdlib-jdk7-1.9.23.jar, md5=3818d01fbd742c4ef31bdccaa1825524), JarFileInfo(uniqueName=jakarta.xml.bind-api-2.3.2.jar, url=https://jugg.sickworm.com/download_hot_update?version=3.0.35-release&fileKey=jakarta.xml.bind-api-2.3.2.jar, md5=dabb40ba58199304c640b7bd8bb2fbac), JarFileInfo(uniqueName=gson-2.10.1.jar, url=https://jugg.sickworm.com/download_hot_update?version=3.0.35-release&fileKey=gson-2.10.1.jar, md5=df6097815738cb31fc56391553210843), JarFileInfo(uniqueName=databinding-compiler-8.7.3.jar, url=https://jugg.sickworm.com/download_hot_update?version=3.0.35-release&fileKey=databinding-compiler-8.7.3.jar, md5=20c1d22a79fcfed926a47493708c1c02), JarFileInfo(uniqueName=javapoet-1.10.0.jar, url=https://jugg.sickworm.com/download_hot_update?version=3.0.35-release&fileKey=javapoet-1.10.0.jar, md5=58f542814fa3501790a57c212f20dafe), JarFileInfo(uniqueName=v_otter-0bd665c7d.jar, url=https://jugg.sickworm.com/download_hot_update?version=3.0.35-release&fileKey=v_otter-0bd665c7d.jar, md5=c6c18314450bcb3a8966af031dbfbbca), JarFileInfo(uniqueName=annotations-13.0.jar, url=https://jugg.sickworm.com/download_hot_update?version=3.0.35-release&fileKey=annotations-13.0.jar, md5=f4fb462172517b46b6cd90003508515a), JarFileInfo(uniqueName=aapt2-inclink-ae75b9235.jar, url=https://jugg.sickworm.com/download_hot_update?version=3.0.35-release&fileKey=aapt2-inclink-ae75b9235.jar, md5=5a950f00b73be8231db08ce156bd084e), JarFileInfo(uniqueName=classgraph-4.8.110.jar, url=https://jugg.sickworm.com/download_hot_update?version=3.0.35-release&fileKey=classgraph-4.8.110.jar, md5=8a9143146fb4e5089159a8eba84c34ee), JarFileInfo(uniqueName=v_giraffe-21061cc13.jar, url=https://jugg.sickworm.com/download_hot_update?version=3.0.35-release&fileKey=v_giraffe-21061cc13.jar, md5=7ac4f7c12576f6f3498e48558a3c6d26), JarFileInfo(uniqueName=jugg-repackage-asm-tree-9.8.jar, url=https://jugg.sickworm.com/download_hot_update?version=3.0.35-release&fileKey=jugg-repackage-asm-tree-9.8.jar, md5=f9e2cd9467098c52d353736c12407e70), JarFileInfo(uniqueName=jugg-repackage-asm-commons-9.8.jar, url=https://jugg.sickworm.com/download_hot_update?version=3.0.35-release&fileKey=jugg-repackage-asm-commons-9.8.jar, md5=669e4797e611944b7ee7e05be66668a3), JarFileInfo(uniqueName=commons-codec-1.16.0.jar, url=https://jugg.sickworm.com/download_hot_update?version=3.0.35-release&fileKey=commons-codec-1.16.0.jar, md5=6e26920fa7228891980890cce06b718c), JarFileInfo(uniqueName=baseLibrary-8.7.3.jar, url=https://jugg.sickworm.com/download_hot_update?version=3.0.35-release&fileKey=baseLibrary-8.7.3.jar, md5=d4fb415454f1c7211401c41c9be31e05), JarFileInfo(uniqueName=databinding-common-8.7.3.jar, url=https://jugg.sickworm.com/download_hot_update?version=3.0.35-release&fileKey=databinding-common-8.7.3.jar, md5=53eabd81209a65d44483e3f3460cda42), JarFileInfo(uniqueName=org.eclipse.jgit-6.8.0.202311291450-r.jar, url=https://jugg.sickworm.com/download_hot_update?version=3.0.35-release&fileKey=org.eclipse.jgit-6.8.0.202311291450-r.jar, md5=7b4362927e7a0f004ce94fd589dfb0ce), JarFileInfo(uniqueName=jakarta.activation-api-1.2.1.jar, url=https://jugg.sickworm.com/download_hot_update?version=3.0.35-release&fileKey=jakarta.activation-api-1.2.1.jar, md5=9b647398add993324d3d9e5effa6005a), JarFileInfo(uniqueName=dex-reader-api-2.1.jar, url=https://jugg.sickworm.com/download_hot_update?version=3.0.35-release&fileKey=dex-reader-api-2.1.jar, md5=5127ff8b033d6abe773d1b45d6ad7098), JarFileInfo(uniqueName=jaxb-runtime-2.3.2.jar, url=https://jugg.sickworm.com/download_hot_update?version=3.0.35-release&fileKey=jaxb-runtime-2.3.2.jar, md5=9c3bf13a58e56c1b955bf5a365ca10b2), JarFileInfo(uniqueName=kotlin-compiler-embeddable-1.9.23.jar, url=https://jugg.sickworm.com/download_hot_update?version=3.0.35-release&fileKey=kotlin-compiler-embeddable-1.9.23.jar, md5=197302b41a67b9e516873683cf3925b8), JarFileInfo(uniqueName=okio-jvm-3.6.0.jar, url=https://jugg.sickworm.com/download_hot_update?version=3.0.35-release&fileKey=okio-jvm-3.6.0.jar, md5=26370180ff99a7e8a12dcaac2a70cc6e), JarFileInfo(uniqueName=r8-8.4.21.jar, url=https://jugg.sickworm.com/download_hot_update?version=3.0.35-release&fileKey=r8-8.4.21.jar, md5=4c0eab3750756708f6a9da1d703a9046), JarFileInfo(uniqueName=juniversalchardet-1.0.3.jar, url=https://jugg.sickworm.com/download_hot_update?version=3.0.35-release&fileKey=juniversalchardet-1.0.3.jar, md5=d9ea0a9a275336c175b343f2e4cd8f27), JarFileInfo(uniqueName=dex-reader-2.1.jar, url=https://jugg.sickworm.com/download_hot_update?version=3.0.35-release&fileKey=dex-reader-2.1.jar, md5=0707784d37773cc37070fa7a672b979a), JarFileInfo(uniqueName=arscblamer-1.2.0.jar, url=https://jugg.sickworm.com/download_hot_update?version=3.0.35-release&fileKey=arscblamer-1.2.0.jar, md5=c35033307f3c63655c46c453ccd187c8), JarFileInfo(uniqueName=v_quail-786a1a6f2.jar, url=https://jugg.sickworm.com/download_hot_update?version=3.0.35-release&fileKey=v_quail-786a1a6f2.jar, md5=63f906d7c18cb808b56ee15b21550c4e), JarFileInfo(uniqueName=annotations-31.7.3.jar, url=https://jugg.sickworm.com/download_hot_update?version=3.0.35-release&fileKey=annotations-31.7.3.jar, md5=7be23e27227539b36c14255f6e90d537), JarFileInfo(uniqueName=v_panda-0bd665c7d.jar, url=https://jugg.sickworm.com/download_hot_update?version=3.0.35-release&fileKey=v_panda-0bd665c7d.jar, md5=74d91a4040f938089b01437b29867cd9), JarFileInfo(uniqueName=stax-ex-1.8.1.jar, url=https://jugg.sickworm.com/download_hot_update?version=3.0.35-release&fileKey=stax-ex-1.8.1.jar, md5=8fea4418fa80e957e39c174cec08053c), JarFileInfo(uniqueName=okhttp-4.12.0.jar, url=https://jugg.sickworm.com/download_hot_update?version=3.0.35-release&fileKey=okhttp-4.12.0.jar, md5=6acba053af88fed87e710c6c29911d7c), JarFileInfo(uniqueName=dex-writer-2.1.jar, url=https://jugg.sickworm.com/download_hot_update?version=3.0.35-release&fileKey=dex-writer-2.1.jar, md5=401ec8782c0febd65ecac023d3ab90ad), JarFileInfo(uniqueName=v_iguana-12dc464b5.jar, url=https://jugg.sickworm.com/download_hot_update?version=3.0.35-release&fileKey=v_iguana-12dc464b5.jar, md5=91471d80b5a8aca52dad8764340a65fc), JarFileInfo(uniqueName=kotlin-stdlib-2.2.21.jar, url=https://jugg.sickworm.com/download_hot_update?version=3.0.35-release&fileKey=kotlin-stdlib-2.2.21.jar, md5=493bc156c79fe10064e9f6b605c8297c), JarFileInfo(uniqueName=kotlinx-coroutines-core-jvm-1.6.4.jar, url=https://jugg.sickworm.com/download_hot_update?version=3.0.35-release&fileKey=kotlinx-coroutines-core-jvm-1.6.4.jar, md5=9ba1873872fe1406d39bc40683050c45), JarFileInfo(uniqueName=commons-io-2.13.0.jar, url=https://jugg.sickworm.com/download_hot_update?version=3.0.35-release&fileKey=commons-io-2.13.0.jar, md5=8d000fa8939b71b8894637f0ef6ea28c), JarFileInfo(uniqueName=jugg-repackage-asm-9.8.jar, url=https://jugg.sickworm.com/download_hot_update?version=3.0.35-release&fileKey=jugg-repackage-asm-9.8.jar, md5=83193072c4e696be9de47a8a7a5d4ad1), JarFileInfo(uniqueName=idea-3.0.35-release.jar, url=https://jugg.sickworm.com/download_hot_update?version=3.0.35-release&fileKey=idea-3.0.35-release.jar, md5=37fdb17712746aaae3b7e00d4c392569), JarFileInfo(uniqueName=kotlin-android-extensions-1.9.23_modified.jar, url=https://jugg.sickworm.com/download_hot_update?version=3.0.35-release&fileKey=kotlin-android-extensions-1.9.23_modified.jar, md5=e5ef8e367b28103cdb2e497f4bf63545), JarFileInfo(uniqueName=auto-common-0.10.jar, url=https://jugg.sickworm.com/download_hot_update?version=3.0.35-release&fileKey=auto-common-0.10.jar, md5=1d531d399cde06e9ab49b7d84e7603dc), JarFileInfo(uniqueName=kotlin-metadata-jvm-2.2.21.jar, url=https://jugg.sickworm.com/download_hot_update?version=3.0.35-release&fileKey=kotlin-metadata-jvm-2.2.21.jar, md5=8a642fb1eaaaedfc37a11a0754e6802c), JarFileInfo(uniqueName=jsch-0.2.16.jar, url=https://jugg.sickworm.com/download_hot_update?version=3.0.35-release&fileKey=jsch-0.2.16.jar, md5=589aba7ea9cd9d438307c5076997c479), JarFileInfo(uniqueName=v_chipmunk-21061cc13.jar, url=https://jugg.sickworm.com/download_hot_update?version=3.0.35-release&fileKey=v_chipmunk-21061cc13.jar, md5=415de684987d18b0cb7e61effa43f666), JarFileInfo(uniqueName=kotlin-stdlib-jdk8-1.9.23.jar, url=https://jugg.sickworm.com/download_hot_update?version=3.0.35-release&fileKey=kotlin-stdlib-jdk8-1.9.23.jar, md5=c98840426f61010d8212343807f646e8), JarFileInfo(uniqueName=main-3a9e106d9.jar, url=https://jugg.sickworm.com/download_hot_update?version=3.0.35-release&fileKey=main-3a9e106d9.jar, md5=8087bbc77c68ea1d84e88e5fd4246906), JarFileInfo(uniqueName=interface-1d2fe1215.jar, url=https://jugg.sickworm.com/download_hot_update?version=3.0.35-release&fileKey=interface-1d2fe1215.jar, md5=334b52cc7d5ee3c48bbcd6baf84718a0), JarFileInfo(uniqueName=sqlite-jdbc-3.42.0.0-lite.jar, url=https://jugg.sickworm.com/download_hot_update?version=3.0.35-release&fileKey=sqlite-jdbc-3.42.0.0-lite.jar, md5=3a6532c30c1842c5d5bacb8317077719), JarFileInfo(uniqueName=istack-commons-runtime-3.0.8.jar, url=https://jugg.sickworm.com/download_hot_update?version=3.0.35-release&fileKey=istack-commons-runtime-3.0.8.jar, md5=d8555a2f242c55d6727b4d0e82ab8446), JarFileInfo(uniqueName=jetifier-core-1.0.0-beta10.jar, url=https://jugg.sickworm.com/download_hot_update?version=3.0.35-release&fileKey=jetifier-core-1.0.0-beta10.jar, md5=45a718d6bdbf73f9450dec94c2880f6c), JarFileInfo(uniqueName=txw2-2.3.2.jar, url=https://jugg.sickworm.com/download_hot_update?version=3.0.35-release&fileKey=txw2-2.3.2.jar, md5=3f278f148c5d27dc608c25cb7d093b94), JarFileInfo(uniqueName=v_meerkat-6717fd4bd.jar, url=https://jugg.sickworm.com/download_hot_update?version=3.0.35-release&fileKey=v_meerkat-6717fd4bd.jar, md5=9264e92c605fbde63e3dcb881c9b33e4), JarFileInfo(uniqueName=javaparser-core-3.17.0.jar, url=https://jugg.sickworm.com/download_hot_update?version=3.0.35-release&fileKey=javaparser-core-3.17.0.jar, md5=1cdfeabd6f748e469816a447c54f096e), JarFileInfo(uniqueName=v_hedgehog-3f5b2d677.jar, url=https://jugg.sickworm.com/download_hot_update?version=3.0.35-release&fileKey=v_hedgehog-3f5b2d677.jar, md5=1ca40429561290993e4c6770c803804b)], isNeedReinstall=false)
[2026-08-04 10:49:39.811] [FINE   ] [JuggHotUpdateDownloader] downloadHotUpdate isUpdatedThisRuntime=true, just mark it success
[2026-08-04 10:49:57.182] [FINE   ] [JuggHotUpdateDownloader] checkHotUpdate: HotUpdateData(isNeedUpdate=true, targetVersion=3.0.35-release, updateInfo=NotificationData(title=Jugg 已更新至：3.0.35-release, content=<html><p>更新内容：(2026.07.23)</p><p>1. 修复复合工程存在同名 app 模块时 Application R.jar 丢失，导致增量编译找不到 R 的问题</p><p>2. 隐藏可恢复的 DataBinding 编译失败警告，仅保留调试日志</p><p>3. 修复 Android Studio Quail 单选设备时错误部署到所有已连接设备的问题</p></html>, buttonText=null, jumpUrl=null, isSticky=true), jarFileInfos=[JarFileInfo(uniqueName=kotlin-daemon-embeddable-1.9.23.jar, url=https://jugg.sickworm.com/download_hot_update?version=3.0.35-release&fileKey=kotlin-daemon-embeddable-1.9.23.jar, md5=9b1362b8576bd085058d8be2ae34c316), JarFileInfo(uniqueName=trove4j-1.0.20200330.jar, url=https://jugg.sickworm.com/download_hot_update?version=3.0.35-release&fileKey=trove4j-1.0.20200330.jar, md5=bb75697e375d588a9d3f8f2653b30f77), JarFileInfo(uniqueName=v_narwhal-12dc464b5.jar, url=https://jugg.sickworm.com/download_hot_update?version=3.0.35-release&fileKey=v_narwhal-12dc464b5.jar, md5=1c87efc67da528bb93b3ecf026320a7e), JarFileInfo(uniqueName=kotlin-reflect-1.9.23.jar, url=https://jugg.sickworm.com/download_hot_update?version=3.0.35-release&fileKey=kotlin-reflect-1.9.23.jar, md5=08f576baf497678c7a08b5cd14bc707a), JarFileInfo(uniqueName=databinding-compiler-common-8.7.3.jar, url=https://jugg.sickworm.com/download_hot_update?version=3.0.35-release&fileKey=databinding-compiler-common-8.7.3.jar, md5=eab0027e90ef13434c8d7e23e68cc3bb), JarFileInfo(uniqueName=JavaEWAH-1.2.3.jar, url=https://jugg.sickworm.com/download_hot_update?version=3.0.35-release&fileKey=JavaEWAH-1.2.3.jar, md5=8fdeda28c1fb10e67b3d79f86bef5e61), JarFileInfo(uniqueName=kotlinx-metadata-jvm-0.9.0.jar, url=https://jugg.sickworm.com/download_hot_update?version=3.0.35-release&fileKey=kotlinx-metadata-jvm-0.9.0.jar, md5=b339ca5ef7c29e18529bf487a0fb9f4d), JarFileInfo(uniqueName=v_narwhal_feature-12dc464b5.jar, url=https://jugg.sickworm.com/download_hot_update?version=3.0.35-release&fileKey=v_narwhal_feature-12dc464b5.jar, md5=21d5b536f6e1da6fd7722986d8cec17f), JarFileInfo(uniqueName=kotlin-script-runtime-1.9.23.jar, url=https://jugg.sickworm.com/download_hot_update?version=3.0.35-release&fileKey=kotlin-script-runtime-1.9.23.jar, md5=c741a84781d9661f79b3ad7b3cac63d5), JarFileInfo(uniqueName=FastInfoset-1.2.16.jar, url=https://jugg.sickworm.com/download_hot_update?version=3.0.35-release&fileKey=FastInfoset-1.2.16.jar, md5=f7f4be4695e2501a6d585beca305c74c), JarFileInfo(uniqueName=kotlin-stdlib-jdk7-1.9.23.jar, url=https://jugg.sickworm.com/download_hot_update?version=3.0.35-release&fileKey=kotlin-stdlib-jdk7-1.9.23.jar, md5=3818d01fbd742c4ef31bdccaa1825524), JarFileInfo(uniqueName=jakarta.xml.bind-api-2.3.2.jar, url=https://jugg.sickworm.com/download_hot_update?version=3.0.35-release&fileKey=jakarta.xml.bind-api-2.3.2.jar, md5=dabb40ba58199304c640b7bd8bb2fbac), JarFileInfo(uniqueName=gson-2.10.1.jar, url=https://jugg.sickworm.com/download_hot_update?version=3.0.35-release&fileKey=gson-2.10.1.jar, md5=df6097815738cb31fc56391553210843), JarFileInfo(uniqueName=databinding-compiler-8.7.3.jar, url=https://jugg.sickworm.com/download_hot_update?version=3.0.35-release&fileKey=databinding-compiler-8.7.3.jar, md5=20c1d22a79fcfed926a47493708c1c02), JarFileInfo(uniqueName=javapoet-1.10.0.jar, url=https://jugg.sickworm.com/download_hot_update?version=3.0.35-release&fileKey=javapoet-1.10.0.jar, md5=58f542814fa3501790a57c212f20dafe), JarFileInfo(uniqueName=v_otter-0bd665c7d.jar, url=https://jugg.sickworm.com/download_hot_update?version=3.0.35-release&fileKey=v_otter-0bd665c7d.jar, md5=c6c18314450bcb3a8966af031dbfbbca), JarFileInfo(uniqueName=annotations-13.0.jar, url=https://jugg.sickworm.com/download_hot_update?version=3.0.35-release&fileKey=annotations-13.0.jar, md5=f4fb462172517b46b6cd90003508515a), JarFileInfo(uniqueName=aapt2-inclink-ae75b9235.jar, url=https://jugg.sickworm.com/download_hot_update?version=3.0.35-release&fileKey=aapt2-inclink-ae75b9235.jar, md5=5a950f00b73be8231db08ce156bd084e), JarFileInfo(uniqueName=classgraph-4.8.110.jar, url=https://jugg.sickworm.com/download_hot_update?version=3.0.35-release&fileKey=classgraph-4.8.110.jar, md5=8a9143146fb4e5089159a8eba84c34ee), JarFileInfo(uniqueName=v_giraffe-21061cc13.jar, url=https://jugg.sickworm.com/download_hot_update?version=3.0.35-release&fileKey=v_giraffe-21061cc13.jar, md5=7ac4f7c12576f6f3498e48558a3c6d26), JarFileInfo(uniqueName=jugg-repackage-asm-tree-9.8.jar, url=https://jugg.sickworm.com/download_hot_update?version=3.0.35-release&fileKey=jugg-repackage-asm-tree-9.8.jar, md5=f9e2cd9467098c52d353736c12407e70), JarFileInfo(uniqueName=jugg-repackage-asm-commons-9.8.jar, url=https://jugg.sickworm.com/download_hot_update?version=3.0.35-release&fileKey=jugg-repackage-asm-commons-9.8.jar, md5=669e4797e611944b7ee7e05be66668a3), JarFileInfo(uniqueName=commons-codec-1.16.0.jar, url=https://jugg.sickworm.com/download_hot_update?version=3.0.35-release&fileKey=commons-codec-1.16.0.jar, md5=6e26920fa7228891980890cce06b718c), JarFileInfo(uniqueName=baseLibrary-8.7.3.jar, url=https://jugg.sickworm.com/download_hot_update?version=3.0.35-release&fileKey=baseLibrary-8.7.3.jar, md5=d4fb415454f1c7211401c41c9be31e05), JarFileInfo(uniqueName=databinding-common-8.7.3.jar, url=https://jugg.sickworm.com/download_hot_update?version=3.0.35-release&fileKey=databinding-common-8.7.3.jar, md5=53eabd81209a65d44483e3f3460cda42), JarFileInfo(uniqueName=org.eclipse.jgit-6.8.0.202311291450-r.jar, url=https://jugg.sickworm.com/download_hot_update?version=3.0.35-release&fileKey=org.eclipse.jgit-6.8.0.202311291450-r.jar, md5=7b4362927e7a0f004ce94fd589dfb0ce), JarFileInfo(uniqueName=jakarta.activation-api-1.2.1.jar, url=https://jugg.sickworm.com/download_hot_update?version=3.0.35-release&fileKey=jakarta.activation-api-1.2.1.jar, md5=9b647398add993324d3d9e5effa6005a), JarFileInfo(uniqueName=dex-reader-api-2.1.jar, url=https://jugg.sickworm.com/download_hot_update?version=3.0.35-release&fileKey=dex-reader-api-2.1.jar, md5=5127ff8b033d6abe773d1b45d6ad7098), JarFileInfo(uniqueName=jaxb-runtime-2.3.2.jar, url=https://jugg.sickworm.com/download_hot_update?version=3.0.35-release&fileKey=jaxb-runtime-2.3.2.jar, md5=9c3bf13a58e56c1b955bf5a365ca10b2), JarFileInfo(uniqueName=kotlin-compiler-embeddable-1.9.23.jar, url=https://jugg.sickworm.com/download_hot_update?version=3.0.35-release&fileKey=kotlin-compiler-embeddable-1.9.23.jar, md5=197302b41a67b9e516873683cf3925b8), JarFileInfo(uniqueName=okio-jvm-3.6.0.jar, url=https://jugg.sickworm.com/download_hot_update?version=3.0.35-release&fileKey=okio-jvm-3.6.0.jar, md5=26370180ff99a7e8a12dcaac2a70cc6e), JarFileInfo(uniqueName=r8-8.4.21.jar, url=https://jugg.sickworm.com/download_hot_update?version=3.0.35-release&fileKey=r8-8.4.21.jar, md5=4c0eab3750756708f6a9da1d703a9046), JarFileInfo(uniqueName=juniversalchardet-1.0.3.jar, url=https://jugg.sickworm.com/download_hot_update?version=3.0.35-release&fileKey=juniversalchardet-1.0.3.jar, md5=d9ea0a9a275336c175b343f2e4cd8f27), JarFileInfo(uniqueName=dex-reader-2.1.jar, url=https://jugg.sickworm.com/download_hot_update?version=3.0.35-release&fileKey=dex-reader-2.1.jar, md5=0707784d37773cc37070fa7a672b979a), JarFileInfo(uniqueName=arscblamer-1.2.0.jar, url=https://jugg.sickworm.com/download_hot_update?version=3.0.35-release&fileKey=arscblamer-1.2.0.jar, md5=c35033307f3c63655c46c453ccd187c8), JarFileInfo(uniqueName=v_quail-786a1a6f2.jar, url=https://jugg.sickworm.com/download_hot_update?version=3.0.35-release&fileKey=v_quail-786a1a6f2.jar, md5=63f906d7c18cb808b56ee15b21550c4e), JarFileInfo(uniqueName=annotations-31.7.3.jar, url=https://jugg.sickworm.com/download_hot_update?version=3.0.35-release&fileKey=annotations-31.7.3.jar, md5=7be23e27227539b36c14255f6e90d537), JarFileInfo(uniqueName=v_panda-0bd665c7d.jar, url=https://jugg.sickworm.com/download_hot_update?version=3.0.35-release&fileKey=v_panda-0bd665c7d.jar, md5=74d91a4040f938089b01437b29867cd9), JarFileInfo(uniqueName=stax-ex-1.8.1.jar, url=https://jugg.sickworm.com/download_hot_update?version=3.0.35-release&fileKey=stax-ex-1.8.1.jar, md5=8fea4418fa80e957e39c174cec08053c), JarFileInfo(uniqueName=okhttp-4.12.0.jar, url=https://jugg.sickworm.com/download_hot_update?version=3.0.35-release&fileKey=okhttp-4.12.0.jar, md5=6acba053af88fed87e710c6c29911d7c), JarFileInfo(uniqueName=dex-writer-2.1.jar, url=https://jugg.sickworm.com/download_hot_update?version=3.0.35-release&fileKey=dex-writer-2.1.jar, md5=401ec8782c0febd65ecac023d3ab90ad), JarFileInfo(uniqueName=v_iguana-12dc464b5.jar, url=https://jugg.sickworm.com/download_hot_update?version=3.0.35-release&fileKey=v_iguana-12dc464b5.jar, md5=91471d80b5a8aca52dad8764340a65fc), JarFileInfo(uniqueName=kotlin-stdlib-2.2.21.jar, url=https://jugg.sickworm.com/download_hot_update?version=3.0.35-release&fileKey=kotlin-stdlib-2.2.21.jar, md5=493bc156c79fe10064e9f6b605c8297c), JarFileInfo(uniqueName=kotlinx-coroutines-core-jvm-1.6.4.jar, url=https://jugg.sickworm.com/download_hot_update?version=3.0.35-release&fileKey=kotlinx-coroutines-core-jvm-1.6.4.jar, md5=9ba1873872fe1406d39bc40683050c45), JarFileInfo(uniqueName=commons-io-2.13.0.jar, url=https://jugg.sickworm.com/download_hot_update?version=3.0.35-release&fileKey=commons-io-2.13.0.jar, md5=8d000fa8939b71b8894637f0ef6ea28c), JarFileInfo(uniqueName=jugg-repackage-asm-9.8.jar, url=https://jugg.sickworm.com/download_hot_update?version=3.0.35-release&fileKey=jugg-repackage-asm-9.8.jar, md5=83193072c4e696be9de47a8a7a5d4ad1), JarFileInfo(uniqueName=idea-3.0.35-release.jar, url=https://jugg.sickworm.com/download_hot_update?version=3.0.35-release&fileKey=idea-3.0.35-release.jar, md5=37fdb17712746aaae3b7e00d4c392569), JarFileInfo(uniqueName=kotlin-android-extensions-1.9.23_modified.jar, url=https://jugg.sickworm.com/download_hot_update?version=3.0.35-release&fileKey=kotlin-android-extensions-1.9.23_modified.jar, md5=e5ef8e367b28103cdb2e497f4bf63545), JarFileInfo(uniqueName=auto-common-0.10.jar, url=https://jugg.sickworm.com/download_hot_update?version=3.0.35-release&fileKey=auto-common-0.10.jar, md5=1d531d399cde06e9ab49b7d84e7603dc), JarFileInfo(uniqueName=kotlin-metadata-jvm-2.2.21.jar, url=https://jugg.sickworm.com/download_hot_update?version=3.0.35-release&fileKey=kotlin-metadata-jvm-2.2.21.jar, md5=8a642fb1eaaaedfc37a11a0754e6802c), JarFileInfo(uniqueName=jsch-0.2.16.jar, url=https://jugg.sickworm.com/download_hot_update?version=3.0.35-release&fileKey=jsch-0.2.16.jar, md5=589aba7ea9cd9d438307c5076997c479), JarFileInfo(uniqueName=v_chipmunk-21061cc13.jar, url=https://jugg.sickworm.com/download_hot_update?version=3.0.35-release&fileKey=v_chipmunk-21061cc13.jar, md5=415de684987d18b0cb7e61effa43f666), JarFileInfo(uniqueName=kotlin-stdlib-jdk8-1.9.23.jar, url=https://jugg.sickworm.com/download_hot_update?version=3.0.35-release&fileKey=kotlin-stdlib-jdk8-1.9.23.jar, md5=c98840426f61010d8212343807f646e8), JarFileInfo(uniqueName=main-3a9e106d9.jar, url=https://jugg.sickworm.com/download_hot_update?version=3.0.35-release&fileKey=main-3a9e106d9.jar, md5=8087bbc77c68ea1d84e88e5fd4246906), JarFileInfo(uniqueName=interface-1d2fe1215.jar, url=https://jugg.sickworm.com/download_hot_update?version=3.0.35-release&fileKey=interface-1d2fe1215.jar, md5=334b52cc7d5ee3c48bbcd6baf84718a0), JarFileInfo(uniqueName=sqlite-jdbc-3.42.0.0-lite.jar, url=https://jugg.sickworm.com/download_hot_update?version=3.0.35-release&fileKey=sqlite-jdbc-3.42.0.0-lite.jar, md5=3a6532c30c1842c5d5bacb8317077719), JarFileInfo(uniqueName=istack-commons-runtime-3.0.8.jar, url=https://jugg.sickworm.com/download_hot_update?version=3.0.35-release&fileKey=istack-commons-runtime-3.0.8.jar, md5=d8555a2f242c55d6727b4d0e82ab8446), JarFileInfo(uniqueName=jetifier-core-1.0.0-beta10.jar, url=https://jugg.sickworm.com/download_hot_update?version=3.0.35-release&fileKey=jetifier-core-1.0.0-beta10.jar, md5=45a718d6bdbf73f9450dec94c2880f6c), JarFileInfo(uniqueName=txw2-2.3.2.jar, url=https://jugg.sickworm.com/download_hot_update?version=3.0.35-release&fileKey=txw2-2.3.2.jar, md5=3f278f148c5d27dc608c25cb7d093b94), JarFileInfo(uniqueName=v_meerkat-6717fd4bd.jar, url=https://jugg.sickworm.com/download_hot_update?version=3.0.35-release&fileKey=v_meerkat-6717fd4bd.jar, md5=9264e92c605fbde63e3dcb881c9b33e4), JarFileInfo(uniqueName=javaparser-core-3.17.0.jar, url=https://jugg.sickworm.com/download_hot_update?version=3.0.35-release&fileKey=javaparser-core-3.17.0.jar, md5=1cdfeabd6f748e469816a447c54f096e), JarFileInfo(uniqueName=v_hedgehog-3f5b2d677.jar, url=https://jugg.sickworm.com/download_hot_update?version=3.0.35-release&fileKey=v_hedgehog-3f5b2d677.jar, md5=1ca40429561290993e4c6770c803804b)], isNeedReinstall=false)
[2026-08-04 10:49:57.183] [FINE   ] [JuggHotUpdateDownloader] downloadHotUpdate isUpdatedThisRuntime=true, just mark it success
[2026-08-04 10:49:57.592] [FINE   ] [JuggHotUpdateDownloader] checkHotUpdate
[2026-08-04 10:49:57.635] [FINE   ] [JuggServer] checkHotUpdate response: [200] {"isNeedUpdate":true,"isNeedReinstall":false,"targetVersion":"3.0.35-release","updateInfo":{"title":"Jugg 已更新至：3.0.35-release","content":"<html><p>更新内容：(2026.07.23)</p><p>1. 修复复合工程存在同名 app 模块时 Application R.jar 丢失，导致增量编译找不到 R 的问题</p><p>2. 隐藏可恢复的 DataBinding 编译失败警告，仅保留调试日志</p><p>3. 修复 Android Studio Quail 单选设备时错误部署到所有已连接设备的问题</p></html>","buttonText":null,"jumpUrl":null,"isSticky":true},"jarFileInfos":[{"uniqueName":"kotlin-daemon-embeddable-1.9.23.jar","url":"https://jugg.sickworm.com/download_hot_update?version=3.0.35-release&fileKey=kotlin-daemon-embeddable-1.9.23.jar","md5":"9b1362b8576bd085058d8be2ae34c316"},{"uniqueName":"trove4j-1.0.20200330.jar","url":"https://jugg.sickworm.com/download_hot_update?version=3.0.35-release&fileKey=trove4j-1.0.20200330.jar","md5":"bb75697e375d588a9d3f8f2653b30f77"},{"uniqueName":"v_narwhal-12dc464b5.jar","url":"https://jugg.sickworm.com/download_hot_update?version=3.0.35-release&fileKey=v_narwhal-12dc464b5.jar","md5":"1c87efc67da528bb93b3ecf026320a7e"},{"uniqueName":"kotlin-reflect-1.9.23.jar","url":"https://jugg.sickworm.com/download_hot_update?version=3.0.35-release&fileKey=kotlin-reflect-1.9.23.jar","md5":"08f576baf497678c7a08b5cd14bc707a"},{"uniqueName":"databinding-compiler-common-8.7.3.jar","url":"https://jugg.sickworm.com/download_hot_update?version=3.0.35-release&fileKey=databinding-compiler-common-8.7.3.jar","md5":"eab0027e90ef13434c8d7e23e68cc3bb"},{"uniqueName":"JavaEWAH-1.2.3.jar","url":"https://jugg.sickworm.com/download_hot_update?version=3.0.35-release&fileKey=JavaEWAH-1.2.3.jar","md5":"8fdeda28c1fb10e67b3d79f86bef5e61"},{"uniqueName":"kotlinx-metadata-jvm-0.9.0.jar","url":"https://jugg.sickworm.com/download_hot_update?version=3.0.35-release&fileKey=kotlinx-metadata-jvm-0.9.0.jar","md5":"b339ca5ef7c29e18529bf487a0fb9f4d"},{"uniqueName":"v_narwhal_feature-12dc464b5.jar","url":"https://jugg.sickworm.com/download_hot_update?version=3.0.35-release&fileKey=v_narwhal_feature-12dc464b5.jar","md5":"21d5b536f6e1da6fd7722986d8cec17f"},{"uniqueName":"kotlin-script-runtime-1.9.23.jar","url":"https://jugg.sickworm.com/download_hot_update?version=3.0.35-release&fileKey=kotlin-script-runtime-1.9.23.jar","md5":"c741a84781d9661f79b3ad7b3cac63d5"},{"uniqueName":"FastInfoset-1.2.16.jar","url":"https://jugg.sickworm.com/download_hot_update?version=3.0.35-release&fileKey=FastInfoset-1.2.16.jar","md5":"f7f4be4695e2501a6d585beca305c74c"},{"uniqueName":"kotlin-stdlib-jdk7-1.9.23.jar","url":"https://jugg.sickworm.com/download_hot_update?version=3.0.35-release&fileKey=kotlin-stdlib-jdk7-1.9.23.jar","md5":"3818d01fbd742c4ef31bdccaa1825524"},{"uniqueName":"jakarta.xml.bind-api-2.3.2.jar","url":"https://jugg.sickworm.com/download_hot_update?version=3.0.35-release&fileKey=jakarta.xml.bind-api-2.3.2.jar","md5":"dabb40ba58199304c640b7bd8bb2fbac"},{"uniqueName":"gson-2.10.1.jar","url":"https://jugg.sickworm.com/download_hot_update?version=3.0.35-release&fileKey=gson-2.10.1.jar","md5":"df6097815738cb31fc56391553210843"},{"uniqueName":"databinding-compiler-8.7.3.jar","url":"https://jugg.sickworm.com/download_hot_update?version=3.0.35-release&fileKey=databinding-compiler-8.7.3.jar","md5":"20c1d22a79fcfed926a47493708c1c02"},{"uniqueName":"javapoet-1.10.0.jar","url":"https://jugg.sickworm.com/download_hot_update?version=3.0.35-release&fileKey=javapoet-1.10.0.jar","md5":"58f542814fa3501790a57c212f20dafe"},{"uniqueName":"v_otter-0bd665c7d.jar","url":"https://jugg.sickworm.com/download_hot_update?version=3.0.35-release&fileKey=v_otter-0bd665c7d.jar","md5":"c6c18314450bcb3a8966af031dbfbbca"},{"uniqueName":"annotations-13.0.jar","url":"https://jugg.sickworm.com/download_hot_update?version=3.0.35-release&fileKey=annotations-13.0.jar","md5":"f4fb462172517b46b6cd90003508515a"},{"uniqueName":"aapt2-inclink-ae75b9235.jar","url":"https://jugg.sickworm.com/download_hot_update?version=3.0.35-release&fileKey=aapt2-inclink-ae75b9235.jar","md5":"5a950f00b73be8231db08ce156bd084e"},{"uniqueName":"classgraph-4.8.110.jar","url":"https://jugg.sickworm.com/download_hot_update?version=3.0.35-release&fileKey=classgraph-4.8.110.jar","md5":"8a9143146fb4e5089159a8eba84c34ee"},{"uniqueName":"v_giraffe-21061cc13.jar","url":"https://jugg.sickworm.com/download_hot_update?version=3.0.35-release&fileKey=v_giraffe-21061cc13.jar","md5":"7ac4f7c12576f6f3498e48558a3c6d26"},{"uniqueName":"jugg-repackage-asm-tree-9.8.jar","url":"https://jugg.sickworm.com/download_hot_update?version=3.0.35-release&fileKey=jugg-repackage-asm-tree-9.8.jar","md5":"f9e2cd9467098c52d353736c12407e70"},{"uniqueName":"jugg-repackage-asm-commons-9.8.jar","url":"https://jugg.sickworm.com/download_hot_update?version=3.0.35-release&fileKey=jugg-repackage-asm-commons-9.8.jar","md5":"669e4797e611944b7ee7e05be66668a3"},{"uniqueName":"commons-codec-1.16.0.jar","url":"https://jugg.sickworm.com/download_hot_update?version=3.0.35-release&fileKey=commons-codec-1.16.0.jar","md5":"6e26920fa7228891980890cce06b718c"},{"uniqueName":"baseLibrary-8.7.3.jar","url":"https://jugg.sickworm.com/download_hot_update?version=3.0.35-release&fileKey=baseLibrary-8.7.3.jar","md5":"d4fb415454f1c7211401c41c9be31e05"},{"uniqueName":"databinding-common-8.7.3.jar","url":"https://jugg.sickworm.com/download_hot_update?version=3.0.35-release&fileKey=databinding-common-8.7.3.jar","md5":"53eabd81209a65d44483e3f3460cda42"},{"uniqueName":"org.eclipse.jgit-6.8.0.202311291450-r.jar","url":"https://jugg.sickworm.com/download_hot_update?version=3.0.35-release&fileKey=org.eclipse.jgit-6.8.0.202311291450-r.jar","md5":"7b4362927e7a0f004ce94fd589dfb0ce"},{"uniqueName":"jakarta.activation-api-1.2.1.jar","url":"https://jugg.sickworm.com/download_hot_update?version=3.0.35-release&fileKey=jakarta.activation-api-1.2.1.jar","md5":"9b647398add993324d3d9e5effa6005a"},{"uniqueName":"dex-reader-api-2.1.jar","url":"https://jugg.sickworm.com/download_hot_update?version=3.0.35-release&fileKey=dex-reader-api-2.1.jar","md5":"5127ff8b033d6abe773d1b45d6ad7098"},{"uniqueName":"jaxb-runtime-2.3.2.jar","url":"https://jugg.sickworm.com/download_hot_update?version=3.0.35-release&fileKey=jaxb-runtime-2.3.2.jar","md5":"9c3bf13a58e56c1b955bf5a365ca10b2"},{"uniqueName":"kotlin-compiler-embeddable-1.9.23.jar","url":"https://jugg.sickworm.com/download_hot_update?version=3.0.35-release&fileKey=kotlin-compiler-embeddable-1.9.23.jar","md5":"197302b41a67b9e516873683cf3925b8"},{"uniqueName":"okio-jvm-3.6.0.jar","url":"https://jugg.sickworm.com/download_hot_update?version=3.0.35-release&fileKey=okio-jvm-3.6.0.jar","md5":"26370180ff99a7e8a12dcaac2a70cc6e"},{"uniqueName":"r8-8.4.21.jar","url":"https://jugg.sickworm.com/download_hot_update?version=3.0.35-release&fileKey=r8-8.4.21.jar","md5":"4c0eab3750756708f6a9da1d703a9046"},{"uniqueName":"juniversalchardet-1.0.3.jar","url":"https://jugg.sickworm.com/download_hot_update?version=3.0.35-release&fileKey=juniversalchardet-1.0.3.jar","md5":"d9ea0a9a275336c175b343f2e4cd8f27"},{"uniqueName":"dex-reader-2.1.jar","url":"https://jugg.sickworm.com/download_hot_update?version=3.0.35-release&fileKey=dex-reader-2.1.jar","md5":"0707784d37773cc37070fa7a672b979a"},{"uniqueName":"arscblamer-1.2.0.jar","url":"https://jugg.sickworm.com/download_hot_update?version=3.0.35-release&fileKey=arscblamer-1.2.0.jar","md5":"c35033307f3c63655c46c453ccd187c8"},{"uniqueName":"v_quail-786a1a6f2.jar","url":"https://jugg.sickworm.com/download_hot_update?version=3.0.35-release&fileKey=v_quail-786a1a6f2.jar","md5":"63f906d7c18cb808b56ee15b21550c4e"},{"uniqueName":"annotations-31.7.3.jar","url":"https://jugg.sickworm.com/download_hot_update?version=3.0.35-release&fileKey=annotations-31.7.3.jar","md5":"7be23e27227539b36c14255f6e90d537"},{"uniqueName":"v_panda-0bd665c7d.jar","url":"https://jugg.sickworm.com/download_hot_update?version=3.0.35-release&fileKey=v_panda-0bd665c7d.jar","md5":"74d91a4040f938089b01437b29867cd9"},{"uniqueName":"stax-ex-1.8.1.jar","url":"https://jugg.sickworm.com/download_hot_update?version=3.0.35-release&fileKey=stax-ex-1.8.1.jar","md5":"8fea4418fa80e957e39c174cec08053c"},{"uniqueName":"okhttp-4.12.0.jar","url":"https://jugg.sickworm.com/download_hot_update?version=3.0.35-release&fileKey=okhttp-4.12.0.jar","md5":"6acba053af88fed87e710c6c29911d7c"},{"uniqueName":"dex-writer-2.1.jar","url":"https://jugg.sickworm.com/download_hot_update?version=3.0.35-release&fileKey=dex-writer-2.1.jar","md5":"401ec8782c0febd65ecac023d3ab90ad"},{"uniqueName":"v_iguana-12dc464b5.jar","url":"https://jugg.sickworm.com/download_hot_update?version=3.0.35-release&fileKey=v_iguana-12dc464b5.jar","md5":"91471d80b5a8aca52dad8764340a65fc"},{"uniqueName":"kotlin-stdlib-2.2.21.jar","url":"https://jugg.sickworm.com/download_hot_update?version=3.0.35-release&fileKey=kotlin-stdlib-2.2.21.jar","md5":"493bc156c79fe10064e9f6b605c8297c"},{"uniqueName":"kotlinx-coroutines-core-jvm-1.6.4.jar","url":"https://jugg.sickworm.com/download_hot_update?version=3.0.35-release&fileKey=kotlinx-coroutines-core-jvm-1.6.4.jar","md5":"9ba1873872fe1406d39bc40683050c45"},{"uniqueName":"commons-io-2.13.0.jar","url":"https://jugg.sickworm.com/download_hot_update?version=3.0.35-release&fileKey=commons-io-2.13.0.jar","md5":"8d000fa8939b71b8894637f0ef6ea28c"},{"uniqueName":"jugg-repackage-asm-9.8.jar","url":"https://jugg.sickworm.com/download_hot_update?version=3.0.35-release&fileKey=jugg-repackage-asm-9.8.jar","md5":"83193072c4e696be9de47a8a7a5d4ad1"},{"uniqueName":"idea-3.0.35-release.jar","url":"https://jugg.sickworm.com/download_hot_update?version=3.0.35-release&fileKey=idea-3.0.35-release.jar","md5":"37fdb17712746aaae3b7e00d4c392569"},{"uniqueName":"kotlin-android-extensions-1.9.23_modified.jar","url":"https://jugg.sickworm.com/download_hot_update?version=3.0.35-release&fileKey=kotlin-android-extensions-1.9.23_modified.jar","md5":"e5ef8e367b28103cdb2e497f4bf63545"},{"uniqueName":"auto-common-0.10.jar","url":"https://jugg.sickworm.com/download_hot_update?version=3.0.35-release&fileKey=auto-common-0.10.jar","md5":"1d531d399cde06e9ab49b7d84e7603dc"},{"uniqueName":"kotlin-metadata-jvm-2.2.21.jar","url":"https://jugg.sickworm.com/download_hot_update?version=3.0.35-release&fileKey=kotlin-metadata-jvm-2.2.21.jar","md5":"8a642fb1eaaaedfc37a11a0754e6802c"},{"uniqueName":"jsch-0.2.16.jar","url":"https://jugg.sickworm.com/download_hot_update?version=3.0.35-release&fileKey=jsch-0.2.16.jar","md5":"589aba7ea9cd9d438307c5076997c479"},{"uniqueName":"v_chipmunk-21061cc13.jar","url":"https://jugg.sickworm.com/download_hot_update?version=3.0.35-release&fileKey=v_chipmunk-21061cc13.jar","md5":"415de684987d18b0cb7e61effa43f666"},{"uniqueName":"kotlin-stdlib-jdk8-1.9.23.jar","url":"https://jugg.sickworm.com/download_hot_update?version=3.0.35-release&fileKey=kotlin-stdlib-jdk8-1.9.23.jar","md5":"c98840426f61010d8212343807f646e8"},{"uniqueName":"main-3a9e106d9.jar","url":"https://jugg.sickworm.com/download_hot_update?version=3.0.35-release&fileKey=main-3a9e106d9.jar","md5":"8087bbc77c68ea1d84e88e5fd4246906"},{"uniqueName":"interface-1d2fe1215.jar","url":"https://jugg.sickworm.com/download_hot_update?version=3.0.35-release&fileKey=interface-1d2fe1215.jar","md5":"334b52cc7d5ee3c48bbcd6baf84718a0"},{"uniqueName":"sqlite-jdbc-3.42.0.0-lite.jar","url":"https://jugg.sickworm.com/download_hot_update?version=3.0.35-release&fileKey=sqlite-jdbc-3.42.0.0-lite.jar","md5":"3a6532c30c1842c5d5bacb8317077719"},{"uniqueName":"istack-commons-runtime-3.0.8.jar","url":"https://jugg.sickworm.com/download_hot_update?version=3.0.35-release&fileKey=istack-commons-runtime-3.0.8.jar","md5":"d8555a2f242c55d6727b4d0e82ab8446"},{"uniqueName":"jetifier-core-1.0.0-beta10.jar","url":"https://jugg.sickworm.com/download_hot_update?version=3.0.35-release&fileKey=jetifier-core-1.0.0-beta10.jar","md5":"45a718d6bdbf73f9450dec94c2880f6c"},{"uniqueName":"txw2-2.3.2.jar","url":"https://jugg.sickworm.com/download_hot_update?version=3.0.35-release&fileKey=txw2-2.3.2.jar","md5":"3f278f148c5d27dc608c25cb7d093b94"},{"uniqueName":"v_meerkat-6717fd4bd.jar","url":"https://jugg.sickworm.com/download_hot_update?version=3.0.35-release&fileKey=v_meerkat-6717fd4bd.jar","md5":"9264e92c605fbde63e3dcb881c9b33e4"},{"uniqueName":"javaparser-core-3.17.0.jar","url":"https://jugg.sickworm.com/download_hot_update?version=3.0.35-release&fileKey=javaparser-core-3.17.0.jar","md5":"1cdfeabd6f748e469816a447c54f096e"},{"uniqueName":"v_hedgehog-3f5b2d677.jar","url":"https://jugg.sickworm.com/download_hot_update?version=3.0.35-release&fileKey=v_hedgehog-3f5b2d677.jar","md5":"1ca40429561290993e4c6770c803804b"}]}
[2026-08-04 10:49:57.653] [FINE   ] [JuggHotUpdateDownloader] checkHotUpdate: HotUpdateData(isNeedUpdate=true, targetVersion=3.0.35-release, updateInfo=NotificationData(title=Jugg 已更新至：3.0.35-release, content=<html><p>更新内容：(2026.07.23)</p><p>1. 修复复合工程存在同名 app 模块时 Application R.jar 丢失，导致增量编译找不到 R 的问题</p><p>2. 隐藏可恢复的 DataBinding 编译失败警告，仅保留调试日志</p><p>3. 修复 Android Studio Quail 单选设备时错误部署到所有已连接设备的问题</p></html>, buttonText=null, jumpUrl=null, isSticky=true), jarFileInfos=[JarFileInfo(uniqueName=kotlin-daemon-embeddable-1.9.23.jar, url=https://jugg.sickworm.com/download_hot_update?version=3.0.35-release&fileKey=kotlin-daemon-embeddable-1.9.23.jar, md5=9b1362b8576bd085058d8be2ae34c316), JarFileInfo(uniqueName=trove4j-1.0.20200330.jar, url=https://jugg.sickworm.com/download_hot_update?version=3.0.35-release&fileKey=trove4j-1.0.20200330.jar, md5=bb75697e375d588a9d3f8f2653b30f77), JarFileInfo(uniqueName=v_narwhal-12dc464b5.jar, url=https://jugg.sickworm.com/download_hot_update?version=3.0.35-release&fileKey=v_narwhal-12dc464b5.jar, md5=1c87efc67da528bb93b3ecf026320a7e), JarFileInfo(uniqueName=kotlin-reflect-1.9.23.jar, url=https://jugg.sickworm.com/download_hot_update?version=3.0.35-release&fileKey=kotlin-reflect-1.9.23.jar, md5=08f576baf497678c7a08b5cd14bc707a), JarFileInfo(uniqueName=databinding-compiler-common-8.7.3.jar, url=https://jugg.sickworm.com/download_hot_update?version=3.0.35-release&fileKey=databinding-compiler-common-8.7.3.jar, md5=eab0027e90ef13434c8d7e23e68cc3bb), JarFileInfo(uniqueName=JavaEWAH-1.2.3.jar, url=https://jugg.sickworm.com/download_hot_update?version=3.0.35-release&fileKey=JavaEWAH-1.2.3.jar, md5=8fdeda28c1fb10e67b3d79f86bef5e61), JarFileInfo(uniqueName=kotlinx-metadata-jvm-0.9.0.jar, url=https://jugg.sickworm.com/download_hot_update?version=3.0.35-release&fileKey=kotlinx-metadata-jvm-0.9.0.jar, md5=b339ca5ef7c29e18529bf487a0fb9f4d), JarFileInfo(uniqueName=v_narwhal_feature-12dc464b5.jar, url=https://jugg.sickworm.com/download_hot_update?version=3.0.35-release&fileKey=v_narwhal_feature-12dc464b5.jar, md5=21d5b536f6e1da6fd7722986d8cec17f), JarFileInfo(uniqueName=kotlin-script-runtime-1.9.23.jar, url=https://jugg.sickworm.com/download_hot_update?version=3.0.35-release&fileKey=kotlin-script-runtime-1.9.23.jar, md5=c741a84781d9661f79b3ad7b3cac63d5), JarFileInfo(uniqueName=FastInfoset-1.2.16.jar, url=https://jugg.sickworm.com/download_hot_update?version=3.0.35-release&fileKey=FastInfoset-1.2.16.jar, md5=f7f4be4695e2501a6d585beca305c74c), JarFileInfo(uniqueName=kotlin-stdlib-jdk7-1.9.23.jar, url=https://jugg.sickworm.com/download_hot_update?version=3.0.35-release&fileKey=kotlin-stdlib-jdk7-1.9.23.jar, md5=3818d01fbd742c4ef31bdccaa1825524), JarFileInfo(uniqueName=jakarta.xml.bind-api-2.3.2.jar, url=https://jugg.sickworm.com/download_hot_update?version=3.0.35-release&fileKey=jakarta.xml.bind-api-2.3.2.jar, md5=dabb40ba58199304c640b7bd8bb2fbac), JarFileInfo(uniqueName=gson-2.10.1.jar, url=https://jugg.sickworm.com/download_hot_update?version=3.0.35-release&fileKey=gson-2.10.1.jar, md5=df6097815738cb31fc56391553210843), JarFileInfo(uniqueName=databinding-compiler-8.7.3.jar, url=https://jugg.sickworm.com/download_hot_update?version=3.0.35-release&fileKey=databinding-compiler-8.7.3.jar, md5=20c1d22a79fcfed926a47493708c1c02), JarFileInfo(uniqueName=javapoet-1.10.0.jar, url=https://jugg.sickworm.com/download_hot_update?version=3.0.35-release&fileKey=javapoet-1.10.0.jar, md5=58f542814fa3501790a57c212f20dafe), JarFileInfo(uniqueName=v_otter-0bd665c7d.jar, url=https://jugg.sickworm.com/download_hot_update?version=3.0.35-release&fileKey=v_otter-0bd665c7d.jar, md5=c6c18314450bcb3a8966af031dbfbbca), JarFileInfo(uniqueName=annotations-13.0.jar, url=https://jugg.sickworm.com/download_hot_update?version=3.0.35-release&fileKey=annotations-13.0.jar, md5=f4fb462172517b46b6cd90003508515a), JarFileInfo(uniqueName=aapt2-inclink-ae75b9235.jar, url=https://jugg.sickworm.com/download_hot_update?version=3.0.35-release&fileKey=aapt2-inclink-ae75b9235.jar, md5=5a950f00b73be8231db08ce156bd084e), JarFileInfo(uniqueName=classgraph-4.8.110.jar, url=https://jugg.sickworm.com/download_hot_update?version=3.0.35-release&fileKey=classgraph-4.8.110.jar, md5=8a9143146fb4e5089159a8eba84c34ee), JarFileInfo(uniqueName=v_giraffe-21061cc13.jar, url=https://jugg.sickworm.com/download_hot_update?version=3.0.35-release&fileKey=v_giraffe-21061cc13.jar, md5=7ac4f7c12576f6f3498e48558a3c6d26), JarFileInfo(uniqueName=jugg-repackage-asm-tree-9.8.jar, url=https://jugg.sickworm.com/download_hot_update?version=3.0.35-release&fileKey=jugg-repackage-asm-tree-9.8.jar, md5=f9e2cd9467098c52d353736c12407e70), JarFileInfo(uniqueName=jugg-repackage-asm-commons-9.8.jar, url=https://jugg.sickworm.com/download_hot_update?version=3.0.35-release&fileKey=jugg-repackage-asm-commons-9.8.jar, md5=669e4797e611944b7ee7e05be66668a3), JarFileInfo(uniqueName=commons-codec-1.16.0.jar, url=https://jugg.sickworm.com/download_hot_update?version=3.0.35-release&fileKey=commons-codec-1.16.0.jar, md5=6e26920fa7228891980890cce06b718c), JarFileInfo(uniqueName=baseLibrary-8.7.3.jar, url=https://jugg.sickworm.com/download_hot_update?version=3.0.35-release&fileKey=baseLibrary-8.7.3.jar, md5=d4fb415454f1c7211401c41c9be31e05), JarFileInfo(uniqueName=databinding-common-8.7.3.jar, url=https://jugg.sickworm.com/download_hot_update?version=3.0.35-release&fileKey=databinding-common-8.7.3.jar, md5=53eabd81209a65d44483e3f3460cda42), JarFileInfo(uniqueName=org.eclipse.jgit-6.8.0.202311291450-r.jar, url=https://jugg.sickworm.com/download_hot_update?version=3.0.35-release&fileKey=org.eclipse.jgit-6.8.0.202311291450-r.jar, md5=7b4362927e7a0f004ce94fd589dfb0ce), JarFileInfo(uniqueName=jakarta.activation-api-1.2.1.jar, url=https://jugg.sickworm.com/download_hot_update?version=3.0.35-release&fileKey=jakarta.activation-api-1.2.1.jar, md5=9b647398add993324d3d9e5effa6005a), JarFileInfo(uniqueName=dex-reader-api-2.1.jar, url=https://jugg.sickworm.com/download_hot_update?version=3.0.35-release&fileKey=dex-reader-api-2.1.jar, md5=5127ff8b033d6abe773d1b45d6ad7098), JarFileInfo(uniqueName=jaxb-runtime-2.3.2.jar, url=https://jugg.sickworm.com/download_hot_update?version=3.0.35-release&fileKey=jaxb-runtime-2.3.2.jar, md5=9c3bf13a58e56c1b955bf5a365ca10b2), JarFileInfo(uniqueName=kotlin-compiler-embeddable-1.9.23.jar, url=https://jugg.sickworm.com/download_hot_update?version=3.0.35-release&fileKey=kotlin-compiler-embeddable-1.9.23.jar, md5=197302b41a67b9e516873683cf3925b8), JarFileInfo(uniqueName=okio-jvm-3.6.0.jar, url=https://jugg.sickworm.com/download_hot_update?version=3.0.35-release&fileKey=okio-jvm-3.6.0.jar, md5=26370180ff99a7e8a12dcaac2a70cc6e), JarFileInfo(uniqueName=r8-8.4.21.jar, url=https://jugg.sickworm.com/download_hot_update?version=3.0.35-release&fileKey=r8-8.4.21.jar, md5=4c0eab3750756708f6a9da1d703a9046), JarFileInfo(uniqueName=juniversalchardet-1.0.3.jar, url=https://jugg.sickworm.com/download_hot_update?version=3.0.35-release&fileKey=juniversalchardet-1.0.3.jar, md5=d9ea0a9a275336c175b343f2e4cd8f27), JarFileInfo(uniqueName=dex-reader-2.1.jar, url=https://jugg.sickworm.com/download_hot_update?version=3.0.35-release&fileKey=dex-reader-2.1.jar, md5=0707784d37773cc37070fa7a672b979a), JarFileInfo(uniqueName=arscblamer-1.2.0.jar, url=https://jugg.sickworm.com/download_hot_update?version=3.0.35-release&fileKey=arscblamer-1.2.0.jar, md5=c35033307f3c63655c46c453ccd187c8), JarFileInfo(uniqueName=v_quail-786a1a6f2.jar, url=https://jugg.sickworm.com/download_hot_update?version=3.0.35-release&fileKey=v_quail-786a1a6f2.jar, md5=63f906d7c18cb808b56ee15b21550c4e), JarFileInfo(uniqueName=annotations-31.7.3.jar, url=https://jugg.sickworm.com/download_hot_update?version=3.0.35-release&fileKey=annotations-31.7.3.jar, md5=7be23e27227539b36c14255f6e90d537), JarFileInfo(uniqueName=v_panda-0bd665c7d.jar, url=https://jugg.sickworm.com/download_hot_update?version=3.0.35-release&fileKey=v_panda-0bd665c7d.jar, md5=74d91a4040f938089b01437b29867cd9), JarFileInfo(uniqueName=stax-ex-1.8.1.jar, url=https://jugg.sickworm.com/download_hot_update?version=3.0.35-release&fileKey=stax-ex-1.8.1.jar, md5=8fea4418fa80e957e39c174cec08053c), JarFileInfo(uniqueName=okhttp-4.12.0.jar, url=https://jugg.sickworm.com/download_hot_update?version=3.0.35-release&fileKey=okhttp-4.12.0.jar, md5=6acba053af88fed87e710c6c29911d7c), JarFileInfo(uniqueName=dex-writer-2.1.jar, url=https://jugg.sickworm.com/download_hot_update?version=3.0.35-release&fileKey=dex-writer-2.1.jar, md5=401ec8782c0febd65ecac023d3ab90ad), JarFileInfo(uniqueName=v_iguana-12dc464b5.jar, url=https://jugg.sickworm.com/download_hot_update?version=3.0.35-release&fileKey=v_iguana-12dc464b5.jar, md5=91471d80b5a8aca52dad8764340a65fc), JarFileInfo(uniqueName=kotlin-stdlib-2.2.21.jar, url=https://jugg.sickworm.com/download_hot_update?version=3.0.35-release&fileKey=kotlin-stdlib-2.2.21.jar, md5=493bc156c79fe10064e9f6b605c8297c), JarFileInfo(uniqueName=kotlinx-coroutines-core-jvm-1.6.4.jar, url=https://jugg.sickworm.com/download_hot_update?version=3.0.35-release&fileKey=kotlinx-coroutines-core-jvm-1.6.4.jar, md5=9ba1873872fe1406d39bc40683050c45), JarFileInfo(uniqueName=commons-io-2.13.0.jar, url=https://jugg.sickworm.com/download_hot_update?version=3.0.35-release&fileKey=commons-io-2.13.0.jar, md5=8d000fa8939b71b8894637f0ef6ea28c), JarFileInfo(uniqueName=jugg-repackage-asm-9.8.jar, url=https://jugg.sickworm.com/download_hot_update?version=3.0.35-release&fileKey=jugg-repackage-asm-9.8.jar, md5=83193072c4e696be9de47a8a7a5d4ad1), JarFileInfo(uniqueName=idea-3.0.35-release.jar, url=https://jugg.sickworm.com/download_hot_update?version=3.0.35-release&fileKey=idea-3.0.35-release.jar, md5=37fdb17712746aaae3b7e00d4c392569), JarFileInfo(uniqueName=kotlin-android-extensions-1.9.23_modified.jar, url=https://jugg.sickworm.com/download_hot_update?version=3.0.35-release&fileKey=kotlin-android-extensions-1.9.23_modified.jar, md5=e5ef8e367b28103cdb2e497f4bf63545), JarFileInfo(uniqueName=auto-common-0.10.jar, url=https://jugg.sickworm.com/download_hot_update?version=3.0.35-release&fileKey=auto-common-0.10.jar, md5=1d531d399cde06e9ab49b7d84e7603dc), JarFileInfo(uniqueName=kotlin-metadata-jvm-2.2.21.jar, url=https://jugg.sickworm.com/download_hot_update?version=3.0.35-release&fileKey=kotlin-metadata-jvm-2.2.21.jar, md5=8a642fb1eaaaedfc37a11a0754e6802c), JarFileInfo(uniqueName=jsch-0.2.16.jar, url=https://jugg.sickworm.com/download_hot_update?version=3.0.35-release&fileKey=jsch-0.2.16.jar, md5=589aba7ea9cd9d438307c5076997c479), JarFileInfo(uniqueName=v_chipmunk-21061cc13.jar, url=https://jugg.sickworm.com/download_hot_update?version=3.0.35-release&fileKey=v_chipmunk-21061cc13.jar, md5=415de684987d18b0cb7e61effa43f666), JarFileInfo(uniqueName=kotlin-stdlib-jdk8-1.9.23.jar, url=https://jugg.sickworm.com/download_hot_update?version=3.0.35-release&fileKey=kotlin-stdlib-jdk8-1.9.23.jar, md5=c98840426f61010d8212343807f646e8), JarFileInfo(uniqueName=main-3a9e106d9.jar, url=https://jugg.sickworm.com/download_hot_update?version=3.0.35-release&fileKey=main-3a9e106d9.jar, md5=8087bbc77c68ea1d84e88e5fd4246906), JarFileInfo(uniqueName=interface-1d2fe1215.jar, url=https://jugg.sickworm.com/download_hot_update?version=3.0.35-release&fileKey=interface-1d2fe1215.jar, md5=334b52cc7d5ee3c48bbcd6baf84718a0), JarFileInfo(uniqueName=sqlite-jdbc-3.42.0.0-lite.jar, url=https://jugg.sickworm.com/download_hot_update?version=3.0.35-release&fileKey=sqlite-jdbc-3.42.0.0-lite.jar, md5=3a6532c30c1842c5d5bacb8317077719), JarFileInfo(uniqueName=istack-commons-runtime-3.0.8.jar, url=https://jugg.sickworm.com/download_hot_update?version=3.0.35-release&fileKey=istack-commons-runtime-3.0.8.jar, md5=d8555a2f242c55d6727b4d0e82ab8446), JarFileInfo(uniqueName=jetifier-core-1.0.0-beta10.jar, url=https://jugg.sickworm.com/download_hot_update?version=3.0.35-release&fileKey=jetifier-core-1.0.0-beta10.jar, md5=45a718d6bdbf73f9450dec94c2880f6c), JarFileInfo(uniqueName=txw2-2.3.2.jar, url=https://jugg.sickworm.com/download_hot_update?version=3.0.35-release&fileKey=txw2-2.3.2.jar, md5=3f278f148c5d27dc608c25cb7d093b94), JarFileInfo(uniqueName=v_meerkat-6717fd4bd.jar, url=https://jugg.sickworm.com/download_hot_update?version=3.0.35-release&fileKey=v_meerkat-6717fd4bd.jar, md5=9264e92c605fbde63e3dcb881c9b33e4), JarFileInfo(uniqueName=javaparser-core-3.17.0.jar, url=https://jugg.sickworm.com/download_hot_update?version=3.0.35-release&fileKey=javaparser-core-3.17.0.jar, md5=1cdfeabd6f748e469816a447c54f096e), JarFileInfo(uniqueName=v_hedgehog-3f5b2d677.jar, url=https://jugg.sickworm.com/download_hot_update?version=3.0.35-release&fileKey=v_hedgehog-3f5b2d677.jar, md5=1ca40429561290993e4c6770c803804b)], isNeedReinstall=false)
[2026-08-04 10:49:57.654] [FINE   ] [JuggHotUpdateDownloader] downloadHotUpdate isUpdatedThisRuntime=true, just mark it success
[2026-08-04 10:49:58.620] [FINE   ] [JuggHotUpdateDownloader] checkHotUpdate: HotUpdateData(isNeedUpdate=true, targetVersion=3.0.35-release, updateInfo=NotificationData(title=Jugg 已更新至：3.0.35-release, content=<html><p>更新内容：(2026.07.23)</p><p>1. 修复复合工程存在同名 app 模块时 Application R.jar 丢失，导致增量编译找不到 R 的问题</p><p>2. 隐藏可恢复的 DataBinding 编译失败警告，仅保留调试日志</p><p>3. 修复 Android Studio Quail 单选设备时错误部署到所有已连接设备的问题</p></html>, buttonText=null, jumpUrl=null, isSticky=true), jarFileInfos=[JarFileInfo(uniqueName=kotlin-daemon-embeddable-1.9.23.jar, url=https://jugg.sickworm.com/download_hot_update?version=3.0.35-release&fileKey=kotlin-daemon-embeddable-1.9.23.jar, md5=9b1362b8576bd085058d8be2ae34c316), JarFileInfo(uniqueName=trove4j-1.0.20200330.jar, url=https://jugg.sickworm.com/download_hot_update?version=3.0.35-release&fileKey=trove4j-1.0.20200330.jar, md5=bb75697e375d588a9d3f8f2653b30f77), JarFileInfo(uniqueName=v_narwhal-12dc464b5.jar, url=https://jugg.sickworm.com/download_hot_update?version=3.0.35-release&fileKey=v_narwhal-12dc464b5.jar, md5=1c87efc67da528bb93b3ecf026320a7e), JarFileInfo(uniqueName=kotlin-reflect-1.9.23.jar, url=https://jugg.sickworm.com/download_hot_update?version=3.0.35-release&fileKey=kotlin-reflect-1.9.23.jar, md5=08f576baf497678c7a08b5cd14bc707a), JarFileInfo(uniqueName=databinding-compiler-common-8.7.3.jar, url=https://jugg.sickworm.com/download_hot_update?version=3.0.35-release&fileKey=databinding-compiler-common-8.7.3.jar, md5=eab0027e90ef13434c8d7e23e68cc3bb), JarFileInfo(uniqueName=JavaEWAH-1.2.3.jar, url=https://jugg.sickworm.com/download_hot_update?version=3.0.35-release&fileKey=JavaEWAH-1.2.3.jar, md5=8fdeda28c1fb10e67b3d79f86bef5e61), JarFileInfo(uniqueName=kotlinx-metadata-jvm-0.9.0.jar, url=https://jugg.sickworm.com/download_hot_update?version=3.0.35-release&fileKey=kotlinx-metadata-jvm-0.9.0.jar, md5=b339ca5ef7c29e18529bf487a0fb9f4d), JarFileInfo(uniqueName=v_narwhal_feature-12dc464b5.jar, url=https://jugg.sickworm.com/download_hot_update?version=3.0.35-release&fileKey=v_narwhal_feature-12dc464b5.jar, md5=21d5b536f6e1da6fd7722986d8cec17f), JarFileInfo(uniqueName=kotlin-script-runtime-1.9.23.jar, url=https://jugg.sickworm.com/download_hot_update?version=3.0.35-release&fileKey=kotlin-script-runtime-1.9.23.jar, md5=c741a84781d9661f79b3ad7b3cac63d5), JarFileInfo(uniqueName=FastInfoset-1.2.16.jar, url=https://jugg.sickworm.com/download_hot_update?version=3.0.35-release&fileKey=FastInfoset-1.2.16.jar, md5=f7f4be4695e2501a6d585beca305c74c), JarFileInfo(uniqueName=kotlin-stdlib-jdk7-1.9.23.jar, url=https://jugg.sickworm.com/download_hot_update?version=3.0.35-release&fileKey=kotlin-stdlib-jdk7-1.9.23.jar, md5=3818d01fbd742c4ef31bdccaa1825524), JarFileInfo(uniqueName=jakarta.xml.bind-api-2.3.2.jar, url=https://jugg.sickworm.com/download_hot_update?version=3.0.35-release&fileKey=jakarta.xml.bind-api-2.3.2.jar, md5=dabb40ba58199304c640b7bd8bb2fbac), JarFileInfo(uniqueName=gson-2.10.1.jar, url=https://jugg.sickworm.com/download_hot_update?version=3.0.35-release&fileKey=gson-2.10.1.jar, md5=df6097815738cb31fc56391553210843), JarFileInfo(uniqueName=databinding-compiler-8.7.3.jar, url=https://jugg.sickworm.com/download_hot_update?version=3.0.35-release&fileKey=databinding-compiler-8.7.3.jar, md5=20c1d22a79fcfed926a47493708c1c02), JarFileInfo(uniqueName=javapoet-1.10.0.jar, url=https://jugg.sickworm.com/download_hot_update?version=3.0.35-release&fileKey=javapoet-1.10.0.jar, md5=58f542814fa3501790a57c212f20dafe), JarFileInfo(uniqueName=v_otter-0bd665c7d.jar, url=https://jugg.sickworm.com/download_hot_update?version=3.0.35-release&fileKey=v_otter-0bd665c7d.jar, md5=c6c18314450bcb3a8966af031dbfbbca), JarFileInfo(uniqueName=annotations-13.0.jar, url=https://jugg.sickworm.com/download_hot_update?version=3.0.35-release&fileKey=annotations-13.0.jar, md5=f4fb462172517b46b6cd90003508515a), JarFileInfo(uniqueName=aapt2-inclink-ae75b9235.jar, url=https://jugg.sickworm.com/download_hot_update?version=3.0.35-release&fileKey=aapt2-inclink-ae75b9235.jar, md5=5a950f00b73be8231db08ce156bd084e), JarFileInfo(uniqueName=classgraph-4.8.110.jar, url=https://jugg.sickworm.com/download_hot_update?version=3.0.35-release&fileKey=classgraph-4.8.110.jar, md5=8a9143146fb4e5089159a8eba84c34ee), JarFileInfo(uniqueName=v_giraffe-21061cc13.jar, url=https://jugg.sickworm.com/download_hot_update?version=3.0.35-release&fileKey=v_giraffe-21061cc13.jar, md5=7ac4f7c12576f6f3498e48558a3c6d26), JarFileInfo(uniqueName=jugg-repackage-asm-tree-9.8.jar, url=https://jugg.sickworm.com/download_hot_update?version=3.0.35-release&fileKey=jugg-repackage-asm-tree-9.8.jar, md5=f9e2cd9467098c52d353736c12407e70), JarFileInfo(uniqueName=jugg-repackage-asm-commons-9.8.jar, url=https://jugg.sickworm.com/download_hot_update?version=3.0.35-release&fileKey=jugg-repackage-asm-commons-9.8.jar, md5=669e4797e611944b7ee7e05be66668a3), JarFileInfo(uniqueName=commons-codec-1.16.0.jar, url=https://jugg.sickworm.com/download_hot_update?version=3.0.35-release&fileKey=commons-codec-1.16.0.jar, md5=6e26920fa7228891980890cce06b718c), JarFileInfo(uniqueName=baseLibrary-8.7.3.jar, url=https://jugg.sickworm.com/download_hot_update?version=3.0.35-release&fileKey=baseLibrary-8.7.3.jar, md5=d4fb415454f1c7211401c41c9be31e05), JarFileInfo(uniqueName=databinding-common-8.7.3.jar, url=https://jugg.sickworm.com/download_hot_update?version=3.0.35-release&fileKey=databinding-common-8.7.3.jar, md5=53eabd81209a65d44483e3f3460cda42), JarFileInfo(uniqueName=org.eclipse.jgit-6.8.0.202311291450-r.jar, url=https://jugg.sickworm.com/download_hot_update?version=3.0.35-release&fileKey=org.eclipse.jgit-6.8.0.202311291450-r.jar, md5=7b4362927e7a0f004ce94fd589dfb0ce), JarFileInfo(uniqueName=jakarta.activation-api-1.2.1.jar, url=https://jugg.sickworm.com/download_hot_update?version=3.0.35-release&fileKey=jakarta.activation-api-1.2.1.jar, md5=9b647398add993324d3d9e5effa6005a), JarFileInfo(uniqueName=dex-reader-api-2.1.jar, url=https://jugg.sickworm.com/download_hot_update?version=3.0.35-release&fileKey=dex-reader-api-2.1.jar, md5=5127ff8b033d6abe773d1b45d6ad7098), JarFileInfo(uniqueName=jaxb-runtime-2.3.2.jar, url=https://jugg.sickworm.com/download_hot_update?version=3.0.35-release&fileKey=jaxb-runtime-2.3.2.jar, md5=9c3bf13a58e56c1b955bf5a365ca10b2), JarFileInfo(uniqueName=kotlin-compiler-embeddable-1.9.23.jar, url=https://jugg.sickworm.com/download_hot_update?version=3.0.35-release&fileKey=kotlin-compiler-embeddable-1.9.23.jar, md5=197302b41a67b9e516873683cf3925b8), JarFileInfo(uniqueName=okio-jvm-3.6.0.jar, url=https://jugg.sickworm.com/download_hot_update?version=3.0.35-release&fileKey=okio-jvm-3.6.0.jar, md5=26370180ff99a7e8a12dcaac2a70cc6e), JarFileInfo(uniqueName=r8-8.4.21.jar, url=https://jugg.sickworm.com/download_hot_update?version=3.0.35-release&fileKey=r8-8.4.21.jar, md5=4c0eab3750756708f6a9da1d703a9046), JarFileInfo(uniqueName=juniversalchardet-1.0.3.jar, url=https://jugg.sickworm.com/download_hot_update?version=3.0.35-release&fileKey=juniversalchardet-1.0.3.jar, md5=d9ea0a9a275336c175b343f2e4cd8f27), JarFileInfo(uniqueName=dex-reader-2.1.jar, url=https://jugg.sickworm.com/download_hot_update?version=3.0.35-release&fileKey=dex-reader-2.1.jar, md5=0707784d37773cc37070fa7a672b979a), JarFileInfo(uniqueName=arscblamer-1.2.0.jar, url=https://jugg.sickworm.com/download_hot_update?version=3.0.35-release&fileKey=arscblamer-1.2.0.jar, md5=c35033307f3c63655c46c453ccd187c8), JarFileInfo(uniqueName=v_quail-786a1a6f2.jar, url=https://jugg.sickworm.com/download_hot_update?version=3.0.35-release&fileKey=v_quail-786a1a6f2.jar, md5=63f906d7c18cb808b56ee15b21550c4e), JarFileInfo(uniqueName=annotations-31.7.3.jar, url=https://jugg.sickworm.com/download_hot_update?version=3.0.35-release&fileKey=annotations-31.7.3.jar, md5=7be23e27227539b36c14255f6e90d537), JarFileInfo(uniqueName=v_panda-0bd665c7d.jar, url=https://jugg.sickworm.com/download_hot_update?version=3.0.35-release&fileKey=v_panda-0bd665c7d.jar, md5=74d91a4040f938089b01437b29867cd9), JarFileInfo(uniqueName=stax-ex-1.8.1.jar, url=https://jugg.sickworm.com/download_hot_update?version=3.0.35-release&fileKey=stax-ex-1.8.1.jar, md5=8fea4418fa80e957e39c174cec08053c), JarFileInfo(uniqueName=okhttp-4.12.0.jar, url=https://jugg.sickworm.com/download_hot_update?version=3.0.35-release&fileKey=okhttp-4.12.0.jar, md5=6acba053af88fed87e710c6c29911d7c), JarFileInfo(uniqueName=dex-writer-2.1.jar, url=https://jugg.sickworm.com/download_hot_update?version=3.0.35-release&fileKey=dex-writer-2.1.jar, md5=401ec8782c0febd65ecac023d3ab90ad), JarFileInfo(uniqueName=v_iguana-12dc464b5.jar, url=https://jugg.sickworm.com/download_hot_update?version=3.0.35-release&fileKey=v_iguana-12dc464b5.jar, md5=91471d80b5a8aca52dad8764340a65fc), JarFileInfo(uniqueName=kotlin-stdlib-2.2.21.jar, url=https://jugg.sickworm.com/download_hot_update?version=3.0.35-release&fileKey=kotlin-stdlib-2.2.21.jar, md5=493bc156c79fe10064e9f6b605c8297c), JarFileInfo(uniqueName=kotlinx-coroutines-core-jvm-1.6.4.jar, url=https://jugg.sickworm.com/download_hot_update?version=3.0.35-release&fileKey=kotlinx-coroutines-core-jvm-1.6.4.jar, md5=9ba1873872fe1406d39bc40683050c45), JarFileInfo(uniqueName=commons-io-2.13.0.jar, url=https://jugg.sickworm.com/download_hot_update?version=3.0.35-release&fileKey=commons-io-2.13.0.jar, md5=8d000fa8939b71b8894637f0ef6ea28c), JarFileInfo(uniqueName=jugg-repackage-asm-9.8.jar, url=https://jugg.sickworm.com/download_hot_update?version=3.0.35-release&fileKey=jugg-repackage-asm-9.8.jar, md5=83193072c4e696be9de47a8a7a5d4ad1), JarFileInfo(uniqueName=idea-3.0.35-release.jar, url=https://jugg.sickworm.com/download_hot_update?version=3.0.35-release&fileKey=idea-3.0.35-release.jar, md5=37fdb17712746aaae3b7e00d4c392569), JarFileInfo(uniqueName=kotlin-android-extensions-1.9.23_modified.jar, url=https://jugg.sickworm.com/download_hot_update?version=3.0.35-release&fileKey=kotlin-android-extensions-1.9.23_modified.jar, md5=e5ef8e367b28103cdb2e497f4bf63545), JarFileInfo(uniqueName=auto-common-0.10.jar, url=https://jugg.sickworm.com/download_hot_update?version=3.0.35-release&fileKey=auto-common-0.10.jar, md5=1d531d399cde06e9ab49b7d84e7603dc), JarFileInfo(uniqueName=kotlin-metadata-jvm-2.2.21.jar, url=https://jugg.sickworm.com/download_hot_update?version=3.0.35-release&fileKey=kotlin-metadata-jvm-2.2.21.jar, md5=8a642fb1eaaaedfc37a11a0754e6802c), JarFileInfo(uniqueName=jsch-0.2.16.jar, url=https://jugg.sickworm.com/download_hot_update?version=3.0.35-release&fileKey=jsch-0.2.16.jar, md5=589aba7ea9cd9d438307c5076997c479), JarFileInfo(uniqueName=v_chipmunk-21061cc13.jar, url=https://jugg.sickworm.com/download_hot_update?version=3.0.35-release&fileKey=v_chipmunk-21061cc13.jar, md5=415de684987d18b0cb7e61effa43f666), JarFileInfo(uniqueName=kotlin-stdlib-jdk8-1.9.23.jar, url=https://jugg.sickworm.com/download_hot_update?version=3.0.35-release&fileKey=kotlin-stdlib-jdk8-1.9.23.jar, md5=c98840426f61010d8212343807f646e8), JarFileInfo(uniqueName=main-3a9e106d9.jar, url=https://jugg.sickworm.com/download_hot_update?version=3.0.35-release&fileKey=main-3a9e106d9.jar, md5=8087bbc77c68ea1d84e88e5fd4246906), JarFileInfo(uniqueName=interface-1d2fe1215.jar, url=https://jugg.sickworm.com/download_hot_update?version=3.0.35-release&fileKey=interface-1d2fe1215.jar, md5=334b52cc7d5ee3c48bbcd6baf84718a0), JarFileInfo(uniqueName=sqlite-jdbc-3.42.0.0-lite.jar, url=https://jugg.sickworm.com/download_hot_update?version=3.0.35-release&fileKey=sqlite-jdbc-3.42.0.0-lite.jar, md5=3a6532c30c1842c5d5bacb8317077719), JarFileInfo(uniqueName=istack-commons-runtime-3.0.8.jar, url=https://jugg.sickworm.com/download_hot_update?version=3.0.35-release&fileKey=istack-commons-runtime-3.0.8.jar, md5=d8555a2f242c55d6727b4d0e82ab8446), JarFileInfo(uniqueName=jetifier-core-1.0.0-beta10.jar, url=https://jugg.sickworm.com/download_hot_update?version=3.0.35-release&fileKey=jetifier-core-1.0.0-beta10.jar, md5=45a718d6bdbf73f9450dec94c2880f6c), JarFileInfo(uniqueName=txw2-2.3.2.jar, url=https://jugg.sickworm.com/download_hot_update?version=3.0.35-release&fileKey=txw2-2.3.2.jar, md5=3f278f148c5d27dc608c25cb7d093b94), JarFileInfo(uniqueName=v_meerkat-6717fd4bd.jar, url=https://jugg.sickworm.com/download_hot_update?version=3.0.35-release&fileKey=v_meerkat-6717fd4bd.jar, md5=9264e92c605fbde63e3dcb881c9b33e4), JarFileInfo(uniqueName=javaparser-core-3.17.0.jar, url=https://jugg.sickworm.com/download_hot_update?version=3.0.35-release&fileKey=javaparser-core-3.17.0.jar, md5=1cdfeabd6f748e469816a447c54f096e), JarFileInfo(uniqueName=v_hedgehog-3f5b2d677.jar, url=https://jugg.sickworm.com/download_hot_update?version=3.0.35-release&fileKey=v_hedgehog-3f5b2d677.jar, md5=1ca40429561290993e4c6770c803804b)], isNeedReinstall=false)
[2026-08-04 10:49:58.621] [FINE   ] [JuggHotUpdateDownloader] downloadHotUpdate isUpdatedThisRuntime=true, just mark it success
[2026-08-04 10:50:21.907] [FINE   ] [JuggHotUpdateDownloader] checkHotUpdate: HotUpdateData(isNeedUpdate=true, targetVersion=3.0.35-release, updateInfo=NotificationData(title=Jugg 已更新至：3.0.35-release, content=<html><p>更新内容：(2026.07.23)</p><p>1. 修复复合工程存在同名 app 模块时 Application R.jar 丢失，导致增量编译找不到 R 的问题</p><p>2. 隐藏可恢复的 DataBinding 编译失败警告，仅保留调试日志</p><p>3. 修复 Android Studio Quail 单选设备时错误部署到所有已连接设备的问题</p></html>, buttonText=null, jumpUrl=null, isSticky=true), jarFileInfos=[JarFileInfo(uniqueName=kotlin-daemon-embeddable-1.9.23.jar, url=https://jugg.sickworm.com/download_hot_update?version=3.0.35-release&fileKey=kotlin-daemon-embeddable-1.9.23.jar, md5=9b1362b8576bd085058d8be2ae34c316), JarFileInfo(uniqueName=trove4j-1.0.20200330.jar, url=https://jugg.sickworm.com/download_hot_update?version=3.0.35-release&fileKey=trove4j-1.0.20200330.jar, md5=bb75697e375d588a9d3f8f2653b30f77), JarFileInfo(uniqueName=v_narwhal-12dc464b5.jar, url=https://jugg.sickworm.com/download_hot_update?version=3.0.35-release&fileKey=v_narwhal-12dc464b5.jar, md5=1c87efc67da528bb93b3ecf026320a7e), JarFileInfo(uniqueName=kotlin-reflect-1.9.23.jar, url=https://jugg.sickworm.com/download_hot_update?version=3.0.35-release&fileKey=kotlin-reflect-1.9.23.jar, md5=08f576baf497678c7a08b5cd14bc707a), JarFileInfo(uniqueName=databinding-compiler-common-8.7.3.jar, url=https://jugg.sickworm.com/download_hot_update?version=3.0.35-release&fileKey=databinding-compiler-common-8.7.3.jar, md5=eab0027e90ef13434c8d7e23e68cc3bb), JarFileInfo(uniqueName=JavaEWAH-1.2.3.jar, url=https://jugg.sickworm.com/download_hot_update?version=3.0.35-release&fileKey=JavaEWAH-1.2.3.jar, md5=8fdeda28c1fb10e67b3d79f86bef5e61), JarFileInfo(uniqueName=kotlinx-metadata-jvm-0.9.0.jar, url=https://jugg.sickworm.com/download_hot_update?version=3.0.35-release&fileKey=kotlinx-metadata-jvm-0.9.0.jar, md5=b339ca5ef7c29e18529bf487a0fb9f4d), JarFileInfo(uniqueName=v_narwhal_feature-12dc464b5.jar, url=https://jugg.sickworm.com/download_hot_update?version=3.0.35-release&fileKey=v_narwhal_feature-12dc464b5.jar, md5=21d5b536f6e1da6fd7722986d8cec17f), JarFileInfo(uniqueName=kotlin-script-runtime-1.9.23.jar, url=https://jugg.sickworm.com/download_hot_update?version=3.0.35-release&fileKey=kotlin-script-runtime-1.9.23.jar, md5=c741a84781d9661f79b3ad7b3cac63d5), JarFileInfo(uniqueName=FastInfoset-1.2.16.jar, url=https://jugg.sickworm.com/download_hot_update?version=3.0.35-release&fileKey=FastInfoset-1.2.16.jar, md5=f7f4be4695e2501a6d585beca305c74c), JarFileInfo(uniqueName=kotlin-stdlib-jdk7-1.9.23.jar, url=https://jugg.sickworm.com/download_hot_update?version=3.0.35-release&fileKey=kotlin-stdlib-jdk7-1.9.23.jar, md5=3818d01fbd742c4ef31bdccaa1825524), JarFileInfo(uniqueName=jakarta.xml.bind-api-2.3.2.jar, url=https://jugg.sickworm.com/download_hot_update?version=3.0.35-release&fileKey=jakarta.xml.bind-api-2.3.2.jar, md5=dabb40ba58199304c640b7bd8bb2fbac), JarFileInfo(uniqueName=gson-2.10.1.jar, url=https://jugg.sickworm.com/download_hot_update?version=3.0.35-release&fileKey=gson-2.10.1.jar, md5=df6097815738cb31fc56391553210843), JarFileInfo(uniqueName=databinding-compiler-8.7.3.jar, url=https://jugg.sickworm.com/download_hot_update?version=3.0.35-release&fileKey=databinding-compiler-8.7.3.jar, md5=20c1d22a79fcfed926a47493708c1c02), JarFileInfo(uniqueName=javapoet-1.10.0.jar, url=https://jugg.sickworm.com/download_hot_update?version=3.0.35-release&fileKey=javapoet-1.10.0.jar, md5=58f542814fa3501790a57c212f20dafe), JarFileInfo(uniqueName=v_otter-0bd665c7d.jar, url=https://jugg.sickworm.com/download_hot_update?version=3.0.35-release&fileKey=v_otter-0bd665c7d.jar, md5=c6c18314450bcb3a8966af031dbfbbca), JarFileInfo(uniqueName=annotations-13.0.jar, url=https://jugg.sickworm.com/download_hot_update?version=3.0.35-release&fileKey=annotations-13.0.jar, md5=f4fb462172517b46b6cd90003508515a), JarFileInfo(uniqueName=aapt2-inclink-ae75b9235.jar, url=https://jugg.sickworm.com/download_hot_update?version=3.0.35-release&fileKey=aapt2-inclink-ae75b9235.jar, md5=5a950f00b73be8231db08ce156bd084e), JarFileInfo(uniqueName=classgraph-4.8.110.jar, url=https://jugg.sickworm.com/download_hot_update?version=3.0.35-release&fileKey=classgraph-4.8.110.jar, md5=8a9143146fb4e5089159a8eba84c34ee), JarFileInfo(uniqueName=v_giraffe-21061cc13.jar, url=https://jugg.sickworm.com/download_hot_update?version=3.0.35-release&fileKey=v_giraffe-21061cc13.jar, md5=7ac4f7c12576f6f3498e48558a3c6d26), JarFileInfo(uniqueName=jugg-repackage-asm-tree-9.8.jar, url=https://jugg.sickworm.com/download_hot_update?version=3.0.35-release&fileKey=jugg-repackage-asm-tree-9.8.jar, md5=f9e2cd9467098c52d353736c12407e70), JarFileInfo(uniqueName=jugg-repackage-asm-commons-9.8.jar, url=https://jugg.sickworm.com/download_hot_update?version=3.0.35-release&fileKey=jugg-repackage-asm-commons-9.8.jar, md5=669e4797e611944b7ee7e05be66668a3), JarFileInfo(uniqueName=commons-codec-1.16.0.jar, url=https://jugg.sickworm.com/download_hot_update?version=3.0.35-release&fileKey=commons-codec-1.16.0.jar, md5=6e26920fa7228891980890cce06b718c), JarFileInfo(uniqueName=baseLibrary-8.7.3.jar, url=https://jugg.sickworm.com/download_hot_update?version=3.0.35-release&fileKey=baseLibrary-8.7.3.jar, md5=d4fb415454f1c7211401c41c9be31e05), JarFileInfo(uniqueName=databinding-common-8.7.3.jar, url=https://jugg.sickworm.com/download_hot_update?version=3.0.35-release&fileKey=databinding-common-8.7.3.jar, md5=53eabd81209a65d44483e3f3460cda42), JarFileInfo(uniqueName=org.eclipse.jgit-6.8.0.202311291450-r.jar, url=https://jugg.sickworm.com/download_hot_update?version=3.0.35-release&fileKey=org.eclipse.jgit-6.8.0.202311291450-r.jar, md5=7b4362927e7a0f004ce94fd589dfb0ce), JarFileInfo(uniqueName=jakarta.activation-api-1.2.1.jar, url=https://jugg.sickworm.com/download_hot_update?version=3.0.35-release&fileKey=jakarta.activation-api-1.2.1.jar, md5=9b647398add993324d3d9e5effa6005a), JarFileInfo(uniqueName=dex-reader-api-2.1.jar, url=https://jugg.sickworm.com/download_hot_update?version=3.0.35-release&fileKey=dex-reader-api-2.1.jar, md5=5127ff8b033d6abe773d1b45d6ad7098), JarFileInfo(uniqueName=jaxb-runtime-2.3.2.jar, url=https://jugg.sickworm.com/download_hot_update?version=3.0.35-release&fileKey=jaxb-runtime-2.3.2.jar, md5=9c3bf13a58e56c1b955bf5a365ca10b2), JarFileInfo(uniqueName=kotlin-compiler-embeddable-1.9.23.jar, url=https://jugg.sickworm.com/download_hot_update?version=3.0.35-release&fileKey=kotlin-compiler-embeddable-1.9.23.jar, md5=197302b41a67b9e516873683cf3925b8), JarFileInfo(uniqueName=okio-jvm-3.6.0.jar, url=https://jugg.sickworm.com/download_hot_update?version=3.0.35-release&fileKey=okio-jvm-3.6.0.jar, md5=26370180ff99a7e8a12dcaac2a70cc6e), JarFileInfo(uniqueName=r8-8.4.21.jar, url=https://jugg.sickworm.com/download_hot_update?version=3.0.35-release&fileKey=r8-8.4.21.jar, md5=4c0eab3750756708f6a9da1d703a9046), JarFileInfo(uniqueName=juniversalchardet-1.0.3.jar, url=https://jugg.sickworm.com/download_hot_update?version=3.0.35-release&fileKey=juniversalchardet-1.0.3.jar, md5=d9ea0a9a275336c175b343f2e4cd8f27), JarFileInfo(uniqueName=dex-reader-2.1.jar, url=https://jugg.sickworm.com/download_hot_update?version=3.0.35-release&fileKey=dex-reader-2.1.jar, md5=0707784d37773cc37070fa7a672b979a), JarFileInfo(uniqueName=arscblamer-1.2.0.jar, url=https://jugg.sickworm.com/download_hot_update?version=3.0.35-release&fileKey=arscblamer-1.2.0.jar, md5=c35033307f3c63655c46c453ccd187c8), JarFileInfo(uniqueName=v_quail-786a1a6f2.jar, url=https://jugg.sickworm.com/download_hot_update?version=3.0.35-release&fileKey=v_quail-786a1a6f2.jar, md5=63f906d7c18cb808b56ee15b21550c4e), JarFileInfo(uniqueName=annotations-31.7.3.jar, url=https://jugg.sickworm.com/download_hot_update?version=3.0.35-release&fileKey=annotations-31.7.3.jar, md5=7be23e27227539b36c14255f6e90d537), JarFileInfo(uniqueName=v_panda-0bd665c7d.jar, url=https://jugg.sickworm.com/download_hot_update?version=3.0.35-release&fileKey=v_panda-0bd665c7d.jar, md5=74d91a4040f938089b01437b29867cd9), JarFileInfo(uniqueName=stax-ex-1.8.1.jar, url=https://jugg.sickworm.com/download_hot_update?version=3.0.35-release&fileKey=stax-ex-1.8.1.jar, md5=8fea4418fa80e957e39c174cec08053c), JarFileInfo(uniqueName=okhttp-4.12.0.jar, url=https://jugg.sickworm.com/download_hot_update?version=3.0.35-release&fileKey=okhttp-4.12.0.jar, md5=6acba053af88fed87e710c6c29911d7c), JarFileInfo(uniqueName=dex-writer-2.1.jar, url=https://jugg.sickworm.com/download_hot_update?version=3.0.35-release&fileKey=dex-writer-2.1.jar, md5=401ec8782c0febd65ecac023d3ab90ad), JarFileInfo(uniqueName=v_iguana-12dc464b5.jar, url=https://jugg.sickworm.com/download_hot_update?version=3.0.35-release&fileKey=v_iguana-12dc464b5.jar, md5=91471d80b5a8aca52dad8764340a65fc), JarFileInfo(uniqueName=kotlin-stdlib-2.2.21.jar, url=https://jugg.sickworm.com/download_hot_update?version=3.0.35-release&fileKey=kotlin-stdlib-2.2.21.jar, md5=493bc156c79fe10064e9f6b605c8297c), JarFileInfo(uniqueName=kotlinx-coroutines-core-jvm-1.6.4.jar, url=https://jugg.sickworm.com/download_hot_update?version=3.0.35-release&fileKey=kotlinx-coroutines-core-jvm-1.6.4.jar, md5=9ba1873872fe1406d39bc40683050c45), JarFileInfo(uniqueName=commons-io-2.13.0.jar, url=https://jugg.sickworm.com/download_hot_update?version=3.0.35-release&fileKey=commons-io-2.13.0.jar, md5=8d000fa8939b71b8894637f0ef6ea28c), JarFileInfo(uniqueName=jugg-repackage-asm-9.8.jar, url=https://jugg.sickworm.com/download_hot_update?version=3.0.35-release&fileKey=jugg-repackage-asm-9.8.jar, md5=83193072c4e696be9de47a8a7a5d4ad1), JarFileInfo(uniqueName=idea-3.0.35-release.jar, url=https://jugg.sickworm.com/download_hot_update?version=3.0.35-release&fileKey=idea-3.0.35-release.jar, md5=37fdb17712746aaae3b7e00d4c392569), JarFileInfo(uniqueName=kotlin-android-extensions-1.9.23_modified.jar, url=https://jugg.sickworm.com/download_hot_update?version=3.0.35-release&fileKey=kotlin-android-extensions-1.9.23_modified.jar, md5=e5ef8e367b28103cdb2e497f4bf63545), JarFileInfo(uniqueName=auto-common-0.10.jar, url=https://jugg.sickworm.com/download_hot_update?version=3.0.35-release&fileKey=auto-common-0.10.jar, md5=1d531d399cde06e9ab49b7d84e7603dc), JarFileInfo(uniqueName=kotlin-metadata-jvm-2.2.21.jar, url=https://jugg.sickworm.com/download_hot_update?version=3.0.35-release&fileKey=kotlin-metadata-jvm-2.2.21.jar, md5=8a642fb1eaaaedfc37a11a0754e6802c), JarFileInfo(uniqueName=jsch-0.2.16.jar, url=https://jugg.sickworm.com/download_hot_update?version=3.0.35-release&fileKey=jsch-0.2.16.jar, md5=589aba7ea9cd9d438307c5076997c479), JarFileInfo(uniqueName=v_chipmunk-21061cc13.jar, url=https://jugg.sickworm.com/download_hot_update?version=3.0.35-release&fileKey=v_chipmunk-21061cc13.jar, md5=415de684987d18b0cb7e61effa43f666), JarFileInfo(uniqueName=kotlin-stdlib-jdk8-1.9.23.jar, url=https://jugg.sickworm.com/download_hot_update?version=3.0.35-release&fileKey=kotlin-stdlib-jdk8-1.9.23.jar, md5=c98840426f61010d8212343807f646e8), JarFileInfo(uniqueName=main-3a9e106d9.jar, url=https://jugg.sickworm.com/download_hot_update?version=3.0.35-release&fileKey=main-3a9e106d9.jar, md5=8087bbc77c68ea1d84e88e5fd4246906), JarFileInfo(uniqueName=interface-1d2fe1215.jar, url=https://jugg.sickworm.com/download_hot_update?version=3.0.35-release&fileKey=interface-1d2fe1215.jar, md5=334b52cc7d5ee3c48bbcd6baf84718a0), JarFileInfo(uniqueName=sqlite-jdbc-3.42.0.0-lite.jar, url=https://jugg.sickworm.com/download_hot_update?version=3.0.35-release&fileKey=sqlite-jdbc-3.42.0.0-lite.jar, md5=3a6532c30c1842c5d5bacb8317077719), JarFileInfo(uniqueName=istack-commons-runtime-3.0.8.jar, url=https://jugg.sickworm.com/download_hot_update?version=3.0.35-release&fileKey=istack-commons-runtime-3.0.8.jar, md5=d8555a2f242c55d6727b4d0e82ab8446), JarFileInfo(uniqueName=jetifier-core-1.0.0-beta10.jar, url=https://jugg.sickworm.com/download_hot_update?version=3.0.35-release&fileKey=jetifier-core-1.0.0-beta10.jar, md5=45a718d6bdbf73f9450dec94c2880f6c), JarFileInfo(uniqueName=txw2-2.3.2.jar, url=https://jugg.sickworm.com/download_hot_update?version=3.0.35-release&fileKey=txw2-2.3.2.jar, md5=3f278f148c5d27dc608c25cb7d093b94), JarFileInfo(uniqueName=v_meerkat-6717fd4bd.jar, url=https://jugg.sickworm.com/download_hot_update?version=3.0.35-release&fileKey=v_meerkat-6717fd4bd.jar, md5=9264e92c605fbde63e3dcb881c9b33e4), JarFileInfo(uniqueName=javaparser-core-3.17.0.jar, url=https://jugg.sickworm.com/download_hot_update?version=3.0.35-release&fileKey=javaparser-core-3.17.0.jar, md5=1cdfeabd6f748e469816a447c54f096e), JarFileInfo(uniqueName=v_hedgehog-3f5b2d677.jar, url=https://jugg.sickworm.com/download_hot_update?version=3.0.35-release&fileKey=v_hedgehog-3f5b2d677.jar, md5=1ca40429561290993e4c6770c803804b)], isNeedReinstall=false)
[2026-08-04 10:50:21.907] [FINE   ] [JuggHotUpdateDownloader] downloadHotUpdate isUpdatedThisRuntime=true, just mark it success
[2026-08-04 14:49:39.775] [FINE   ] [JuggHotUpdateDownloader] checkHotUpdate: HotUpdateData(isNeedUpdate=true, targetVersion=3.0.35-release, updateInfo=NotificationData(title=Jugg 已更新至：3.0.35-release, content=<html><p>更新内容：(2026.07.23)</p><p>1. 修复复合工程存在同名 app 模块时 Application R.jar 丢失，导致增量编译找不到 R 的问题</p><p>2. 隐藏可恢复的 DataBinding 编译失败警告，仅保留调试日志</p><p>3. 修复 Android Studio Quail 单选设备时错误部署到所有已连接设备的问题</p></html>, buttonText=null, jumpUrl=null, isSticky=true), jarFileInfos=[JarFileInfo(uniqueName=kotlin-daemon-embeddable-1.9.23.jar, url=https://jugg.sickworm.com/download_hot_update?version=3.0.35-release&fileKey=kotlin-daemon-embeddable-1.9.23.jar, md5=9b1362b8576bd085058d8be2ae34c316), JarFileInfo(uniqueName=trove4j-1.0.20200330.jar, url=https://jugg.sickworm.com/download_hot_update?version=3.0.35-release&fileKey=trove4j-1.0.20200330.jar, md5=bb75697e375d588a9d3f8f2653b30f77), JarFileInfo(uniqueName=v_narwhal-12dc464b5.jar, url=https://jugg.sickworm.com/download_hot_update?version=3.0.35-release&fileKey=v_narwhal-12dc464b5.jar, md5=1c87efc67da528bb93b3ecf026320a7e), JarFileInfo(uniqueName=kotlin-reflect-1.9.23.jar, url=https://jugg.sickworm.com/download_hot_update?version=3.0.35-release&fileKey=kotlin-reflect-1.9.23.jar, md5=08f576baf497678c7a08b5cd14bc707a), JarFileInfo(uniqueName=databinding-compiler-common-8.7.3.jar, url=https://jugg.sickworm.com/download_hot_update?version=3.0.35-release&fileKey=databinding-compiler-common-8.7.3.jar, md5=eab0027e90ef13434c8d7e23e68cc3bb), JarFileInfo(uniqueName=JavaEWAH-1.2.3.jar, url=https://jugg.sickworm.com/download_hot_update?version=3.0.35-release&fileKey=JavaEWAH-1.2.3.jar, md5=8fdeda28c1fb10e67b3d79f86bef5e61), JarFileInfo(uniqueName=kotlinx-metadata-jvm-0.9.0.jar, url=https://jugg.sickworm.com/download_hot_update?version=3.0.35-release&fileKey=kotlinx-metadata-jvm-0.9.0.jar, md5=b339ca5ef7c29e18529bf487a0fb9f4d), JarFileInfo(uniqueName=v_narwhal_feature-12dc464b5.jar, url=https://jugg.sickworm.com/download_hot_update?version=3.0.35-release&fileKey=v_narwhal_feature-12dc464b5.jar, md5=21d5b536f6e1da6fd7722986d8cec17f), JarFileInfo(uniqueName=kotlin-script-runtime-1.9.23.jar, url=https://jugg.sickworm.com/download_hot_update?version=3.0.35-release&fileKey=kotlin-script-runtime-1.9.23.jar, md5=c741a84781d9661f79b3ad7b3cac63d5), JarFileInfo(uniqueName=FastInfoset-1.2.16.jar, url=https://jugg.sickworm.com/download_hot_update?version=3.0.35-release&fileKey=FastInfoset-1.2.16.jar, md5=f7f4be4695e2501a6d585beca305c74c), JarFileInfo(uniqueName=kotlin-stdlib-jdk7-1.9.23.jar, url=https://jugg.sickworm.com/download_hot_update?version=3.0.35-release&fileKey=kotlin-stdlib-jdk7-1.9.23.jar, md5=3818d01fbd742c4ef31bdccaa1825524), JarFileInfo(uniqueName=jakarta.xml.bind-api-2.3.2.jar, url=https://jugg.sickworm.com/download_hot_update?version=3.0.35-release&fileKey=jakarta.xml.bind-api-2.3.2.jar, md5=dabb40ba58199304c640b7bd8bb2fbac), JarFileInfo(uniqueName=gson-2.10.1.jar, url=https://jugg.sickworm.com/download_hot_update?version=3.0.35-release&fileKey=gson-2.10.1.jar, md5=df6097815738cb31fc56391553210843), JarFileInfo(uniqueName=databinding-compiler-8.7.3.jar, url=https://jugg.sickworm.com/download_hot_update?version=3.0.35-release&fileKey=databinding-compiler-8.7.3.jar, md5=20c1d22a79fcfed926a47493708c1c02), JarFileInfo(uniqueName=javapoet-1.10.0.jar, url=https://jugg.sickworm.com/download_hot_update?version=3.0.35-release&fileKey=javapoet-1.10.0.jar, md5=58f542814fa3501790a57c212f20dafe), JarFileInfo(uniqueName=v_otter-0bd665c7d.jar, url=https://jugg.sickworm.com/download_hot_update?version=3.0.35-release&fileKey=v_otter-0bd665c7d.jar, md5=c6c18314450bcb3a8966af031dbfbbca), JarFileInfo(uniqueName=annotations-13.0.jar, url=https://jugg.sickworm.com/download_hot_update?version=3.0.35-release&fileKey=annotations-13.0.jar, md5=f4fb462172517b46b6cd90003508515a), JarFileInfo(uniqueName=aapt2-inclink-ae75b9235.jar, url=https://jugg.sickworm.com/download_hot_update?version=3.0.35-release&fileKey=aapt2-inclink-ae75b9235.jar, md5=5a950f00b73be8231db08ce156bd084e), JarFileInfo(uniqueName=classgraph-4.8.110.jar, url=https://jugg.sickworm.com/download_hot_update?version=3.0.35-release&fileKey=classgraph-4.8.110.jar, md5=8a9143146fb4e5089159a8eba84c34ee), JarFileInfo(uniqueName=v_giraffe-21061cc13.jar, url=https://jugg.sickworm.com/download_hot_update?version=3.0.35-release&fileKey=v_giraffe-21061cc13.jar, md5=7ac4f7c12576f6f3498e48558a3c6d26), JarFileInfo(uniqueName=jugg-repackage-asm-tree-9.8.jar, url=https://jugg.sickworm.com/download_hot_update?version=3.0.35-release&fileKey=jugg-repackage-asm-tree-9.8.jar, md5=f9e2cd9467098c52d353736c12407e70), JarFileInfo(uniqueName=jugg-repackage-asm-commons-9.8.jar, url=https://jugg.sickworm.com/download_hot_update?version=3.0.35-release&fileKey=jugg-repackage-asm-commons-9.8.jar, md5=669e4797e611944b7ee7e05be66668a3), JarFileInfo(uniqueName=commons-codec-1.16.0.jar, url=https://jugg.sickworm.com/download_hot_update?version=3.0.35-release&fileKey=commons-codec-1.16.0.jar, md5=6e26920fa7228891980890cce06b718c), JarFileInfo(uniqueName=baseLibrary-8.7.3.jar, url=https://jugg.sickworm.com/download_hot_update?version=3.0.35-release&fileKey=baseLibrary-8.7.3.jar, md5=d4fb415454f1c7211401c41c9be31e05), JarFileInfo(uniqueName=databinding-common-8.7.3.jar, url=https://jugg.sickworm.com/download_hot_update?version=3.0.35-release&fileKey=databinding-common-8.7.3.jar, md5=53eabd81209a65d44483e3f3460cda42), JarFileInfo(uniqueName=org.eclipse.jgit-6.8.0.202311291450-r.jar, url=https://jugg.sickworm.com/download_hot_update?version=3.0.35-release&fileKey=org.eclipse.jgit-6.8.0.202311291450-r.jar, md5=7b4362927e7a0f004ce94fd589dfb0ce), JarFileInfo(uniqueName=jakarta.activation-api-1.2.1.jar, url=https://jugg.sickworm.com/download_hot_update?version=3.0.35-release&fileKey=jakarta.activation-api-1.2.1.jar, md5=9b647398add993324d3d9e5effa6005a), JarFileInfo(uniqueName=dex-reader-api-2.1.jar, url=https://jugg.sickworm.com/download_hot_update?version=3.0.35-release&fileKey=dex-reader-api-2.1.jar, md5=5127ff8b033d6abe773d1b45d6ad7098), JarFileInfo(uniqueName=jaxb-runtime-2.3.2.jar, url=https://jugg.sickworm.com/download_hot_update?version=3.0.35-release&fileKey=jaxb-runtime-2.3.2.jar, md5=9c3bf13a58e56c1b955bf5a365ca10b2), JarFileInfo(uniqueName=kotlin-compiler-embeddable-1.9.23.jar, url=https://jugg.sickworm.com/download_hot_update?version=3.0.35-release&fileKey=kotlin-compiler-embeddable-1.9.23.jar, md5=197302b41a67b9e516873683cf3925b8), JarFileInfo(uniqueName=okio-jvm-3.6.0.jar, url=https://jugg.sickworm.com/download_hot_update?version=3.0.35-release&fileKey=okio-jvm-3.6.0.jar, md5=26370180ff99a7e8a12dcaac2a70cc6e), JarFileInfo(uniqueName=r8-8.4.21.jar, url=https://jugg.sickworm.com/download_hot_update?version=3.0.35-release&fileKey=r8-8.4.21.jar, md5=4c0eab3750756708f6a9da1d703a9046), JarFileInfo(uniqueName=juniversalchardet-1.0.3.jar, url=https://jugg.sickworm.com/download_hot_update?version=3.0.35-release&fileKey=juniversalchardet-1.0.3.jar, md5=d9ea0a9a275336c175b343f2e4cd8f27), JarFileInfo(uniqueName=dex-reader-2.1.jar, url=https://jugg.sickworm.com/download_hot_update?version=3.0.35-release&fileKey=dex-reader-2.1.jar, md5=0707784d37773cc37070fa7a672b979a), JarFileInfo(uniqueName=arscblamer-1.2.0.jar, url=https://jugg.sickworm.com/download_hot_update?version=3.0.35-release&fileKey=arscblamer-1.2.0.jar, md5=c35033307f3c63655c46c453ccd187c8), JarFileInfo(uniqueName=v_quail-786a1a6f2.jar, url=https://jugg.sickworm.com/download_hot_update?version=3.0.35-release&fileKey=v_quail-786a1a6f2.jar, md5=63f906d7c18cb808b56ee15b21550c4e), JarFileInfo(uniqueName=annotations-31.7.3.jar, url=https://jugg.sickworm.com/download_hot_update?version=3.0.35-release&fileKey=annotations-31.7.3.jar, md5=7be23e27227539b36c14255f6e90d537), JarFileInfo(uniqueName=v_panda-0bd665c7d.jar, url=https://jugg.sickworm.com/download_hot_update?version=3.0.35-release&fileKey=v_panda-0bd665c7d.jar, md5=74d91a4040f938089b01437b29867cd9), JarFileInfo(uniqueName=stax-ex-1.8.1.jar, url=https://jugg.sickworm.com/download_hot_update?version=3.0.35-release&fileKey=stax-ex-1.8.1.jar, md5=8fea4418fa80e957e39c174cec08053c), JarFileInfo(uniqueName=okhttp-4.12.0.jar, url=https://jugg.sickworm.com/download_hot_update?version=3.0.35-release&fileKey=okhttp-4.12.0.jar, md5=6acba053af88fed87e710c6c29911d7c), JarFileInfo(uniqueName=dex-writer-2.1.jar, url=https://jugg.sickworm.com/download_hot_update?version=3.0.35-release&fileKey=dex-writer-2.1.jar, md5=401ec8782c0febd65ecac023d3ab90ad), JarFileInfo(uniqueName=v_iguana-12dc464b5.jar, url=https://jugg.sickworm.com/download_hot_update?version=3.0.35-release&fileKey=v_iguana-12dc464b5.jar, md5=91471d80b5a8aca52dad8764340a65fc), JarFileInfo(uniqueName=kotlin-stdlib-2.2.21.jar, url=https://jugg.sickworm.com/download_hot_update?version=3.0.35-release&fileKey=kotlin-stdlib-2.2.21.jar, md5=493bc156c79fe10064e9f6b605c8297c), JarFileInfo(uniqueName=kotlinx-coroutines-core-jvm-1.6.4.jar, url=https://jugg.sickworm.com/download_hot_update?version=3.0.35-release&fileKey=kotlinx-coroutines-core-jvm-1.6.4.jar, md5=9ba1873872fe1406d39bc40683050c45), JarFileInfo(uniqueName=commons-io-2.13.0.jar, url=https://jugg.sickworm.com/download_hot_update?version=3.0.35-release&fileKey=commons-io-2.13.0.jar, md5=8d000fa8939b71b8894637f0ef6ea28c), JarFileInfo(uniqueName=jugg-repackage-asm-9.8.jar, url=https://jugg.sickworm.com/download_hot_update?version=3.0.35-release&fileKey=jugg-repackage-asm-9.8.jar, md5=83193072c4e696be9de47a8a7a5d4ad1), JarFileInfo(uniqueName=idea-3.0.35-release.jar, url=https://jugg.sickworm.com/download_hot_update?version=3.0.35-release&fileKey=idea-3.0.35-release.jar, md5=37fdb17712746aaae3b7e00d4c392569), JarFileInfo(uniqueName=kotlin-android-extensions-1.9.23_modified.jar, url=https://jugg.sickworm.com/download_hot_update?version=3.0.35-release&fileKey=kotlin-android-extensions-1.9.23_modified.jar, md5=e5ef8e367b28103cdb2e497f4bf63545), JarFileInfo(uniqueName=auto-common-0.10.jar, url=https://jugg.sickworm.com/download_hot_update?version=3.0.35-release&fileKey=auto-common-0.10.jar, md5=1d531d399cde06e9ab49b7d84e7603dc), JarFileInfo(uniqueName=kotlin-metadata-jvm-2.2.21.jar, url=https://jugg.sickworm.com/download_hot_update?version=3.0.35-release&fileKey=kotlin-metadata-jvm-2.2.21.jar, md5=8a642fb1eaaaedfc37a11a0754e6802c), JarFileInfo(uniqueName=jsch-0.2.16.jar, url=https://jugg.sickworm.com/download_hot_update?version=3.0.35-release&fileKey=jsch-0.2.16.jar, md5=589aba7ea9cd9d438307c5076997c479), JarFileInfo(uniqueName=v_chipmunk-21061cc13.jar, url=https://jugg.sickworm.com/download_hot_update?version=3.0.35-release&fileKey=v_chipmunk-21061cc13.jar, md5=415de684987d18b0cb7e61effa43f666), JarFileInfo(uniqueName=kotlin-stdlib-jdk8-1.9.23.jar, url=https://jugg.sickworm.com/download_hot_update?version=3.0.35-release&fileKey=kotlin-stdlib-jdk8-1.9.23.jar, md5=c98840426f61010d8212343807f646e8), JarFileInfo(uniqueName=main-3a9e106d9.jar, url=https://jugg.sickworm.com/download_hot_update?version=3.0.35-release&fileKey=main-3a9e106d9.jar, md5=8087bbc77c68ea1d84e88e5fd4246906), JarFileInfo(uniqueName=interface-1d2fe1215.jar, url=https://jugg.sickworm.com/download_hot_update?version=3.0.35-release&fileKey=interface-1d2fe1215.jar, md5=334b52cc7d5ee3c48bbcd6baf84718a0), JarFileInfo(uniqueName=sqlite-jdbc-3.42.0.0-lite.jar, url=https://jugg.sickworm.com/download_hot_update?version=3.0.35-release&fileKey=sqlite-jdbc-3.42.0.0-lite.jar, md5=3a6532c30c1842c5d5bacb8317077719), JarFileInfo(uniqueName=istack-commons-runtime-3.0.8.jar, url=https://jugg.sickworm.com/download_hot_update?version=3.0.35-release&fileKey=istack-commons-runtime-3.0.8.jar, md5=d8555a2f242c55d6727b4d0e82ab8446), JarFileInfo(uniqueName=jetifier-core-1.0.0-beta10.jar, url=https://jugg.sickworm.com/download_hot_update?version=3.0.35-release&fileKey=jetifier-core-1.0.0-beta10.jar, md5=45a718d6bdbf73f9450dec94c2880f6c), JarFileInfo(uniqueName=txw2-2.3.2.jar, url=https://jugg.sickworm.com/download_hot_update?version=3.0.35-release&fileKey=txw2-2.3.2.jar, md5=3f278f148c5d27dc608c25cb7d093b94), JarFileInfo(uniqueName=v_meerkat-6717fd4bd.jar, url=https://jugg.sickworm.com/download_hot_update?version=3.0.35-release&fileKey=v_meerkat-6717fd4bd.jar, md5=9264e92c605fbde63e3dcb881c9b33e4), JarFileInfo(uniqueName=javaparser-core-3.17.0.jar, url=https://jugg.sickworm.com/download_hot_update?version=3.0.35-release&fileKey=javaparser-core-3.17.0.jar, md5=1cdfeabd6f748e469816a447c54f096e), JarFileInfo(uniqueName=v_hedgehog-3f5b2d677.jar, url=https://jugg.sickworm.com/download_hot_update?version=3.0.35-release&fileKey=v_hedgehog-3f5b2d677.jar, md5=1ca40429561290993e4c6770c803804b)], isNeedReinstall=false)
[2026-08-04 14:49:39.776] [FINE   ] [JuggHotUpdateDownloader] downloadHotUpdate isUpdatedThisRuntime=true, just mark it success
[2026-08-04 14:49:57.088] [FINE   ] [JuggHotUpdateDownloader] checkHotUpdate: HotUpdateData(isNeedUpdate=true, targetVersion=3.0.35-release, updateInfo=NotificationData(title=Jugg 已更新至：3.0.35-release, content=<html><p>更新内容：(2026.07.23)</p><p>1. 修复复合工程存在同名 app 模块时 Application R.jar 丢失，导致增量编译找不到 R 的问题</p><p>2. 隐藏可恢复的 DataBinding 编译失败警告，仅保留调试日志</p><p>3. 修复 Android Studio Quail 单选设备时错误部署到所有已连接设备的问题</p></html>, buttonText=null, jumpUrl=null, isSticky=true), jarFileInfos=[JarFileInfo(uniqueName=kotlin-daemon-embeddable-1.9.23.jar, url=https://jugg.sickworm.com/download_hot_update?version=3.0.35-release&fileKey=kotlin-daemon-embeddable-1.9.23.jar, md5=9b1362b8576bd085058d8be2ae34c316), JarFileInfo(uniqueName=trove4j-1.0.20200330.jar, url=https://jugg.sickworm.com/download_hot_update?version=3.0.35-release&fileKey=trove4j-1.0.20200330.jar, md5=bb75697e375d588a9d3f8f2653b30f77), JarFileInfo(uniqueName=v_narwhal-12dc464b5.jar, url=https://jugg.sickworm.com/download_hot_update?version=3.0.35-release&fileKey=v_narwhal-12dc464b5.jar, md5=1c87efc67da528bb93b3ecf026320a7e), JarFileInfo(uniqueName=kotlin-reflect-1.9.23.jar, url=https://jugg.sickworm.com/download_hot_update?version=3.0.35-release&fileKey=kotlin-reflect-1.9.23.jar, md5=08f576baf497678c7a08b5cd14bc707a), JarFileInfo(uniqueName=databinding-compiler-common-8.7.3.jar, url=https://jugg.sickworm.com/download_hot_update?version=3.0.35-release&fileKey=databinding-compiler-common-8.7.3.jar, md5=eab0027e90ef13434c8d7e23e68cc3bb), JarFileInfo(uniqueName=JavaEWAH-1.2.3.jar, url=https://jugg.sickworm.com/download_hot_update?version=3.0.35-release&fileKey=JavaEWAH-1.2.3.jar, md5=8fdeda28c1fb10e67b3d79f86bef5e61), JarFileInfo(uniqueName=kotlinx-metadata-jvm-0.9.0.jar, url=https://jugg.sickworm.com/download_hot_update?version=3.0.35-release&fileKey=kotlinx-metadata-jvm-0.9.0.jar, md5=b339ca5ef7c29e18529bf487a0fb9f4d), JarFileInfo(uniqueName=v_narwhal_feature-12dc464b5.jar, url=https://jugg.sickworm.com/download_hot_update?version=3.0.35-release&fileKey=v_narwhal_feature-12dc464b5.jar, md5=21d5b536f6e1da6fd7722986d8cec17f), JarFileInfo(uniqueName=kotlin-script-runtime-1.9.23.jar, url=https://jugg.sickworm.com/download_hot_update?version=3.0.35-release&fileKey=kotlin-script-runtime-1.9.23.jar, md5=c741a84781d9661f79b3ad7b3cac63d5), JarFileInfo(uniqueName=FastInfoset-1.2.16.jar, url=https://jugg.sickworm.com/download_hot_update?version=3.0.35-release&fileKey=FastInfoset-1.2.16.jar, md5=f7f4be4695e2501a6d585beca305c74c), JarFileInfo(uniqueName=kotlin-stdlib-jdk7-1.9.23.jar, url=https://jugg.sickworm.com/download_hot_update?version=3.0.35-release&fileKey=kotlin-stdlib-jdk7-1.9.23.jar, md5=3818d01fbd742c4ef31bdccaa1825524), JarFileInfo(uniqueName=jakarta.xml.bind-api-2.3.2.jar, url=https://jugg.sickworm.com/download_hot_update?version=3.0.35-release&fileKey=jakarta.xml.bind-api-2.3.2.jar, md5=dabb40ba58199304c640b7bd8bb2fbac), JarFileInfo(uniqueName=gson-2.10.1.jar, url=https://jugg.sickworm.com/download_hot_update?version=3.0.35-release&fileKey=gson-2.10.1.jar, md5=df6097815738cb31fc56391553210843), JarFileInfo(uniqueName=databinding-compiler-8.7.3.jar, url=https://jugg.sickworm.com/download_hot_update?version=3.0.35-release&fileKey=databinding-compiler-8.7.3.jar, md5=20c1d22a79fcfed926a47493708c1c02), JarFileInfo(uniqueName=javapoet-1.10.0.jar, url=https://jugg.sickworm.com/download_hot_update?version=3.0.35-release&fileKey=javapoet-1.10.0.jar, md5=58f542814fa3501790a57c212f20dafe), JarFileInfo(uniqueName=v_otter-0bd665c7d.jar, url=https://jugg.sickworm.com/download_hot_update?version=3.0.35-release&fileKey=v_otter-0bd665c7d.jar, md5=c6c18314450bcb3a8966af031dbfbbca), JarFileInfo(uniqueName=annotations-13.0.jar, url=https://jugg.sickworm.com/download_hot_update?version=3.0.35-release&fileKey=annotations-13.0.jar, md5=f4fb462172517b46b6cd90003508515a), JarFileInfo(uniqueName=aapt2-inclink-ae75b9235.jar, url=https://jugg.sickworm.com/download_hot_update?version=3.0.35-release&fileKey=aapt2-inclink-ae75b9235.jar, md5=5a950f00b73be8231db08ce156bd084e), JarFileInfo(uniqueName=classgraph-4.8.110.jar, url=https://jugg.sickworm.com/download_hot_update?version=3.0.35-release&fileKey=classgraph-4.8.110.jar, md5=8a9143146fb4e5089159a8eba84c34ee), JarFileInfo(uniqueName=v_giraffe-21061cc13.jar, url=https://jugg.sickworm.com/download_hot_update?version=3.0.35-release&fileKey=v_giraffe-21061cc13.jar, md5=7ac4f7c12576f6f3498e48558a3c6d26), JarFileInfo(uniqueName=jugg-repackage-asm-tree-9.8.jar, url=https://jugg.sickworm.com/download_hot_update?version=3.0.35-release&fileKey=jugg-repackage-asm-tree-9.8.jar, md5=f9e2cd9467098c52d353736c12407e70), JarFileInfo(uniqueName=jugg-repackage-asm-commons-9.8.jar, url=https://jugg.sickworm.com/download_hot_update?version=3.0.35-release&fileKey=jugg-repackage-asm-commons-9.8.jar, md5=669e4797e611944b7ee7e05be66668a3), JarFileInfo(uniqueName=commons-codec-1.16.0.jar, url=https://jugg.sickworm.com/download_hot_update?version=3.0.35-release&fileKey=commons-codec-1.16.0.jar, md5=6e26920fa7228891980890cce06b718c), JarFileInfo(uniqueName=baseLibrary-8.7.3.jar, url=https://jugg.sickworm.com/download_hot_update?version=3.0.35-release&fileKey=baseLibrary-8.7.3.jar, md5=d4fb415454f1c7211401c41c9be31e05), JarFileInfo(uniqueName=databinding-common-8.7.3.jar, url=https://jugg.sickworm.com/download_hot_update?version=3.0.35-release&fileKey=databinding-common-8.7.3.jar, md5=53eabd81209a65d44483e3f3460cda42), JarFileInfo(uniqueName=org.eclipse.jgit-6.8.0.202311291450-r.jar, url=https://jugg.sickworm.com/download_hot_update?version=3.0.35-release&fileKey=org.eclipse.jgit-6.8.0.202311291450-r.jar, md5=7b4362927e7a0f004ce94fd589dfb0ce), JarFileInfo(uniqueName=jakarta.activation-api-1.2.1.jar, url=https://jugg.sickworm.com/download_hot_update?version=3.0.35-release&fileKey=jakarta.activation-api-1.2.1.jar, md5=9b647398add993324d3d9e5effa6005a), JarFileInfo(uniqueName=dex-reader-api-2.1.jar, url=https://jugg.sickworm.com/download_hot_update?version=3.0.35-release&fileKey=dex-reader-api-2.1.jar, md5=5127ff8b033d6abe773d1b45d6ad7098), JarFileInfo(uniqueName=jaxb-runtime-2.3.2.jar, url=https://jugg.sickworm.com/download_hot_update?version=3.0.35-release&fileKey=jaxb-runtime-2.3.2.jar, md5=9c3bf13a58e56c1b955bf5a365ca10b2), JarFileInfo(uniqueName=kotlin-compiler-embeddable-1.9.23.jar, url=https://jugg.sickworm.com/download_hot_update?version=3.0.35-release&fileKey=kotlin-compiler-embeddable-1.9.23.jar, md5=197302b41a67b9e516873683cf3925b8), JarFileInfo(uniqueName=okio-jvm-3.6.0.jar, url=https://jugg.sickworm.com/download_hot_update?version=3.0.35-release&fileKey=okio-jvm-3.6.0.jar, md5=26370180ff99a7e8a12dcaac2a70cc6e), JarFileInfo(uniqueName=r8-8.4.21.jar, url=https://jugg.sickworm.com/download_hot_update?version=3.0.35-release&fileKey=r8-8.4.21.jar, md5=4c0eab3750756708f6a9da1d703a9046), JarFileInfo(uniqueName=juniversalchardet-1.0.3.jar, url=https://jugg.sickworm.com/download_hot_update?version=3.0.35-release&fileKey=juniversalchardet-1.0.3.jar, md5=d9ea0a9a275336c175b343f2e4cd8f27), JarFileInfo(uniqueName=dex-reader-2.1.jar, url=https://jugg.sickworm.com/download_hot_update?version=3.0.35-release&fileKey=dex-reader-2.1.jar, md5=0707784d37773cc37070fa7a672b979a), JarFileInfo(uniqueName=arscblamer-1.2.0.jar, url=https://jugg.sickworm.com/download_hot_update?version=3.0.35-release&fileKey=arscblamer-1.2.0.jar, md5=c35033307f3c63655c46c453ccd187c8), JarFileInfo(uniqueName=v_quail-786a1a6f2.jar, url=https://jugg.sickworm.com/download_hot_update?version=3.0.35-release&fileKey=v_quail-786a1a6f2.jar, md5=63f906d7c18cb808b56ee15b21550c4e), JarFileInfo(uniqueName=annotations-31.7.3.jar, url=https://jugg.sickworm.com/download_hot_update?version=3.0.35-release&fileKey=annotations-31.7.3.jar, md5=7be23e27227539b36c14255f6e90d537), JarFileInfo(uniqueName=v_panda-0bd665c7d.jar, url=https://jugg.sickworm.com/download_hot_update?version=3.0.35-release&fileKey=v_panda-0bd665c7d.jar, md5=74d91a4040f938089b01437b29867cd9), JarFileInfo(uniqueName=stax-ex-1.8.1.jar, url=https://jugg.sickworm.com/download_hot_update?version=3.0.35-release&fileKey=stax-ex-1.8.1.jar, md5=8fea4418fa80e957e39c174cec08053c), JarFileInfo(uniqueName=okhttp-4.12.0.jar, url=https://jugg.sickworm.com/download_hot_update?version=3.0.35-release&fileKey=okhttp-4.12.0.jar, md5=6acba053af88fed87e710c6c29911d7c), JarFileInfo(uniqueName=dex-writer-2.1.jar, url=https://jugg.sickworm.com/download_hot_update?version=3.0.35-release&fileKey=dex-writer-2.1.jar, md5=401ec8782c0febd65ecac023d3ab90ad), JarFileInfo(uniqueName=v_iguana-12dc464b5.jar, url=https://jugg.sickworm.com/download_hot_update?version=3.0.35-release&fileKey=v_iguana-12dc464b5.jar, md5=91471d80b5a8aca52dad8764340a65fc), JarFileInfo(uniqueName=kotlin-stdlib-2.2.21.jar, url=https://jugg.sickworm.com/download_hot_update?version=3.0.35-release&fileKey=kotlin-stdlib-2.2.21.jar, md5=493bc156c79fe10064e9f6b605c8297c), JarFileInfo(uniqueName=kotlinx-coroutines-core-jvm-1.6.4.jar, url=https://jugg.sickworm.com/download_hot_update?version=3.0.35-release&fileKey=kotlinx-coroutines-core-jvm-1.6.4.jar, md5=9ba1873872fe1406d39bc40683050c45), JarFileInfo(uniqueName=commons-io-2.13.0.jar, url=https://jugg.sickworm.com/download_hot_update?version=3.0.35-release&fileKey=commons-io-2.13.0.jar, md5=8d000fa8939b71b8894637f0ef6ea28c), JarFileInfo(uniqueName=jugg-repackage-asm-9.8.jar, url=https://jugg.sickworm.com/download_hot_update?version=3.0.35-release&fileKey=jugg-repackage-asm-9.8.jar, md5=83193072c4e696be9de47a8a7a5d4ad1), JarFileInfo(uniqueName=idea-3.0.35-release.jar, url=https://jugg.sickworm.com/download_hot_update?version=3.0.35-release&fileKey=idea-3.0.35-release.jar, md5=37fdb17712746aaae3b7e00d4c392569), JarFileInfo(uniqueName=kotlin-android-extensions-1.9.23_modified.jar, url=https://jugg.sickworm.com/download_hot_update?version=3.0.35-release&fileKey=kotlin-android-extensions-1.9.23_modified.jar, md5=e5ef8e367b28103cdb2e497f4bf63545), JarFileInfo(uniqueName=auto-common-0.10.jar, url=https://jugg.sickworm.com/download_hot_update?version=3.0.35-release&fileKey=auto-common-0.10.jar, md5=1d531d399cde06e9ab49b7d84e7603dc), JarFileInfo(uniqueName=kotlin-metadata-jvm-2.2.21.jar, url=https://jugg.sickworm.com/download_hot_update?version=3.0.35-release&fileKey=kotlin-metadata-jvm-2.2.21.jar, md5=8a642fb1eaaaedfc37a11a0754e6802c), JarFileInfo(uniqueName=jsch-0.2.16.jar, url=https://jugg.sickworm.com/download_hot_update?version=3.0.35-release&fileKey=jsch-0.2.16.jar, md5=589aba7ea9cd9d438307c5076997c479), JarFileInfo(uniqueName=v_chipmunk-21061cc13.jar, url=https://jugg.sickworm.com/download_hot_update?version=3.0.35-release&fileKey=v_chipmunk-21061cc13.jar, md5=415de684987d18b0cb7e61effa43f666), JarFileInfo(uniqueName=kotlin-stdlib-jdk8-1.9.23.jar, url=https://jugg.sickworm.com/download_hot_update?version=3.0.35-release&fileKey=kotlin-stdlib-jdk8-1.9.23.jar, md5=c98840426f61010d8212343807f646e8), JarFileInfo(uniqueName=main-3a9e106d9.jar, url=https://jugg.sickworm.com/download_hot_update?version=3.0.35-release&fileKey=main-3a9e106d9.jar, md5=8087bbc77c68ea1d84e88e5fd4246906), JarFileInfo(uniqueName=interface-1d2fe1215.jar, url=https://jugg.sickworm.com/download_hot_update?version=3.0.35-release&fileKey=interface-1d2fe1215.jar, md5=334b52cc7d5ee3c48bbcd6baf84718a0), JarFileInfo(uniqueName=sqlite-jdbc-3.42.0.0-lite.jar, url=https://jugg.sickworm.com/download_hot_update?version=3.0.35-release&fileKey=sqlite-jdbc-3.42.0.0-lite.jar, md5=3a6532c30c1842c5d5bacb8317077719), JarFileInfo(uniqueName=istack-commons-runtime-3.0.8.jar, url=https://jugg.sickworm.com/download_hot_update?version=3.0.35-release&fileKey=istack-commons-runtime-3.0.8.jar, md5=d8555a2f242c55d6727b4d0e82ab8446), JarFileInfo(uniqueName=jetifier-core-1.0.0-beta10.jar, url=https://jugg.sickworm.com/download_hot_update?version=3.0.35-release&fileKey=jetifier-core-1.0.0-beta10.jar, md5=45a718d6bdbf73f9450dec94c2880f6c), JarFileInfo(uniqueName=txw2-2.3.2.jar, url=https://jugg.sickworm.com/download_hot_update?version=3.0.35-release&fileKey=txw2-2.3.2.jar, md5=3f278f148c5d27dc608c25cb7d093b94), JarFileInfo(uniqueName=v_meerkat-6717fd4bd.jar, url=https://jugg.sickworm.com/download_hot_update?version=3.0.35-release&fileKey=v_meerkat-6717fd4bd.jar, md5=9264e92c605fbde63e3dcb881c9b33e4), JarFileInfo(uniqueName=javaparser-core-3.17.0.jar, url=https://jugg.sickworm.com/download_hot_update?version=3.0.35-release&fileKey=javaparser-core-3.17.0.jar, md5=1cdfeabd6f748e469816a447c54f096e), JarFileInfo(uniqueName=v_hedgehog-3f5b2d677.jar, url=https://jugg.sickworm.com/download_hot_update?version=3.0.35-release&fileKey=v_hedgehog-3f5b2d677.jar, md5=1ca40429561290993e4c6770c803804b)], isNeedReinstall=false)
[2026-08-04 14:49:57.088] [FINE   ] [JuggHotUpdateDownloader] downloadHotUpdate isUpdatedThisRuntime=true, just mark it success
[2026-08-04 14:49:57.512] [FINE   ] [JuggHotUpdateDownloader] checkHotUpdate
[2026-08-04 14:49:57.549] [FINE   ] [JuggServer] checkHotUpdate response: [200] {"isNeedUpdate":true,"isNeedReinstall":false,"targetVersion":"3.0.35-release","updateInfo":{"title":"Jugg 已更新至：3.0.35-release","content":"<html><p>更新内容：(2026.07.23)</p><p>1. 修复复合工程存在同名 app 模块时 Application R.jar 丢失，导致增量编译找不到 R 的问题</p><p>2. 隐藏可恢复的 DataBinding 编译失败警告，仅保留调试日志</p><p>3. 修复 Android Studio Quail 单选设备时错误部署到所有已连接设备的问题</p></html>","buttonText":null,"jumpUrl":null,"isSticky":true},"jarFileInfos":[{"uniqueName":"kotlin-daemon-embeddable-1.9.23.jar","url":"https://jugg.sickworm.com/download_hot_update?version=3.0.35-release&fileKey=kotlin-daemon-embeddable-1.9.23.jar","md5":"9b1362b8576bd085058d8be2ae34c316"},{"uniqueName":"trove4j-1.0.20200330.jar","url":"https://jugg.sickworm.com/download_hot_update?version=3.0.35-release&fileKey=trove4j-1.0.20200330.jar","md5":"bb75697e375d588a9d3f8f2653b30f77"},{"uniqueName":"v_narwhal-12dc464b5.jar","url":"https://jugg.sickworm.com/download_hot_update?version=3.0.35-release&fileKey=v_narwhal-12dc464b5.jar","md5":"1c87efc67da528bb93b3ecf026320a7e"},{"uniqueName":"kotlin-reflect-1.9.23.jar","url":"https://jugg.sickworm.com/download_hot_update?version=3.0.35-release&fileKey=kotlin-reflect-1.9.23.jar","md5":"08f576baf497678c7a08b5cd14bc707a"},{"uniqueName":"databinding-compiler-common-8.7.3.jar","url":"https://jugg.sickworm.com/download_hot_update?version=3.0.35-release&fileKey=databinding-compiler-common-8.7.3.jar","md5":"eab0027e90ef13434c8d7e23e68cc3bb"},{"uniqueName":"JavaEWAH-1.2.3.jar","url":"https://jugg.sickworm.com/download_hot_update?version=3.0.35-release&fileKey=JavaEWAH-1.2.3.jar","md5":"8fdeda28c1fb10e67b3d79f86bef5e61"},{"uniqueName":"kotlinx-metadata-jvm-0.9.0.jar","url":"https://jugg.sickworm.com/download_hot_update?version=3.0.35-release&fileKey=kotlinx-metadata-jvm-0.9.0.jar","md5":"b339ca5ef7c29e18529bf487a0fb9f4d"},{"uniqueName":"v_narwhal_feature-12dc464b5.jar","url":"https://jugg.sickworm.com/download_hot_update?version=3.0.35-release&fileKey=v_narwhal_feature-12dc464b5.jar","md5":"21d5b536f6e1da6fd7722986d8cec17f"},{"uniqueName":"kotlin-script-runtime-1.9.23.jar","url":"https://jugg.sickworm.com/download_hot_update?version=3.0.35-release&fileKey=kotlin-script-runtime-1.9.23.jar","md5":"c741a84781d9661f79b3ad7b3cac63d5"},{"uniqueName":"FastInfoset-1.2.16.jar","url":"https://jugg.sickworm.com/download_hot_update?version=3.0.35-release&fileKey=FastInfoset-1.2.16.jar","md5":"f7f4be4695e2501a6d585beca305c74c"},{"uniqueName":"kotlin-stdlib-jdk7-1.9.23.jar","url":"https://jugg.sickworm.com/download_hot_update?version=3.0.35-release&fileKey=kotlin-stdlib-jdk7-1.9.23.jar","md5":"3818d01fbd742c4ef31bdccaa1825524"},{"uniqueName":"jakarta.xml.bind-api-2.3.2.jar","url":"https://jugg.sickworm.com/download_hot_update?version=3.0.35-release&fileKey=jakarta.xml.bind-api-2.3.2.jar","md5":"dabb40ba58199304c640b7bd8bb2fbac"},{"uniqueName":"gson-2.10.1.jar","url":"https://jugg.sickworm.com/download_hot_update?version=3.0.35-release&fileKey=gson-2.10.1.jar","md5":"df6097815738cb31fc56391553210843"},{"uniqueName":"databinding-compiler-8.7.3.jar","url":"https://jugg.sickworm.com/download_hot_update?version=3.0.35-release&fileKey=databinding-compiler-8.7.3.jar","md5":"20c1d22a79fcfed926a47493708c1c02"},{"uniqueName":"javapoet-1.10.0.jar","url":"https://jugg.sickworm.com/download_hot_update?version=3.0.35-release&fileKey=javapoet-1.10.0.jar","md5":"58f542814fa3501790a57c212f20dafe"},{"uniqueName":"v_otter-0bd665c7d.jar","url":"https://jugg.sickworm.com/download_hot_update?version=3.0.35-release&fileKey=v_otter-0bd665c7d.jar","md5":"c6c18314450bcb3a8966af031dbfbbca"},{"uniqueName":"annotations-13.0.jar","url":"https://jugg.sickworm.com/download_hot_update?version=3.0.35-release&fileKey=annotations-13.0.jar","md5":"f4fb462172517b46b6cd90003508515a"},{"uniqueName":"aapt2-inclink-ae75b9235.jar","url":"https://jugg.sickworm.com/download_hot_update?version=3.0.35-release&fileKey=aapt2-inclink-ae75b9235.jar","md5":"5a950f00b73be8231db08ce156bd084e"},{"uniqueName":"classgraph-4.8.110.jar","url":"https://jugg.sickworm.com/download_hot_update?version=3.0.35-release&fileKey=classgraph-4.8.110.jar","md5":"8a9143146fb4e5089159a8eba84c34ee"},{"uniqueName":"v_giraffe-21061cc13.jar","url":"https://jugg.sickworm.com/download_hot_update?version=3.0.35-release&fileKey=v_giraffe-21061cc13.jar","md5":"7ac4f7c12576f6f3498e48558a3c6d26"},{"uniqueName":"jugg-repackage-asm-tree-9.8.jar","url":"https://jugg.sickworm.com/download_hot_update?version=3.0.35-release&fileKey=jugg-repackage-asm-tree-9.8.jar","md5":"f9e2cd9467098c52d353736c12407e70"},{"uniqueName":"jugg-repackage-asm-commons-9.8.jar","url":"https://jugg.sickworm.com/download_hot_update?version=3.0.35-release&fileKey=jugg-repackage-asm-commons-9.8.jar","md5":"669e4797e611944b7ee7e05be66668a3"},{"uniqueName":"commons-codec-1.16.0.jar","url":"https://jugg.sickworm.com/download_hot_update?version=3.0.35-release&fileKey=commons-codec-1.16.0.jar","md5":"6e26920fa7228891980890cce06b718c"},{"uniqueName":"baseLibrary-8.7.3.jar","url":"https://jugg.sickworm.com/download_hot_update?version=3.0.35-release&fileKey=baseLibrary-8.7.3.jar","md5":"d4fb415454f1c7211401c41c9be31e05"},{"uniqueName":"databinding-common-8.7.3.jar","url":"https://jugg.sickworm.com/download_hot_update?version=3.0.35-release&fileKey=databinding-common-8.7.3.jar","md5":"53eabd81209a65d44483e3f3460cda42"},{"uniqueName":"org.eclipse.jgit-6.8.0.202311291450-r.jar","url":"https://jugg.sickworm.com/download_hot_update?version=3.0.35-release&fileKey=org.eclipse.jgit-6.8.0.202311291450-r.jar","md5":"7b4362927e7a0f004ce94fd589dfb0ce"},{"uniqueName":"jakarta.activation-api-1.2.1.jar","url":"https://jugg.sickworm.com/download_hot_update?version=3.0.35-release&fileKey=jakarta.activation-api-1.2.1.jar","md5":"9b647398add993324d3d9e5effa6005a"},{"uniqueName":"dex-reader-api-2.1.jar","url":"https://jugg.sickworm.com/download_hot_update?version=3.0.35-release&fileKey=dex-reader-api-2.1.jar","md5":"5127ff8b033d6abe773d1b45d6ad7098"},{"uniqueName":"jaxb-runtime-2.3.2.jar","url":"https://jugg.sickworm.com/download_hot_update?version=3.0.35-release&fileKey=jaxb-runtime-2.3.2.jar","md5":"9c3bf13a58e56c1b955bf5a365ca10b2"},{"uniqueName":"kotlin-compiler-embeddable-1.9.23.jar","url":"https://jugg.sickworm.com/download_hot_update?version=3.0.35-release&fileKey=kotlin-compiler-embeddable-1.9.23.jar","md5":"197302b41a67b9e516873683cf3925b8"},{"uniqueName":"okio-jvm-3.6.0.jar","url":"https://jugg.sickworm.com/download_hot_update?version=3.0.35-release&fileKey=okio-jvm-3.6.0.jar","md5":"26370180ff99a7e8a12dcaac2a70cc6e"},{"uniqueName":"r8-8.4.21.jar","url":"https://jugg.sickworm.com/download_hot_update?version=3.0.35-release&fileKey=r8-8.4.21.jar","md5":"4c0eab3750756708f6a9da1d703a9046"},{"uniqueName":"juniversalchardet-1.0.3.jar","url":"https://jugg.sickworm.com/download_hot_update?version=3.0.35-release&fileKey=juniversalchardet-1.0.3.jar","md5":"d9ea0a9a275336c175b343f2e4cd8f27"},{"uniqueName":"dex-reader-2.1.jar","url":"https://jugg.sickworm.com/download_hot_update?version=3.0.35-release&fileKey=dex-reader-2.1.jar","md5":"0707784d37773cc37070fa7a672b979a"},{"uniqueName":"arscblamer-1.2.0.jar","url":"https://jugg.sickworm.com/download_hot_update?version=3.0.35-release&fileKey=arscblamer-1.2.0.jar","md5":"c35033307f3c63655c46c453ccd187c8"},{"uniqueName":"v_quail-786a1a6f2.jar","url":"https://jugg.sickworm.com/download_hot_update?version=3.0.35-release&fileKey=v_quail-786a1a6f2.jar","md5":"63f906d7c18cb808b56ee15b21550c4e"},{"uniqueName":"annotations-31.7.3.jar","url":"https://jugg.sickworm.com/download_hot_update?version=3.0.35-release&fileKey=annotations-31.7.3.jar","md5":"7be23e27227539b36c14255f6e90d537"},{"uniqueName":"v_panda-0bd665c7d.jar","url":"https://jugg.sickworm.com/download_hot_update?version=3.0.35-release&fileKey=v_panda-0bd665c7d.jar","md5":"74d91a4040f938089b01437b29867cd9"},{"uniqueName":"stax-ex-1.8.1.jar","url":"https://jugg.sickworm.com/download_hot_update?version=3.0.35-release&fileKey=stax-ex-1.8.1.jar","md5":"8fea4418fa80e957e39c174cec08053c"},{"uniqueName":"okhttp-4.12.0.jar","url":"https://jugg.sickworm.com/download_hot_update?version=3.0.35-release&fileKey=okhttp-4.12.0.jar","md5":"6acba053af88fed87e710c6c29911d7c"},{"uniqueName":"dex-writer-2.1.jar","url":"https://jugg.sickworm.com/download_hot_update?version=3.0.35-release&fileKey=dex-writer-2.1.jar","md5":"401ec8782c0febd65ecac023d3ab90ad"},{"uniqueName":"v_iguana-12dc464b5.jar","url":"https://jugg.sickworm.com/download_hot_update?version=3.0.35-release&fileKey=v_iguana-12dc464b5.jar","md5":"91471d80b5a8aca52dad8764340a65fc"},{"uniqueName":"kotlin-stdlib-2.2.21.jar","url":"https://jugg.sickworm.com/download_hot_update?version=3.0.35-release&fileKey=kotlin-stdlib-2.2.21.jar","md5":"493bc156c79fe10064e9f6b605c8297c"},{"uniqueName":"kotlinx-coroutines-core-jvm-1.6.4.jar","url":"https://jugg.sickworm.com/download_hot_update?version=3.0.35-release&fileKey=kotlinx-coroutines-core-jvm-1.6.4.jar","md5":"9ba1873872fe1406d39bc40683050c45"},{"uniqueName":"commons-io-2.13.0.jar","url":"https://jugg.sickworm.com/download_hot_update?version=3.0.35-release&fileKey=commons-io-2.13.0.jar","md5":"8d000fa8939b71b8894637f0ef6ea28c"},{"uniqueName":"jugg-repackage-asm-9.8.jar","url":"https://jugg.sickworm.com/download_hot_update?version=3.0.35-release&fileKey=jugg-repackage-asm-9.8.jar","md5":"83193072c4e696be9de47a8a7a5d4ad1"},{"uniqueName":"idea-3.0.35-release.jar","url":"https://jugg.sickworm.com/download_hot_update?version=3.0.35-release&fileKey=idea-3.0.35-release.jar","md5":"37fdb17712746aaae3b7e00d4c392569"},{"uniqueName":"kotlin-android-extensions-1.9.23_modified.jar","url":"https://jugg.sickworm.com/download_hot_update?version=3.0.35-release&fileKey=kotlin-android-extensions-1.9.23_modified.jar","md5":"e5ef8e367b28103cdb2e497f4bf63545"},{"uniqueName":"auto-common-0.10.jar","url":"https://jugg.sickworm.com/download_hot_update?version=3.0.35-release&fileKey=auto-common-0.10.jar","md5":"1d531d399cde06e9ab49b7d84e7603dc"},{"uniqueName":"kotlin-metadata-jvm-2.2.21.jar","url":"https://jugg.sickworm.com/download_hot_update?version=3.0.35-release&fileKey=kotlin-metadata-jvm-2.2.21.jar","md5":"8a642fb1eaaaedfc37a11a0754e6802c"},{"uniqueName":"jsch-0.2.16.jar","url":"https://jugg.sickworm.com/download_hot_update?version=3.0.35-release&fileKey=jsch-0.2.16.jar","md5":"589aba7ea9cd9d438307c5076997c479"},{"uniqueName":"v_chipmunk-21061cc13.jar","url":"https://jugg.sickworm.com/download_hot_update?version=3.0.35-release&fileKey=v_chipmunk-21061cc13.jar","md5":"415de684987d18b0cb7e61effa43f666"},{"uniqueName":"kotlin-stdlib-jdk8-1.9.23.jar","url":"https://jugg.sickworm.com/download_hot_update?version=3.0.35-release&fileKey=kotlin-stdlib-jdk8-1.9.23.jar","md5":"c98840426f61010d8212343807f646e8"},{"uniqueName":"main-3a9e106d9.jar","url":"https://jugg.sickworm.com/download_hot_update?version=3.0.35-release&fileKey=main-3a9e106d9.jar","md5":"8087bbc77c68ea1d84e88e5fd4246906"},{"uniqueName":"interface-1d2fe1215.jar","url":"https://jugg.sickworm.com/download_hot_update?version=3.0.35-release&fileKey=interface-1d2fe1215.jar","md5":"334b52cc7d5ee3c48bbcd6baf84718a0"},{"uniqueName":"sqlite-jdbc-3.42.0.0-lite.jar","url":"https://jugg.sickworm.com/download_hot_update?version=3.0.35-release&fileKey=sqlite-jdbc-3.42.0.0-lite.jar","md5":"3a6532c30c1842c5d5bacb8317077719"},{"uniqueName":"istack-commons-runtime-3.0.8.jar","url":"https://jugg.sickworm.com/download_hot_update?version=3.0.35-release&fileKey=istack-commons-runtime-3.0.8.jar","md5":"d8555a2f242c55d6727b4d0e82ab8446"},{"uniqueName":"jetifier-core-1.0.0-beta10.jar","url":"https://jugg.sickworm.com/download_hot_update?version=3.0.35-release&fileKey=jetifier-core-1.0.0-beta10.jar","md5":"45a718d6bdbf73f9450dec94c2880f6c"},{"uniqueName":"txw2-2.3.2.jar","url":"https://jugg.sickworm.com/download_hot_update?version=3.0.35-release&fileKey=txw2-2.3.2.jar","md5":"3f278f148c5d27dc608c25cb7d093b94"},{"uniqueName":"v_meerkat-6717fd4bd.jar","url":"https://jugg.sickworm.com/download_hot_update?version=3.0.35-release&fileKey=v_meerkat-6717fd4bd.jar","md5":"9264e92c605fbde63e3dcb881c9b33e4"},{"uniqueName":"javaparser-core-3.17.0.jar","url":"https://jugg.sickworm.com/download_hot_update?version=3.0.35-release&fileKey=javaparser-core-3.17.0.jar","md5":"1cdfeabd6f748e469816a447c54f096e"},{"uniqueName":"v_hedgehog-3f5b2d677.jar","url":"https://jugg.sickworm.com/download_hot_update?version=3.0.35-release&fileKey=v_hedgehog-3f5b2d677.jar","md5":"1ca40429561290993e4c6770c803804b"}]}
[2026-08-04 14:49:57.554] [FINE   ] [JuggHotUpdateDownloader] checkHotUpdate: HotUpdateData(isNeedUpdate=true, targetVersion=3.0.35-release, updateInfo=NotificationData(title=Jugg 已更新至：3.0.35-release, content=<html><p>更新内容：(2026.07.23)</p><p>1. 修复复合工程存在同名 app 模块时 Application R.jar 丢失，导致增量编译找不到 R 的问题</p><p>2. 隐藏可恢复的 DataBinding 编译失败警告，仅保留调试日志</p><p>3. 修复 Android Studio Quail 单选设备时错误部署到所有已连接设备的问题</p></html>, buttonText=null, jumpUrl=null, isSticky=true), jarFileInfos=[JarFileInfo(uniqueName=kotlin-daemon-embeddable-1.9.23.jar, url=https://jugg.sickworm.com/download_hot_update?version=3.0.35-release&fileKey=kotlin-daemon-embeddable-1.9.23.jar, md5=9b1362b8576bd085058d8be2ae34c316), JarFileInfo(uniqueName=trove4j-1.0.20200330.jar, url=https://jugg.sickworm.com/download_hot_update?version=3.0.35-release&fileKey=trove4j-1.0.20200330.jar, md5=bb75697e375d588a9d3f8f2653b30f77), JarFileInfo(uniqueName=v_narwhal-12dc464b5.jar, url=https://jugg.sickworm.com/download_hot_update?version=3.0.35-release&fileKey=v_narwhal-12dc464b5.jar, md5=1c87efc67da528bb93b3ecf026320a7e), JarFileInfo(uniqueName=kotlin-reflect-1.9.23.jar, url=https://jugg.sickworm.com/download_hot_update?version=3.0.35-release&fileKey=kotlin-reflect-1.9.23.jar, md5=08f576baf497678c7a08b5cd14bc707a), JarFileInfo(uniqueName=databinding-compiler-common-8.7.3.jar, url=https://jugg.sickworm.com/download_hot_update?version=3.0.35-release&fileKey=databinding-compiler-common-8.7.3.jar, md5=eab0027e90ef13434c8d7e23e68cc3bb), JarFileInfo(uniqueName=JavaEWAH-1.2.3.jar, url=https://jugg.sickworm.com/download_hot_update?version=3.0.35-release&fileKey=JavaEWAH-1.2.3.jar, md5=8fdeda28c1fb10e67b3d79f86bef5e61), JarFileInfo(uniqueName=kotlinx-metadata-jvm-0.9.0.jar, url=https://jugg.sickworm.com/download_hot_update?version=3.0.35-release&fileKey=kotlinx-metadata-jvm-0.9.0.jar, md5=b339ca5ef7c29e18529bf487a0fb9f4d), JarFileInfo(uniqueName=v_narwhal_feature-12dc464b5.jar, url=https://jugg.sickworm.com/download_hot_update?version=3.0.35-release&fileKey=v_narwhal_feature-12dc464b5.jar, md5=21d5b536f6e1da6fd7722986d8cec17f), JarFileInfo(uniqueName=kotlin-script-runtime-1.9.23.jar, url=https://jugg.sickworm.com/download_hot_update?version=3.0.35-release&fileKey=kotlin-script-runtime-1.9.23.jar, md5=c741a84781d9661f79b3ad7b3cac63d5), JarFileInfo(uniqueName=FastInfoset-1.2.16.jar, url=https://jugg.sickworm.com/download_hot_update?version=3.0.35-release&fileKey=FastInfoset-1.2.16.jar, md5=f7f4be4695e2501a6d585beca305c74c), JarFileInfo(uniqueName=kotlin-stdlib-jdk7-1.9.23.jar, url=https://jugg.sickworm.com/download_hot_update?version=3.0.35-release&fileKey=kotlin-stdlib-jdk7-1.9.23.jar, md5=3818d01fbd742c4ef31bdccaa1825524), JarFileInfo(uniqueName=jakarta.xml.bind-api-2.3.2.jar, url=https://jugg.sickworm.com/download_hot_update?version=3.0.35-release&fileKey=jakarta.xml.bind-api-2.3.2.jar, md5=dabb40ba58199304c640b7bd8bb2fbac), JarFileInfo(uniqueName=gson-2.10.1.jar, url=https://jugg.sickworm.com/download_hot_update?version=3.0.35-release&fileKey=gson-2.10.1.jar, md5=df6097815738cb31fc56391553210843), JarFileInfo(uniqueName=databinding-compiler-8.7.3.jar, url=https://jugg.sickworm.com/download_hot_update?version=3.0.35-release&fileKey=databinding-compiler-8.7.3.jar, md5=20c1d22a79fcfed926a47493708c1c02), JarFileInfo(uniqueName=javapoet-1.10.0.jar, url=https://jugg.sickworm.com/download_hot_update?version=3.0.35-release&fileKey=javapoet-1.10.0.jar, md5=58f542814fa3501790a57c212f20dafe), JarFileInfo(uniqueName=v_otter-0bd665c7d.jar, url=https://jugg.sickworm.com/download_hot_update?version=3.0.35-release&fileKey=v_otter-0bd665c7d.jar, md5=c6c18314450bcb3a8966af031dbfbbca), JarFileInfo(uniqueName=annotations-13.0.jar, url=https://jugg.sickworm.com/download_hot_update?version=3.0.35-release&fileKey=annotations-13.0.jar, md5=f4fb462172517b46b6cd90003508515a), JarFileInfo(uniqueName=aapt2-inclink-ae75b9235.jar, url=https://jugg.sickworm.com/download_hot_update?version=3.0.35-release&fileKey=aapt2-inclink-ae75b9235.jar, md5=5a950f00b73be8231db08ce156bd084e), JarFileInfo(uniqueName=classgraph-4.8.110.jar, url=https://jugg.sickworm.com/download_hot_update?version=3.0.35-release&fileKey=classgraph-4.8.110.jar, md5=8a9143146fb4e5089159a8eba84c34ee), JarFileInfo(uniqueName=v_giraffe-21061cc13.jar, url=https://jugg.sickworm.com/download_hot_update?version=3.0.35-release&fileKey=v_giraffe-21061cc13.jar, md5=7ac4f7c12576f6f3498e48558a3c6d26), JarFileInfo(uniqueName=jugg-repackage-asm-tree-9.8.jar, url=https://jugg.sickworm.com/download_hot_update?version=3.0.35-release&fileKey=jugg-repackage-asm-tree-9.8.jar, md5=f9e2cd9467098c52d353736c12407e70), JarFileInfo(uniqueName=jugg-repackage-asm-commons-9.8.jar, url=https://jugg.sickworm.com/download_hot_update?version=3.0.35-release&fileKey=jugg-repackage-asm-commons-9.8.jar, md5=669e4797e611944b7ee7e05be66668a3), JarFileInfo(uniqueName=commons-codec-1.16.0.jar, url=https://jugg.sickworm.com/download_hot_update?version=3.0.35-release&fileKey=commons-codec-1.16.0.jar, md5=6e26920fa7228891980890cce06b718c), JarFileInfo(uniqueName=baseLibrary-8.7.3.jar, url=https://jugg.sickworm.com/download_hot_update?version=3.0.35-release&fileKey=baseLibrary-8.7.3.jar, md5=d4fb415454f1c7211401c41c9be31e05), JarFileInfo(uniqueName=databinding-common-8.7.3.jar, url=https://jugg.sickworm.com/download_hot_update?version=3.0.35-release&fileKey=databinding-common-8.7.3.jar, md5=53eabd81209a65d44483e3f3460cda42), JarFileInfo(uniqueName=org.eclipse.jgit-6.8.0.202311291450-r.jar, url=https://jugg.sickworm.com/download_hot_update?version=3.0.35-release&fileKey=org.eclipse.jgit-6.8.0.202311291450-r.jar, md5=7b4362927e7a0f004ce94fd589dfb0ce), JarFileInfo(uniqueName=jakarta.activation-api-1.2.1.jar, url=https://jugg.sickworm.com/download_hot_update?version=3.0.35-release&fileKey=jakarta.activation-api-1.2.1.jar, md5=9b647398add993324d3d9e5effa6005a), JarFileInfo(uniqueName=dex-reader-api-2.1.jar, url=https://jugg.sickworm.com/download_hot_update?version=3.0.35-release&fileKey=dex-reader-api-2.1.jar, md5=5127ff8b033d6abe773d1b45d6ad7098), JarFileInfo(uniqueName=jaxb-runtime-2.3.2.jar, url=https://jugg.sickworm.com/download_hot_update?version=3.0.35-release&fileKey=jaxb-runtime-2.3.2.jar, md5=9c3bf13a58e56c1b955bf5a365ca10b2), JarFileInfo(uniqueName=kotlin-compiler-embeddable-1.9.23.jar, url=https://jugg.sickworm.com/download_hot_update?version=3.0.35-release&fileKey=kotlin-compiler-embeddable-1.9.23.jar, md5=197302b41a67b9e516873683cf3925b8), JarFileInfo(uniqueName=okio-jvm-3.6.0.jar, url=https://jugg.sickworm.com/download_hot_update?version=3.0.35-release&fileKey=okio-jvm-3.6.0.jar, md5=26370180ff99a7e8a12dcaac2a70cc6e), JarFileInfo(uniqueName=r8-8.4.21.jar, url=https://jugg.sickworm.com/download_hot_update?version=3.0.35-release&fileKey=r8-8.4.21.jar, md5=4c0eab3750756708f6a9da1d703a9046), JarFileInfo(uniqueName=juniversalchardet-1.0.3.jar, url=https://jugg.sickworm.com/download_hot_update?version=3.0.35-release&fileKey=juniversalchardet-1.0.3.jar, md5=d9ea0a9a275336c175b343f2e4cd8f27), JarFileInfo(uniqueName=dex-reader-2.1.jar, url=https://jugg.sickworm.com/download_hot_update?version=3.0.35-release&fileKey=dex-reader-2.1.jar, md5=0707784d37773cc37070fa7a672b979a), JarFileInfo(uniqueName=arscblamer-1.2.0.jar, url=https://jugg.sickworm.com/download_hot_update?version=3.0.35-release&fileKey=arscblamer-1.2.0.jar, md5=c35033307f3c63655c46c453ccd187c8), JarFileInfo(uniqueName=v_quail-786a1a6f2.jar, url=https://jugg.sickworm.com/download_hot_update?version=3.0.35-release&fileKey=v_quail-786a1a6f2.jar, md5=63f906d7c18cb808b56ee15b21550c4e), JarFileInfo(uniqueName=annotations-31.7.3.jar, url=https://jugg.sickworm.com/download_hot_update?version=3.0.35-release&fileKey=annotations-31.7.3.jar, md5=7be23e27227539b36c14255f6e90d537), JarFileInfo(uniqueName=v_panda-0bd665c7d.jar, url=https://jugg.sickworm.com/download_hot_update?version=3.0.35-release&fileKey=v_panda-0bd665c7d.jar, md5=74d91a4040f938089b01437b29867cd9), JarFileInfo(uniqueName=stax-ex-1.8.1.jar, url=https://jugg.sickworm.com/download_hot_update?version=3.0.35-release&fileKey=stax-ex-1.8.1.jar, md5=8fea4418fa80e957e39c174cec08053c), JarFileInfo(uniqueName=okhttp-4.12.0.jar, url=https://jugg.sickworm.com/download_hot_update?version=3.0.35-release&fileKey=okhttp-4.12.0.jar, md5=6acba053af88fed87e710c6c29911d7c), JarFileInfo(uniqueName=dex-writer-2.1.jar, url=https://jugg.sickworm.com/download_hot_update?version=3.0.35-release&fileKey=dex-writer-2.1.jar, md5=401ec8782c0febd65ecac023d3ab90ad), JarFileInfo(uniqueName=v_iguana-12dc464b5.jar, url=https://jugg.sickworm.com/download_hot_update?version=3.0.35-release&fileKey=v_iguana-12dc464b5.jar, md5=91471d80b5a8aca52dad8764340a65fc), JarFileInfo(uniqueName=kotlin-stdlib-2.2.21.jar, url=https://jugg.sickworm.com/download_hot_update?version=3.0.35-release&fileKey=kotlin-stdlib-2.2.21.jar, md5=493bc156c79fe10064e9f6b605c8297c), JarFileInfo(uniqueName=kotlinx-coroutines-core-jvm-1.6.4.jar, url=https://jugg.sickworm.com/download_hot_update?version=3.0.35-release&fileKey=kotlinx-coroutines-core-jvm-1.6.4.jar, md5=9ba1873872fe1406d39bc40683050c45), JarFileInfo(uniqueName=commons-io-2.13.0.jar, url=https://jugg.sickworm.com/download_hot_update?version=3.0.35-release&fileKey=commons-io-2.13.0.jar, md5=8d000fa8939b71b8894637f0ef6ea28c), JarFileInfo(uniqueName=jugg-repackage-asm-9.8.jar, url=https://jugg.sickworm.com/download_hot_update?version=3.0.35-release&fileKey=jugg-repackage-asm-9.8.jar, md5=83193072c4e696be9de47a8a7a5d4ad1), JarFileInfo(uniqueName=idea-3.0.35-release.jar, url=https://jugg.sickworm.com/download_hot_update?version=3.0.35-release&fileKey=idea-3.0.35-release.jar, md5=37fdb17712746aaae3b7e00d4c392569), JarFileInfo(uniqueName=kotlin-android-extensions-1.9.23_modified.jar, url=https://jugg.sickworm.com/download_hot_update?version=3.0.35-release&fileKey=kotlin-android-extensions-1.9.23_modified.jar, md5=e5ef8e367b28103cdb2e497f4bf63545), JarFileInfo(uniqueName=auto-common-0.10.jar, url=https://jugg.sickworm.com/download_hot_update?version=3.0.35-release&fileKey=auto-common-0.10.jar, md5=1d531d399cde06e9ab49b7d84e7603dc), JarFileInfo(uniqueName=kotlin-metadata-jvm-2.2.21.jar, url=https://jugg.sickworm.com/download_hot_update?version=3.0.35-release&fileKey=kotlin-metadata-jvm-2.2.21.jar, md5=8a642fb1eaaaedfc37a11a0754e6802c), JarFileInfo(uniqueName=jsch-0.2.16.jar, url=https://jugg.sickworm.com/download_hot_update?version=3.0.35-release&fileKey=jsch-0.2.16.jar, md5=589aba7ea9cd9d438307c5076997c479), JarFileInfo(uniqueName=v_chipmunk-21061cc13.jar, url=https://jugg.sickworm.com/download_hot_update?version=3.0.35-release&fileKey=v_chipmunk-21061cc13.jar, md5=415de684987d18b0cb7e61effa43f666), JarFileInfo(uniqueName=kotlin-stdlib-jdk8-1.9.23.jar, url=https://jugg.sickworm.com/download_hot_update?version=3.0.35-release&fileKey=kotlin-stdlib-jdk8-1.9.23.jar, md5=c98840426f61010d8212343807f646e8), JarFileInfo(uniqueName=main-3a9e106d9.jar, url=https://jugg.sickworm.com/download_hot_update?version=3.0.35-release&fileKey=main-3a9e106d9.jar, md5=8087bbc77c68ea1d84e88e5fd4246906), JarFileInfo(uniqueName=interface-1d2fe1215.jar, url=https://jugg.sickworm.com/download_hot_update?version=3.0.35-release&fileKey=interface-1d2fe1215.jar, md5=334b52cc7d5ee3c48bbcd6baf84718a0), JarFileInfo(uniqueName=sqlite-jdbc-3.42.0.0-lite.jar, url=https://jugg.sickworm.com/download_hot_update?version=3.0.35-release&fileKey=sqlite-jdbc-3.42.0.0-lite.jar, md5=3a6532c30c1842c5d5bacb8317077719), JarFileInfo(uniqueName=istack-commons-runtime-3.0.8.jar, url=https://jugg.sickworm.com/download_hot_update?version=3.0.35-release&fileKey=istack-commons-runtime-3.0.8.jar, md5=d8555a2f242c55d6727b4d0e82ab8446), JarFileInfo(uniqueName=jetifier-core-1.0.0-beta10.jar, url=https://jugg.sickworm.com/download_hot_update?version=3.0.35-release&fileKey=jetifier-core-1.0.0-beta10.jar, md5=45a718d6bdbf73f9450dec94c2880f6c), JarFileInfo(uniqueName=txw2-2.3.2.jar, url=https://jugg.sickworm.com/download_hot_update?version=3.0.35-release&fileKey=txw2-2.3.2.jar, md5=3f278f148c5d27dc608c25cb7d093b94), JarFileInfo(uniqueName=v_meerkat-6717fd4bd.jar, url=https://jugg.sickworm.com/download_hot_update?version=3.0.35-release&fileKey=v_meerkat-6717fd4bd.jar, md5=9264e92c605fbde63e3dcb881c9b33e4), JarFileInfo(uniqueName=javaparser-core-3.17.0.jar, url=https://jugg.sickworm.com/download_hot_update?version=3.0.35-release&fileKey=javaparser-core-3.17.0.jar, md5=1cdfeabd6f748e469816a447c54f096e), JarFileInfo(uniqueName=v_hedgehog-3f5b2d677.jar, url=https://jugg.sickworm.com/download_hot_update?version=3.0.35-release&fileKey=v_hedgehog-3f5b2d677.jar, md5=1ca40429561290993e4c6770c803804b)], isNeedReinstall=false)
[2026-08-04 14:49:57.554] [FINE   ] [JuggHotUpdateDownloader] downloadHotUpdate isUpdatedThisRuntime=true, just mark it success
[2026-08-04 14:49:58.535] [FINE   ] [JuggHotUpdateDownloader] checkHotUpdate: HotUpdateData(isNeedUpdate=true, targetVersion=3.0.35-release, updateInfo=NotificationData(title=Jugg 已更新至：3.0.35-release, content=<html><p>更新内容：(2026.07.23)</p><p>1. 修复复合工程存在同名 app 模块时 Application R.jar 丢失，导致增量编译找不到 R 的问题</p><p>2. 隐藏可恢复的 DataBinding 编译失败警告，仅保留调试日志</p><p>3. 修复 Android Studio Quail 单选设备时错误部署到所有已连接设备的问题</p></html>, buttonText=null, jumpUrl=null, isSticky=true), jarFileInfos=[JarFileInfo(uniqueName=kotlin-daemon-embeddable-1.9.23.jar, url=https://jugg.sickworm.com/download_hot_update?version=3.0.35-release&fileKey=kotlin-daemon-embeddable-1.9.23.jar, md5=9b1362b8576bd085058d8be2ae34c316), JarFileInfo(uniqueName=trove4j-1.0.20200330.jar, url=https://jugg.sickworm.com/download_hot_update?version=3.0.35-release&fileKey=trove4j-1.0.20200330.jar, md5=bb75697e375d588a9d3f8f2653b30f77), JarFileInfo(uniqueName=v_narwhal-12dc464b5.jar, url=https://jugg.sickworm.com/download_hot_update?version=3.0.35-release&fileKey=v_narwhal-12dc464b5.jar, md5=1c87efc67da528bb93b3ecf026320a7e), JarFileInfo(uniqueName=kotlin-reflect-1.9.23.jar, url=https://jugg.sickworm.com/download_hot_update?version=3.0.35-release&fileKey=kotlin-reflect-1.9.23.jar, md5=08f576baf497678c7a08b5cd14bc707a), JarFileInfo(uniqueName=databinding-compiler-common-8.7.3.jar, url=https://jugg.sickworm.com/download_hot_update?version=3.0.35-release&fileKey=databinding-compiler-common-8.7.3.jar, md5=eab0027e90ef13434c8d7e23e68cc3bb), JarFileInfo(uniqueName=JavaEWAH-1.2.3.jar, url=https://jugg.sickworm.com/download_hot_update?version=3.0.35-release&fileKey=JavaEWAH-1.2.3.jar, md5=8fdeda28c1fb10e67b3d79f86bef5e61), JarFileInfo(uniqueName=kotlinx-metadata-jvm-0.9.0.jar, url=https://jugg.sickworm.com/download_hot_update?version=3.0.35-release&fileKey=kotlinx-metadata-jvm-0.9.0.jar, md5=b339ca5ef7c29e18529bf487a0fb9f4d), JarFileInfo(uniqueName=v_narwhal_feature-12dc464b5.jar, url=https://jugg.sickworm.com/download_hot_update?version=3.0.35-release&fileKey=v_narwhal_feature-12dc464b5.jar, md5=21d5b536f6e1da6fd7722986d8cec17f), JarFileInfo(uniqueName=kotlin-script-runtime-1.9.23.jar, url=https://jugg.sickworm.com/download_hot_update?version=3.0.35-release&fileKey=kotlin-script-runtime-1.9.23.jar, md5=c741a84781d9661f79b3ad7b3cac63d5), JarFileInfo(uniqueName=FastInfoset-1.2.16.jar, url=https://jugg.sickworm.com/download_hot_update?version=3.0.35-release&fileKey=FastInfoset-1.2.16.jar, md5=f7f4be4695e2501a6d585beca305c74c), JarFileInfo(uniqueName=kotlin-stdlib-jdk7-1.9.23.jar, url=https://jugg.sickworm.com/download_hot_update?version=3.0.35-release&fileKey=kotlin-stdlib-jdk7-1.9.23.jar, md5=3818d01fbd742c4ef31bdccaa1825524), JarFileInfo(uniqueName=jakarta.xml.bind-api-2.3.2.jar, url=https://jugg.sickworm.com/download_hot_update?version=3.0.35-release&fileKey=jakarta.xml.bind-api-2.3.2.jar, md5=dabb40ba58199304c640b7bd8bb2fbac), JarFileInfo(uniqueName=gson-2.10.1.jar, url=https://jugg.sickworm.com/download_hot_update?version=3.0.35-release&fileKey=gson-2.10.1.jar, md5=df6097815738cb31fc56391553210843), JarFileInfo(uniqueName=databinding-compiler-8.7.3.jar, url=https://jugg.sickworm.com/download_hot_update?version=3.0.35-release&fileKey=databinding-compiler-8.7.3.jar, md5=20c1d22a79fcfed926a47493708c1c02), JarFileInfo(uniqueName=javapoet-1.10.0.jar, url=https://jugg.sickworm.com/download_hot_update?version=3.0.35-release&fileKey=javapoet-1.10.0.jar, md5=58f542814fa3501790a57c212f20dafe), JarFileInfo(uniqueName=v_otter-0bd665c7d.jar, url=https://jugg.sickworm.com/download_hot_update?version=3.0.35-release&fileKey=v_otter-0bd665c7d.jar, md5=c6c18314450bcb3a8966af031dbfbbca), JarFileInfo(uniqueName=annotations-13.0.jar, url=https://jugg.sickworm.com/download_hot_update?version=3.0.35-release&fileKey=annotations-13.0.jar, md5=f4fb462172517b46b6cd90003508515a), JarFileInfo(uniqueName=aapt2-inclink-ae75b9235.jar, url=https://jugg.sickworm.com/download_hot_update?version=3.0.35-release&fileKey=aapt2-inclink-ae75b9235.jar, md5=5a950f00b73be8231db08ce156bd084e), JarFileInfo(uniqueName=classgraph-4.8.110.jar, url=https://jugg.sickworm.com/download_hot_update?version=3.0.35-release&fileKey=classgraph-4.8.110.jar, md5=8a9143146fb4e5089159a8eba84c34ee), JarFileInfo(uniqueName=v_giraffe-21061cc13.jar, url=https://jugg.sickworm.com/download_hot_update?version=3.0.35-release&fileKey=v_giraffe-21061cc13.jar, md5=7ac4f7c12576f6f3498e48558a3c6d26), JarFileInfo(uniqueName=jugg-repackage-asm-tree-9.8.jar, url=https://jugg.sickworm.com/download_hot_update?version=3.0.35-release&fileKey=jugg-repackage-asm-tree-9.8.jar, md5=f9e2cd9467098c52d353736c12407e70), JarFileInfo(uniqueName=jugg-repackage-asm-commons-9.8.jar, url=https://jugg.sickworm.com/download_hot_update?version=3.0.35-release&fileKey=jugg-repackage-asm-commons-9.8.jar, md5=669e4797e611944b7ee7e05be66668a3), JarFileInfo(uniqueName=commons-codec-1.16.0.jar, url=https://jugg.sickworm.com/download_hot_update?version=3.0.35-release&fileKey=commons-codec-1.16.0.jar, md5=6e26920fa7228891980890cce06b718c), JarFileInfo(uniqueName=baseLibrary-8.7.3.jar, url=https://jugg.sickworm.com/download_hot_update?version=3.0.35-release&fileKey=baseLibrary-8.7.3.jar, md5=d4fb415454f1c7211401c41c9be31e05), JarFileInfo(uniqueName=databinding-common-8.7.3.jar, url=https://jugg.sickworm.com/download_hot_update?version=3.0.35-release&fileKey=databinding-common-8.7.3.jar, md5=53eabd81209a65d44483e3f3460cda42), JarFileInfo(uniqueName=org.eclipse.jgit-6.8.0.202311291450-r.jar, url=https://jugg.sickworm.com/download_hot_update?version=3.0.35-release&fileKey=org.eclipse.jgit-6.8.0.202311291450-r.jar, md5=7b4362927e7a0f004ce94fd589dfb0ce), JarFileInfo(uniqueName=jakarta.activation-api-1.2.1.jar, url=https://jugg.sickworm.com/download_hot_update?version=3.0.35-release&fileKey=jakarta.activation-api-1.2.1.jar, md5=9b647398add993324d3d9e5effa6005a), JarFileInfo(uniqueName=dex-reader-api-2.1.jar, url=https://jugg.sickworm.com/download_hot_update?version=3.0.35-release&fileKey=dex-reader-api-2.1.jar, md5=5127ff8b033d6abe773d1b45d6ad7098), JarFileInfo(uniqueName=jaxb-runtime-2.3.2.jar, url=https://jugg.sickworm.com/download_hot_update?version=3.0.35-release&fileKey=jaxb-runtime-2.3.2.jar, md5=9c3bf13a58e56c1b955bf5a365ca10b2), JarFileInfo(uniqueName=kotlin-compiler-embeddable-1.9.23.jar, url=https://jugg.sickworm.com/download_hot_update?version=3.0.35-release&fileKey=kotlin-compiler-embeddable-1.9.23.jar, md5=197302b41a67b9e516873683cf3925b8), JarFileInfo(uniqueName=okio-jvm-3.6.0.jar, url=https://jugg.sickworm.com/download_hot_update?version=3.0.35-release&fileKey=okio-jvm-3.6.0.jar, md5=26370180ff99a7e8a12dcaac2a70cc6e), JarFileInfo(uniqueName=r8-8.4.21.jar, url=https://jugg.sickworm.com/download_hot_update?version=3.0.35-release&fileKey=r8-8.4.21.jar, md5=4c0eab3750756708f6a9da1d703a9046), JarFileInfo(uniqueName=juniversalchardet-1.0.3.jar, url=https://jugg.sickworm.com/download_hot_update?version=3.0.35-release&fileKey=juniversalchardet-1.0.3.jar, md5=d9ea0a9a275336c175b343f2e4cd8f27), JarFileInfo(uniqueName=dex-reader-2.1.jar, url=https://jugg.sickworm.com/download_hot_update?version=3.0.35-release&fileKey=dex-reader-2.1.jar, md5=0707784d37773cc37070fa7a672b979a), JarFileInfo(uniqueName=arscblamer-1.2.0.jar, url=https://jugg.sickworm.com/download_hot_update?version=3.0.35-release&fileKey=arscblamer-1.2.0.jar, md5=c35033307f3c63655c46c453ccd187c8), JarFileInfo(uniqueName=v_quail-786a1a6f2.jar, url=https://jugg.sickworm.com/download_hot_update?version=3.0.35-release&fileKey=v_quail-786a1a6f2.jar, md5=63f906d7c18cb808b56ee15b21550c4e), JarFileInfo(uniqueName=annotations-31.7.3.jar, url=https://jugg.sickworm.com/download_hot_update?version=3.0.35-release&fileKey=annotations-31.7.3.jar, md5=7be23e27227539b36c14255f6e90d537), JarFileInfo(uniqueName=v_panda-0bd665c7d.jar, url=https://jugg.sickworm.com/download_hot_update?version=3.0.35-release&fileKey=v_panda-0bd665c7d.jar, md5=74d91a4040f938089b01437b29867cd9), JarFileInfo(uniqueName=stax-ex-1.8.1.jar, url=https://jugg.sickworm.com/download_hot_update?version=3.0.35-release&fileKey=stax-ex-1.8.1.jar, md5=8fea4418fa80e957e39c174cec08053c), JarFileInfo(uniqueName=okhttp-4.12.0.jar, url=https://jugg.sickworm.com/download_hot_update?version=3.0.35-release&fileKey=okhttp-4.12.0.jar, md5=6acba053af88fed87e710c6c29911d7c), JarFileInfo(uniqueName=dex-writer-2.1.jar, url=https://jugg.sickworm.com/download_hot_update?version=3.0.35-release&fileKey=dex-writer-2.1.jar, md5=401ec8782c0febd65ecac023d3ab90ad), JarFileInfo(uniqueName=v_iguana-12dc464b5.jar, url=https://jugg.sickworm.com/download_hot_update?version=3.0.35-release&fileKey=v_iguana-12dc464b5.jar, md5=91471d80b5a8aca52dad8764340a65fc), JarFileInfo(uniqueName=kotlin-stdlib-2.2.21.jar, url=https://jugg.sickworm.com/download_hot_update?version=3.0.35-release&fileKey=kotlin-stdlib-2.2.21.jar, md5=493bc156c79fe10064e9f6b605c8297c), JarFileInfo(uniqueName=kotlinx-coroutines-core-jvm-1.6.4.jar, url=https://jugg.sickworm.com/download_hot_update?version=3.0.35-release&fileKey=kotlinx-coroutines-core-jvm-1.6.4.jar, md5=9ba1873872fe1406d39bc40683050c45), JarFileInfo(uniqueName=commons-io-2.13.0.jar, url=https://jugg.sickworm.com/download_hot_update?version=3.0.35-release&fileKey=commons-io-2.13.0.jar, md5=8d000fa8939b71b8894637f0ef6ea28c), JarFileInfo(uniqueName=jugg-repackage-asm-9.8.jar, url=https://jugg.sickworm.com/download_hot_update?version=3.0.35-release&fileKey=jugg-repackage-asm-9.8.jar, md5=83193072c4e696be9de47a8a7a5d4ad1), JarFileInfo(uniqueName=idea-3.0.35-release.jar, url=https://jugg.sickworm.com/download_hot_update?version=3.0.35-release&fileKey=idea-3.0.35-release.jar, md5=37fdb17712746aaae3b7e00d4c392569), JarFileInfo(uniqueName=kotlin-android-extensions-1.9.23_modified.jar, url=https://jugg.sickworm.com/download_hot_update?version=3.0.35-release&fileKey=kotlin-android-extensions-1.9.23_modified.jar, md5=e5ef8e367b28103cdb2e497f4bf63545), JarFileInfo(uniqueName=auto-common-0.10.jar, url=https://jugg.sickworm.com/download_hot_update?version=3.0.35-release&fileKey=auto-common-0.10.jar, md5=1d531d399cde06e9ab49b7d84e7603dc), JarFileInfo(uniqueName=kotlin-metadata-jvm-2.2.21.jar, url=https://jugg.sickworm.com/download_hot_update?version=3.0.35-release&fileKey=kotlin-metadata-jvm-2.2.21.jar, md5=8a642fb1eaaaedfc37a11a0754e6802c), JarFileInfo(uniqueName=jsch-0.2.16.jar, url=https://jugg.sickworm.com/download_hot_update?version=3.0.35-release&fileKey=jsch-0.2.16.jar, md5=589aba7ea9cd9d438307c5076997c479), JarFileInfo(uniqueName=v_chipmunk-21061cc13.jar, url=https://jugg.sickworm.com/download_hot_update?version=3.0.35-release&fileKey=v_chipmunk-21061cc13.jar, md5=415de684987d18b0cb7e61effa43f666), JarFileInfo(uniqueName=kotlin-stdlib-jdk8-1.9.23.jar, url=https://jugg.sickworm.com/download_hot_update?version=3.0.35-release&fileKey=kotlin-stdlib-jdk8-1.9.23.jar, md5=c98840426f61010d8212343807f646e8), JarFileInfo(uniqueName=main-3a9e106d9.jar, url=https://jugg.sickworm.com/download_hot_update?version=3.0.35-release&fileKey=main-3a9e106d9.jar, md5=8087bbc77c68ea1d84e88e5fd4246906), JarFileInfo(uniqueName=interface-1d2fe1215.jar, url=https://jugg.sickworm.com/download_hot_update?version=3.0.35-release&fileKey=interface-1d2fe1215.jar, md5=334b52cc7d5ee3c48bbcd6baf84718a0), JarFileInfo(uniqueName=sqlite-jdbc-3.42.0.0-lite.jar, url=https://jugg.sickworm.com/download_hot_update?version=3.0.35-release&fileKey=sqlite-jdbc-3.42.0.0-lite.jar, md5=3a6532c30c1842c5d5bacb8317077719), JarFileInfo(uniqueName=istack-commons-runtime-3.0.8.jar, url=https://jugg.sickworm.com/download_hot_update?version=3.0.35-release&fileKey=istack-commons-runtime-3.0.8.jar, md5=d8555a2f242c55d6727b4d0e82ab8446), JarFileInfo(uniqueName=jetifier-core-1.0.0-beta10.jar, url=https://jugg.sickworm.com/download_hot_update?version=3.0.35-release&fileKey=jetifier-core-1.0.0-beta10.jar, md5=45a718d6bdbf73f9450dec94c2880f6c), JarFileInfo(uniqueName=txw2-2.3.2.jar, url=https://jugg.sickworm.com/download_hot_update?version=3.0.35-release&fileKey=txw2-2.3.2.jar, md5=3f278f148c5d27dc608c25cb7d093b94), JarFileInfo(uniqueName=v_meerkat-6717fd4bd.jar, url=https://jugg.sickworm.com/download_hot_update?version=3.0.35-release&fileKey=v_meerkat-6717fd4bd.jar, md5=9264e92c605fbde63e3dcb881c9b33e4), JarFileInfo(uniqueName=javaparser-core-3.17.0.jar, url=https://jugg.sickworm.com/download_hot_update?version=3.0.35-release&fileKey=javaparser-core-3.17.0.jar, md5=1cdfeabd6f748e469816a447c54f096e), JarFileInfo(uniqueName=v_hedgehog-3f5b2d677.jar, url=https://jugg.sickworm.com/download_hot_update?version=3.0.35-release&fileKey=v_hedgehog-3f5b2d677.jar, md5=1ca40429561290993e4c6770c803804b)], isNeedReinstall=false)
[2026-08-04 14:49:58.537] [FINE   ] [JuggHotUpdateDownloader] downloadHotUpdate isUpdatedThisRuntime=true, just mark it success
[2026-08-04 14:50:21.823] [FINE   ] [JuggHotUpdateDownloader] checkHotUpdate: HotUpdateData(isNeedUpdate=true, targetVersion=3.0.35-release, updateInfo=NotificationData(title=Jugg 已更新至：3.0.35-release, content=<html><p>更新内容：(2026.07.23)</p><p>1. 修复复合工程存在同名 app 模块时 Application R.jar 丢失，导致增量编译找不到 R 的问题</p><p>2. 隐藏可恢复的 DataBinding 编译失败警告，仅保留调试日志</p><p>3. 修复 Android Studio Quail 单选设备时错误部署到所有已连接设备的问题</p></html>, buttonText=null, jumpUrl=null, isSticky=true), jarFileInfos=[JarFileInfo(uniqueName=kotlin-daemon-embeddable-1.9.23.jar, url=https://jugg.sickworm.com/download_hot_update?version=3.0.35-release&fileKey=kotlin-daemon-embeddable-1.9.23.jar, md5=9b1362b8576bd085058d8be2ae34c316), JarFileInfo(uniqueName=trove4j-1.0.20200330.jar, url=https://jugg.sickworm.com/download_hot_update?version=3.0.35-release&fileKey=trove4j-1.0.20200330.jar, md5=bb75697e375d588a9d3f8f2653b30f77), JarFileInfo(uniqueName=v_narwhal-12dc464b5.jar, url=https://jugg.sickworm.com/download_hot_update?version=3.0.35-release&fileKey=v_narwhal-12dc464b5.jar, md5=1c87efc67da528bb93b3ecf026320a7e), JarFileInfo(uniqueName=kotlin-reflect-1.9.23.jar, url=https://jugg.sickworm.com/download_hot_update?version=3.0.35-release&fileKey=kotlin-reflect-1.9.23.jar, md5=08f576baf497678c7a08b5cd14bc707a), JarFileInfo(uniqueName=databinding-compiler-common-8.7.3.jar, url=https://jugg.sickworm.com/download_hot_update?version=3.0.35-release&fileKey=databinding-compiler-common-8.7.3.jar, md5=eab0027e90ef13434c8d7e23e68cc3bb), JarFileInfo(uniqueName=JavaEWAH-1.2.3.jar, url=https://jugg.sickworm.com/download_hot_update?version=3.0.35-release&fileKey=JavaEWAH-1.2.3.jar, md5=8fdeda28c1fb10e67b3d79f86bef5e61), JarFileInfo(uniqueName=kotlinx-metadata-jvm-0.9.0.jar, url=https://jugg.sickworm.com/download_hot_update?version=3.0.35-release&fileKey=kotlinx-metadata-jvm-0.9.0.jar, md5=b339ca5ef7c29e18529bf487a0fb9f4d), JarFileInfo(uniqueName=v_narwhal_feature-12dc464b5.jar, url=https://jugg.sickworm.com/download_hot_update?version=3.0.35-release&fileKey=v_narwhal_feature-12dc464b5.jar, md5=21d5b536f6e1da6fd7722986d8cec17f), JarFileInfo(uniqueName=kotlin-script-runtime-1.9.23.jar, url=https://jugg.sickworm.com/download_hot_update?version=3.0.35-release&fileKey=kotlin-script-runtime-1.9.23.jar, md5=c741a84781d9661f79b3ad7b3cac63d5), JarFileInfo(uniqueName=FastInfoset-1.2.16.jar, url=https://jugg.sickworm.com/download_hot_update?version=3.0.35-release&fileKey=FastInfoset-1.2.16.jar, md5=f7f4be4695e2501a6d585beca305c74c), JarFileInfo(uniqueName=kotlin-stdlib-jdk7-1.9.23.jar, url=https://jugg.sickworm.com/download_hot_update?version=3.0.35-release&fileKey=kotlin-stdlib-jdk7-1.9.23.jar, md5=3818d01fbd742c4ef31bdccaa1825524), JarFileInfo(uniqueName=jakarta.xml.bind-api-2.3.2.jar, url=https://jugg.sickworm.com/download_hot_update?version=3.0.35-release&fileKey=jakarta.xml.bind-api-2.3.2.jar, md5=dabb40ba58199304c640b7bd8bb2fbac), JarFileInfo(uniqueName=gson-2.10.1.jar, url=https://jugg.sickworm.com/download_hot_update?version=3.0.35-release&fileKey=gson-2.10.1.jar, md5=df6097815738cb31fc56391553210843), JarFileInfo(uniqueName=databinding-compiler-8.7.3.jar, url=https://jugg.sickworm.com/download_hot_update?version=3.0.35-release&fileKey=databinding-compiler-8.7.3.jar, md5=20c1d22a79fcfed926a47493708c1c02), JarFileInfo(uniqueName=javapoet-1.10.0.jar, url=https://jugg.sickworm.com/download_hot_update?version=3.0.35-release&fileKey=javapoet-1.10.0.jar, md5=58f542814fa3501790a57c212f20dafe), JarFileInfo(uniqueName=v_otter-0bd665c7d.jar, url=https://jugg.sickworm.com/download_hot_update?version=3.0.35-release&fileKey=v_otter-0bd665c7d.jar, md5=c6c18314450bcb3a8966af031dbfbbca), JarFileInfo(uniqueName=annotations-13.0.jar, url=https://jugg.sickworm.com/download_hot_update?version=3.0.35-release&fileKey=annotations-13.0.jar, md5=f4fb462172517b46b6cd90003508515a), JarFileInfo(uniqueName=aapt2-inclink-ae75b9235.jar, url=https://jugg.sickworm.com/download_hot_update?version=3.0.35-release&fileKey=aapt2-inclink-ae75b9235.jar, md5=5a950f00b73be8231db08ce156bd084e), JarFileInfo(uniqueName=classgraph-4.8.110.jar, url=https://jugg.sickworm.com/download_hot_update?version=3.0.35-release&fileKey=classgraph-4.8.110.jar, md5=8a9143146fb4e5089159a8eba84c34ee), JarFileInfo(uniqueName=v_giraffe-21061cc13.jar, url=https://jugg.sickworm.com/download_hot_update?version=3.0.35-release&fileKey=v_giraffe-21061cc13.jar, md5=7ac4f7c12576f6f3498e48558a3c6d26), JarFileInfo(uniqueName=jugg-repackage-asm-tree-9.8.jar, url=https://jugg.sickworm.com/download_hot_update?version=3.0.35-release&fileKey=jugg-repackage-asm-tree-9.8.jar, md5=f9e2cd9467098c52d353736c12407e70), JarFileInfo(uniqueName=jugg-repackage-asm-commons-9.8.jar, url=https://jugg.sickworm.com/download_hot_update?version=3.0.35-release&fileKey=jugg-repackage-asm-commons-9.8.jar, md5=669e4797e611944b7ee7e05be66668a3), JarFileInfo(uniqueName=commons-codec-1.16.0.jar, url=https://jugg.sickworm.com/download_hot_update?version=3.0.35-release&fileKey=commons-codec-1.16.0.jar, md5=6e26920fa7228891980890cce06b718c), JarFileInfo(uniqueName=baseLibrary-8.7.3.jar, url=https://jugg.sickworm.com/download_hot_update?version=3.0.35-release&fileKey=baseLibrary-8.7.3.jar, md5=d4fb415454f1c7211401c41c9be31e05), JarFileInfo(uniqueName=databinding-common-8.7.3.jar, url=https://jugg.sickworm.com/download_hot_update?version=3.0.35-release&fileKey=databinding-common-8.7.3.jar, md5=53eabd81209a65d44483e3f3460cda42), JarFileInfo(uniqueName=org.eclipse.jgit-6.8.0.202311291450-r.jar, url=https://jugg.sickworm.com/download_hot_update?version=3.0.35-release&fileKey=org.eclipse.jgit-6.8.0.202311291450-r.jar, md5=7b4362927e7a0f004ce94fd589dfb0ce), JarFileInfo(uniqueName=jakarta.activation-api-1.2.1.jar, url=https://jugg.sickworm.com/download_hot_update?version=3.0.35-release&fileKey=jakarta.activation-api-1.2.1.jar, md5=9b647398add993324d3d9e5effa6005a), JarFileInfo(uniqueName=dex-reader-api-2.1.jar, url=https://jugg.sickworm.com/download_hot_update?version=3.0.35-release&fileKey=dex-reader-api-2.1.jar, md5=5127ff8b033d6abe773d1b45d6ad7098), JarFileInfo(uniqueName=jaxb-runtime-2.3.2.jar, url=https://jugg.sickworm.com/download_hot_update?version=3.0.35-release&fileKey=jaxb-runtime-2.3.2.jar, md5=9c3bf13a58e56c1b955bf5a365ca10b2), JarFileInfo(uniqueName=kotlin-compiler-embeddable-1.9.23.jar, url=https://jugg.sickworm.com/download_hot_update?version=3.0.35-release&fileKey=kotlin-compiler-embeddable-1.9.23.jar, md5=197302b41a67b9e516873683cf3925b8), JarFileInfo(uniqueName=okio-jvm-3.6.0.jar, url=https://jugg.sickworm.com/download_hot_update?version=3.0.35-release&fileKey=okio-jvm-3.6.0.jar, md5=26370180ff99a7e8a12dcaac2a70cc6e), JarFileInfo(uniqueName=r8-8.4.21.jar, url=https://jugg.sickworm.com/download_hot_update?version=3.0.35-release&fileKey=r8-8.4.21.jar, md5=4c0eab3750756708f6a9da1d703a9046), JarFileInfo(uniqueName=juniversalchardet-1.0.3.jar, url=https://jugg.sickworm.com/download_hot_update?version=3.0.35-release&fileKey=juniversalchardet-1.0.3.jar, md5=d9ea0a9a275336c175b343f2e4cd8f27), JarFileInfo(uniqueName=dex-reader-2.1.jar, url=https://jugg.sickworm.com/download_hot_update?version=3.0.35-release&fileKey=dex-reader-2.1.jar, md5=0707784d37773cc37070fa7a672b979a), JarFileInfo(uniqueName=arscblamer-1.2.0.jar, url=https://jugg.sickworm.com/download_hot_update?version=3.0.35-release&fileKey=arscblamer-1.2.0.jar, md5=c35033307f3c63655c46c453ccd187c8), JarFileInfo(uniqueName=v_quail-786a1a6f2.jar, url=https://jugg.sickworm.com/download_hot_update?version=3.0.35-release&fileKey=v_quail-786a1a6f2.jar, md5=63f906d7c18cb808b56ee15b21550c4e), JarFileInfo(uniqueName=annotations-31.7.3.jar, url=https://jugg.sickworm.com/download_hot_update?version=3.0.35-release&fileKey=annotations-31.7.3.jar, md5=7be23e27227539b36c14255f6e90d537), JarFileInfo(uniqueName=v_panda-0bd665c7d.jar, url=https://jugg.sickworm.com/download_hot_update?version=3.0.35-release&fileKey=v_panda-0bd665c7d.jar, md5=74d91a4040f938089b01437b29867cd9), JarFileInfo(uniqueName=stax-ex-1.8.1.jar, url=https://jugg.sickworm.com/download_hot_update?version=3.0.35-release&fileKey=stax-ex-1.8.1.jar, md5=8fea4418fa80e957e39c174cec08053c), JarFileInfo(uniqueName=okhttp-4.12.0.jar, url=https://jugg.sickworm.com/download_hot_update?version=3.0.35-release&fileKey=okhttp-4.12.0.jar, md5=6acba053af88fed87e710c6c29911d7c), JarFileInfo(uniqueName=dex-writer-2.1.jar, url=https://jugg.sickworm.com/download_hot_update?version=3.0.35-release&fileKey=dex-writer-2.1.jar, md5=401ec8782c0febd65ecac023d3ab90ad), JarFileInfo(uniqueName=v_iguana-12dc464b5.jar, url=https://jugg.sickworm.com/download_hot_update?version=3.0.35-release&fileKey=v_iguana-12dc464b5.jar, md5=91471d80b5a8aca52dad8764340a65fc), JarFileInfo(uniqueName=kotlin-stdlib-2.2.21.jar, url=https://jugg.sickworm.com/download_hot_update?version=3.0.35-release&fileKey=kotlin-stdlib-2.2.21.jar, md5=493bc156c79fe10064e9f6b605c8297c), JarFileInfo(uniqueName=kotlinx-coroutines-core-jvm-1.6.4.jar, url=https://jugg.sickworm.com/download_hot_update?version=3.0.35-release&fileKey=kotlinx-coroutines-core-jvm-1.6.4.jar, md5=9ba1873872fe1406d39bc40683050c45), JarFileInfo(uniqueName=commons-io-2.13.0.jar, url=https://jugg.sickworm.com/download_hot_update?version=3.0.35-release&fileKey=commons-io-2.13.0.jar, md5=8d000fa8939b71b8894637f0ef6ea28c), JarFileInfo(uniqueName=jugg-repackage-asm-9.8.jar, url=https://jugg.sickworm.com/download_hot_update?version=3.0.35-release&fileKey=jugg-repackage-asm-9.8.jar, md5=83193072c4e696be9de47a8a7a5d4ad1), JarFileInfo(uniqueName=idea-3.0.35-release.jar, url=https://jugg.sickworm.com/download_hot_update?version=3.0.35-release&fileKey=idea-3.0.35-release.jar, md5=37fdb17712746aaae3b7e00d4c392569), JarFileInfo(uniqueName=kotlin-android-extensions-1.9.23_modified.jar, url=https://jugg.sickworm.com/download_hot_update?version=3.0.35-release&fileKey=kotlin-android-extensions-1.9.23_modified.jar, md5=e5ef8e367b28103cdb2e497f4bf63545), JarFileInfo(uniqueName=auto-common-0.10.jar, url=https://jugg.sickworm.com/download_hot_update?version=3.0.35-release&fileKey=auto-common-0.10.jar, md5=1d531d399cde06e9ab49b7d84e7603dc), JarFileInfo(uniqueName=kotlin-metadata-jvm-2.2.21.jar, url=https://jugg.sickworm.com/download_hot_update?version=3.0.35-release&fileKey=kotlin-metadata-jvm-2.2.21.jar, md5=8a642fb1eaaaedfc37a11a0754e6802c), JarFileInfo(uniqueName=jsch-0.2.16.jar, url=https://jugg.sickworm.com/download_hot_update?version=3.0.35-release&fileKey=jsch-0.2.16.jar, md5=589aba7ea9cd9d438307c5076997c479), JarFileInfo(uniqueName=v_chipmunk-21061cc13.jar, url=https://jugg.sickworm.com/download_hot_update?version=3.0.35-release&fileKey=v_chipmunk-21061cc13.jar, md5=415de684987d18b0cb7e61effa43f666), JarFileInfo(uniqueName=kotlin-stdlib-jdk8-1.9.23.jar, url=https://jugg.sickworm.com/download_hot_update?version=3.0.35-release&fileKey=kotlin-stdlib-jdk8-1.9.23.jar, md5=c98840426f61010d8212343807f646e8), JarFileInfo(uniqueName=main-3a9e106d9.jar, url=https://jugg.sickworm.com/download_hot_update?version=3.0.35-release&fileKey=main-3a9e106d9.jar, md5=8087bbc77c68ea1d84e88e5fd4246906), JarFileInfo(uniqueName=interface-1d2fe1215.jar, url=https://jugg.sickworm.com/download_hot_update?version=3.0.35-release&fileKey=interface-1d2fe1215.jar, md5=334b52cc7d5ee3c48bbcd6baf84718a0), JarFileInfo(uniqueName=sqlite-jdbc-3.42.0.0-lite.jar, url=https://jugg.sickworm.com/download_hot_update?version=3.0.35-release&fileKey=sqlite-jdbc-3.42.0.0-lite.jar, md5=3a6532c30c1842c5d5bacb8317077719), JarFileInfo(uniqueName=istack-commons-runtime-3.0.8.jar, url=https://jugg.sickworm.com/download_hot_update?version=3.0.35-release&fileKey=istack-commons-runtime-3.0.8.jar, md5=d8555a2f242c55d6727b4d0e82ab8446), JarFileInfo(uniqueName=jetifier-core-1.0.0-beta10.jar, url=https://jugg.sickworm.com/download_hot_update?version=3.0.35-release&fileKey=jetifier-core-1.0.0-beta10.jar, md5=45a718d6bdbf73f9450dec94c2880f6c), JarFileInfo(uniqueName=txw2-2.3.2.jar, url=https://jugg.sickworm.com/download_hot_update?version=3.0.35-release&fileKey=txw2-2.3.2.jar, md5=3f278f148c5d27dc608c25cb7d093b94), JarFileInfo(uniqueName=v_meerkat-6717fd4bd.jar, url=https://jugg.sickworm.com/download_hot_update?version=3.0.35-release&fileKey=v_meerkat-6717fd4bd.jar, md5=9264e92c605fbde63e3dcb881c9b33e4), JarFileInfo(uniqueName=javaparser-core-3.17.0.jar, url=https://jugg.sickworm.com/download_hot_update?version=3.0.35-release&fileKey=javaparser-core-3.17.0.jar, md5=1cdfeabd6f748e469816a447c54f096e), JarFileInfo(uniqueName=v_hedgehog-3f5b2d677.jar, url=https://jugg.sickworm.com/download_hot_update?version=3.0.35-release&fileKey=v_hedgehog-3f5b2d677.jar, md5=1ca40429561290993e4c6770c803804b)], isNeedReinstall=false)
[2026-08-04 14:50:21.824] [FINE   ] [JuggHotUpdateDownloader] downloadHotUpdate isUpdatedThisRuntime=true, just mark it success
[2026-08-04 15:26:49.845] [FINE   ] [McpLocalServer] start: Server is already running
